,engagement_count,bet_intent_count
FIXTURE:ufo:mtch:1v7-01y,1408,1408
FIXTURE:ufo:mtch:1ve-00r,1319,1319
FIXTURE:ufo:mtch:1v7-026,1310,1310
FIXTURE:ufo:mtch:1vr-04j,1280,1280
FIXTURE:ufo:mtch:1vc-00q,1241,1241
FIXTURE:ufo:mtch:1vd-01m,1188,1188
FIXTURE:ufo:mtch:1ve-01t,1168,1168
FIXTURE:ufo:mtch:1vk-06v,1128,1128
FIXTURE:ufo:mtch:1vd-010,1097,1097
FIXTURE:ufo:mtch:1vd-01l,1088,1088
FIXTURE:ufo:mtch:1ve-01w,1064,1064
FIXTURE:ufo:mtch:1vd-01r,1011,1011
FIXTURE:ufo:mtch:1v7-024,963,963
FIXTURE:ufo:mtch:1v7-040,951,951
FIXTURE:ufo:mtch:1v3-00b,938,938
FIXTURE:ufo:mtch:1vi-04i,922,922
FIXTURE:ufo:mtch:1vy-01p,911,911
FIXTURE:ufo:mtch:1vy-01t,910,910
FIXTURE:ufo:mtch:1vi-04m,899,899
FIXTURE:ufo:mtch:1v7-00r,896,896
FIXTURE:ufo:mtch:1vj-01b,895,895
FIXTURE:ufo:mtch:1v7-010,850,850
FIXTURE:ufo:mtch:1vd-02w,794,794
FIXTURE:ufo:mtch:1vk-0e0,784,784
FIXTURE:ufo:mtch:1vy-01r,773,773
FIXTURE:ufo:mtch:1vk-0e3,769,769
FIXTURE:ufo:mtch:1ux-04m,757,757
FIXTURE:ufo:mtch:1vk-0e4,748,748
FIXTURE:ufo:mtch:1vg-02k,734,734
FIXTURE:ufo:mtch:1v0-08p,709,709
FIXTURE:ufo:mtch:1ve-09c,708,708
FIXTURE:ufo:mtch:1vi-044,685,685
FIXTURE:ufo:mtch:1v7-011,647,647
FIXTURE:ufo:mtch:1v6-01z,645,645
FIXTURE:ufo:mtch:1vk-02e,641,641
FIXTURE:ufo:mtch:1v6-01y,639,639
FIXTURE:ufo:mtch:1vl-01e,636,636
FIXTURE:ufo:mtch:1vl-0co,628,628
FIXTURE:ufo:mtch:1v7-00z,624,624
FIXTURE:ufo:mtch:1uz-01i,621,621
FIXTURE:ufo:mtch:1v2-02z,620,620
FIXTURE:ufo:mtch:1v0-05x,597,597
FIXTURE:ufo:mtch:1v0-05e,592,592
FIXTURE:ufo:mtch:1vi-05m,591,591
FIXTURE:ufo:mtch:1ux-01p,588,588
FIXTURE:ufo:mtch:1uz-09h,578,578
FIXTURE:ufo:mtch:1vg-02n,566,566
FIXTURE:ufo:mtch:1vi-03u,562,562
FIXTURE:ufo:mtch:1vj-03g,554,554
FIXTURE:ufo:mtch:1v4-03o,553,553
FIXTURE:ufo:mtch:1vd-0az,548,548
FIXTURE:ufo:mtch:1uz-0gv,546,546
FIXTURE:ufo:mtch:1v7-0aw,545,545
FIXTURE:ufo:mtch:1vi-03y,543,543
FIXTURE:ufo:mtch:1vl-01m,540,540
FIXTURE:ufo:mtch:1ux-04l,531,531
FIXTURE:ufo:mtch:1ux-04z,529,529
FIXTURE:ufo:mtch:1vg-02j,529,529
FIXTURE:ufo:mtch:1vk-06z,525,525
FIXTURE:ufo:mtch:1ux-04w,519,519
FIXTURE:ufo:mtch:1ux-03r,509,509
FIXTURE:ufo:mtch:1vc-064,505,505
FIXTURE:ufo:mtch:1uy-01n,500,500
FIXTURE:ufo:mtch:1ux-04v,495,495
FIXTURE:ufo:mtch:1vm-039,493,493
FIXTURE:ufo:mtch:1ux-03s,492,492
FIXTURE:ufo:mtch:1ve-0py,489,489
FIXTURE:ufo:mtch:1vm-02f,485,485
FIXTURE:ufo:mtch:1vk-08o,483,483
FIXTURE:ufo:mtch:1v8-00h,481,481
FIXTURE:ufo:mtch:1v9-03e,481,481
FIXTURE:ufo:mtch:1ux-04k,478,478
FIXTURE:ufo:mtch:1v5-06g,471,471
FIXTURE:ufo:mtch:1uv-04m,470,470
FIXTURE:ufo:mtch:1vk-0dx,469,469
FIXTURE:ufo:mtch:1uz-03a,467,467
FIXTURE:ufo:mtch:1ux-053,454,454
FIXTURE:ufo:mtch:1uv-039,452,452
FIXTURE:ufo:mtch:1ux-04t,451,451
FIXTURE:ufo:mtch:1vg-02l,447,447
FIXTURE:ufo:mtch:1uv-04n,445,445
FIXTURE:ufo:mtch:1uv-01n,443,443
FIXTURE:ufo:mtch:1uz-08q,440,440
FIXTURE:ufo:mtch:1vl-03c,439,439
FIXTURE:ufo:mtch:1vi-03n,431,431
FIXTURE:ufo:mtch:1v4-022,426,426
FIXTURE:ufo:mtch:1uw-06c,425,425
FIXTURE:ufo:mtch:1ve-03g,423,423
FIXTURE:ufo:mtch:1v8-01q,413,413
FIXTURE:ufo:mtch:1ve-09n,413,413
FIXTURE:ufo:mtch:1vi-03q,413,413
FIXTURE:ufo:mtch:1vi-04c,410,410
FIXTURE:ufo:mtch:1v2-029,409,409
FIXTURE:ufo:mtch:1ve-03l,409,409
FIXTURE:ufo:mtch:1vi-03r,409,409
FIXTURE:ufo:mtch:1ux-058,405,405
FIXTURE:ufo:mtch:1uv-01o,403,403
FIXTURE:ufo:mtch:1v6-02m,402,402
FIXTURE:ufo:mtch:1w6-03f,402,402
FIXTURE:ufo:mtch:1w6-03h,402,402
FIXTURE:ufo:mtch:1v9-03h,398,398
FIXTURE:ufo:mtch:1uv-04l,393,393
FIXTURE:ufo:mtch:1ux-056,391,391
FIXTURE:ufo:mtch:1ve-09b,384,384
FIXTURE:ufo:mtch:1vr-0dm,368,368
FIXTURE:ufo:mtch:1uz-03i,366,366
FIXTURE:ufo:mtch:1vq-05d,364,364
FIXTURE:ufo:mtch:1v7-02x,357,357
FIXTURE:ufo:mtch:1uv-04k,353,353
FIXTURE:ufo:mtch:1v6-0cp,348,348
FIXTURE:ufo:mtch:1vi-04k,343,343
FIXTURE:ufo:mtch:1v3-00c,339,339
FIXTURE:ufo:mtch:1vy-01q,328,328
FIXTURE:ufo:mtch:1v7-041,324,324
FIXTURE:ufo:mtch:1vi-03w,322,322
FIXTURE:ufo:mtch:1vk-0a4,322,322
FIXTURE:ufo:mtch:1vb-03q,321,321
FIXTURE:ufo:mtch:1ux-059,320,320
FIXTURE:ufo:mtch:1vj-05s,319,319
FIXTURE:ufo:mtch:1vr-02l,318,318
FIXTURE:ufo:mtch:1ux-04x,316,316
FIXTURE:ufo:mtch:1wa-00x,316,316
FIXTURE:ufo:mtch:1wb-00u,316,316
FIXTURE:ufo:mtch:1v7-045,315,315
FIXTURE:ufo:mtch:1vi-03o,315,315
FIXTURE:ufo:mtch:1vi-05x,314,314
FIXTURE:ufo:mtch:1v2-024,313,313
FIXTURE:ufo:mtch:1v6-02z,313,313
FIXTURE:ufo:mtch:1v4-02m,312,312
FIXTURE:ufo:mtch:1vb-03t,311,311
FIXTURE:ufo:mtch:1vc-020,309,309
FIXTURE:ufo:mtch:1vd-02s,307,307
FIXTURE:ufo:mtch:1v4-02e,306,306
FIXTURE:ufo:mtch:1ux-04u,305,305
FIXTURE:ufo:mtch:1v6-07f,305,305
FIXTURE:ufo:mtch:1vk-0h5,305,305
FIXTURE:ufo:mtch:1ux-04r,300,300
FIXTURE:ufo:mtch:1vj-05b,299,299
FIXTURE:ufo:mtch:1vd-0cc,296,296
FIXTURE:ufo:mtch:1vk-0e2,293,293
FIXTURE:ufo:mtch:1v5-03g,291,291
FIXTURE:ufo:mtch:1v6-02w,291,291
FIXTURE:ufo:mtch:1v6-03o,288,288
FIXTURE:ufo:mtch:1vi-05r,288,288
FIXTURE:ufo:mtch:1ux-04j,283,283
FIXTURE:ufo:mtch:1vi-04j,283,283
FIXTURE:ufo:mtch:1ux-054,282,282
FIXTURE:ufo:mtch:1ux-036,280,280
FIXTURE:ufo:mtch:1vb-041,280,280
FIXTURE:ufo:mtch:1v9-03d,278,278
FIXTURE:ufo:mtch:1ve-02m,270,270
FIXTURE:ufo:mtch:1ve-0dt,270,270
FIXTURE:ufo:mtch:1v3-26p,269,269
FIXTURE:ufo:mtch:1ux-05g,267,267
FIXTURE:ufo:mtch:1uy-03h,265,265
FIXTURE:ufo:mtch:1uy-03c,263,263
FIXTURE:ufo:mtch:1v4-2bo,257,257
FIXTURE:ufo:mtch:1ve-02i,257,257
FIXTURE:ufo:mtch:1vb-03l,255,255
FIXTURE:ufo:mtch:1v2-02p,252,252
FIXTURE:ufo:mtch:1vm-021,252,252
FIXTURE:ufo:mtch:1vb-03m,251,251
FIXTURE:ufo:mtch:1vd-051,251,251
FIXTURE:ufo:mtch:1v2-028,250,250
FIXTURE:ufo:mtch:1uy-01r,248,248
FIXTURE:ufo:mtch:1v3-26t,248,248
FIXTURE:ufo:mtch:1vb-03c,245,245
FIXTURE:ufo:mtch:1ut-0qj,244,244
FIXTURE:ufo:mtch:1uy-01m,244,244
FIXTURE:ufo:mtch:1uy-01w,244,244
FIXTURE:ufo:mtch:1vd-02v,243,243
FIXTURE:ufo:mtch:1v9-03g,242,242
FIXTURE:ufo:mtch:1uz-0l1,238,238
FIXTURE:ufo:mtch:1ut-032,237,237
FIXTURE:ufo:mtch:1vc-0c5,237,237
FIXTURE:ufo:mtch:1wf-009,230,230
FIXTURE:ufo:mtch:1vb-03o,229,229
FIXTURE:ufo:mtch:1vd-3bs,229,229
FIXTURE:ufo:mtch:1wf-008,229,229
FIXTURE:ufo:mtch:1uw-0nl,228,228
FIXTURE:ufo:mtch:1wa-00s,228,228
FIXTURE:ufo:mtch:1wc-01e,227,227
FIXTURE:ufo:mtch:1wj-00q,227,227
FIXTURE:ufo:mtch:1wm-009,227,227
FIXTURE:ufo:mtch:1v3-26h,226,226
FIXTURE:ufo:mtch:1vb-03v,226,226
FIXTURE:ufo:mtch:1v0-0k2,225,225
FIXTURE:ufo:mtch:1us-039,224,224
FIXTURE:ufo:mtch:1v9-01l,223,223
FIXTURE:ufo:mtch:1vg-02u,223,223
FIXTURE:ufo:mtch:1ut-0qb,220,220
FIXTURE:ufo:mtch:1uw-0nj,220,220
FIXTURE:ufo:mtch:1uw-0nq,217,217
FIXTURE:ufo:mtch:1v4-02a,217,217
FIXTURE:ufo:mtch:1ux-1u9,216,216
FIXTURE:ufo:mtch:1vb-03z,216,216
FIXTURE:ufo:mtch:1uy-01t,215,215
FIXTURE:ufo:mtch:1uy-0p6,215,215
FIXTURE:ufo:mtch:1vb-06i,215,215
FIXTURE:ufo:mtch:1vg-02o,214,214
FIXTURE:ufo:mtch:1vd-0hz,212,212
FIXTURE:ufo:mtch:1v3-26o,211,211
FIXTURE:ufo:mtch:1uv-2ab,209,209
FIXTURE:ufo:mtch:1v3-26g,209,209
FIXTURE:ufo:mtch:1vb-03y,206,206
FIXTURE:ufo:mtch:1us-037,205,205
FIXTURE:ufo:mtch:1vb-06o,204,204
FIXTURE:ufo:mtch:1ux-055,203,203
FIXTURE:ufo:mtch:1ve-02f,201,201
FIXTURE:ufo:mtch:1v5-00r,199,199
FIXTURE:ufo:mtch:1vb-030,197,197
FIXTURE:ufo:mtch:1v5-01o,196,196
FIXTURE:ufo:mtch:1ux-277,193,193
FIXTURE:ufo:mtch:1vd-1fi,193,193
FIXTURE:ufo:mtch:1v3-26f,192,192
FIXTURE:ufo:mtch:1vb-03f,192,192
FIXTURE:ufo:mtch:1v2-257,191,191
FIXTURE:ufo:mtch:1vl-07j,189,189
FIXTURE:ufo:mtch:1vk-029,188,188
FIXTURE:ufo:mtch:1v4-03r,184,184
FIXTURE:ufo:mtch:1vl-0w8,184,184
FIXTURE:ufo:mtch:1vr-0fc,184,184
FIXTURE:ufo:mtch:1v9-03i,183,183
FIXTURE:ufo:mtch:1uy-1wb,182,182
FIXTURE:ufo:mtch:1uy-1wj,182,182
FIXTURE:ufo:mtch:1vb-03p,182,182
FIXTURE:ufo:mtch:1vc-01y,182,182
FIXTURE:ufo:mtch:1vd-0c7,182,182
FIXTURE:ufo:mtch:1vr-0f9,182,182
FIXTURE:ufo:mtch:1uv-2gn,180,180
FIXTURE:ufo:mtch:1v7-03r,180,180
FIXTURE:ufo:mtch:1vi-03x,180,180
FIXTURE:ufo:mtch:1vl-0w2,180,180
FIXTURE:ufo:mtch:1vl-0wr,180,180
FIXTURE:ufo:mtch:1ux-05t,179,179
FIXTURE:ufo:mtch:1uz-16v,178,178
FIXTURE:ufo:mtch:1vl-09q,178,178
FIXTURE:ufo:mtch:1ux-05c,177,177
FIXTURE:ufo:mtch:1vg-2dr,177,177
FIXTURE:ufo:mtch:1vl-0wv,177,177
FIXTURE:ufo:mtch:1uv-01p,176,176
FIXTURE:ufo:mtch:1vc-03q,176,176
FIXTURE:ufo:mtch:1vl-0wa,176,176
FIXTURE:ufo:mtch:1vc-0c7,175,175
FIXTURE:ufo:mtch:1uv-286,174,174
FIXTURE:ufo:mtch:1ve-0px,174,174
FIXTURE:ufo:mtch:1uu-0dv,172,172
FIXTURE:ufo:mtch:1uz-0cz,172,172
FIXTURE:ufo:mtch:1v2-026,172,172
FIXTURE:ufo:mtch:1v8-00u,172,172
FIXTURE:ufo:mtch:1vl-0x0,172,172
FIXTURE:ufo:mtch:1uv-27q,171,171
FIXTURE:ufo:mtch:1uv-287,171,171
FIXTURE:ufo:mtch:1vk-0cz,171,171
FIXTURE:ufo:mtch:1ut-0qf,170,170
FIXTURE:ufo:mtch:1uz-0cu,170,170
FIXTURE:ufo:mtch:1vg-036,170,170
FIXTURE:ufo:mtch:1vl-0wh,170,170
FIXTURE:ufo:mtch:1uy-0os,168,168
FIXTURE:ufo:mtch:1uz-16m,168,168
FIXTURE:ufo:mtch:1v5-01m,168,168
FIXTURE:ufo:mtch:1vl-0cn,168,168
FIXTURE:ufo:mtch:1vl-0ws,168,168
FIXTURE:ufo:mtch:1vm-00z,168,168
FIXTURE:ufo:mtch:1ut-030,167,167
FIXTURE:ufo:mtch:1vc-023,167,167
FIXTURE:ufo:mtch:1vl-0w3,166,166
FIXTURE:ufo:mtch:1vl-0wj,166,166
FIXTURE:ufo:mtch:1v7-021,165,165
FIXTURE:ufo:mtch:1uv-27p,164,164
FIXTURE:ufo:mtch:1v6-06h,164,164
FIXTURE:ufo:mtch:1v7-0ax,164,164
FIXTURE:ufo:mtch:1vb-049,164,164
FIXTURE:ufo:mtch:1v0-08o,163,163
FIXTURE:ufo:mtch:1v1-0gk,163,163
FIXTURE:ufo:mtch:1vl-0xb,163,163
FIXTURE:ufo:mtch:1ux-05h,162,162
FIXTURE:ufo:mtch:1vl-0wd,162,162
FIXTURE:ufo:mtch:1v3-26d,161,161
FIXTURE:ufo:mtch:1v5-01l,161,161
FIXTURE:ufo:mtch:1ve-13f,161,161
FIXTURE:ufo:mtch:1vl-0wu,161,161
FIXTURE:ufo:mtch:1uu-005,160,160
FIXTURE:ufo:mtch:1vl-0x3,160,160
FIXTURE:ufo:mtch:1vl-0x6,159,159
FIXTURE:ufo:mtch:1vl-0x8,159,159
FIXTURE:ufo:mtch:1vg-032,158,158
FIXTURE:ufo:mtch:1vm-036,158,158
FIXTURE:ufo:mtch:1ut-2pi,157,157
FIXTURE:ufo:mtch:1v7-0g9,157,157
FIXTURE:ufo:mtch:1ve-0p3,157,157
FIXTURE:ufo:mtch:1vm-0oh,157,157
FIXTURE:ufo:mtch:1vc-03p,156,156
FIXTURE:ufo:mtch:1vi-03p,156,156
FIXTURE:ufo:mtch:1vl-0wz,156,156
FIXTURE:ufo:mtch:1vm-032,156,156
FIXTURE:ufo:mtch:1ux-252,155,155
FIXTURE:ufo:mtch:1v6-04j,155,155
FIXTURE:ufo:mtch:1v6-0ct,155,155
FIXTURE:ufo:mtch:1vi-041,155,155
FIXTURE:ufo:mtch:1vm-02w,155,155
FIXTURE:ufo:mtch:1vm-031,155,155
FIXTURE:ufo:mtch:1vc-0bk,154,154
FIXTURE:ufo:mtch:1vf-001,154,154
FIXTURE:ufo:mtch:1vm-014,154,154
FIXTURE:ufo:mtch:1ve-00s,153,153
FIXTURE:ufo:mtch:1vl-01f,153,153
FIXTURE:ufo:mtch:1vm-035,153,153
FIXTURE:ufo:mtch:1vm-0nk,153,153
FIXTURE:ufo:mtch:1v3-2iq,152,152
FIXTURE:ufo:mtch:1vg-033,152,152
FIXTURE:ufo:mtch:1ux-061,151,151
FIXTURE:ufo:mtch:1uz-0cv,151,151
FIXTURE:ufo:mtch:1uz-1ac,151,151
FIXTURE:ufo:mtch:1v3-26x,151,151
FIXTURE:ufo:mtch:1vg-035,151,151
FIXTURE:ufo:mtch:1vm-06h,151,151
FIXTURE:ufo:mtch:1vc-01p,150,150
FIXTURE:ufo:mtch:1vg-031,150,150
FIXTURE:ufo:mtch:1vm-06i,150,150
FIXTURE:ufo:mtch:1v8-02z,149,149
FIXTURE:ufo:mtch:1ve-01u,149,149
FIXTURE:ufo:mtch:1ve-02h,149,149
FIXTURE:ufo:mtch:1ve-0da,149,149
FIXTURE:ufo:mtch:1vm-034,149,149
FIXTURE:ufo:mtch:1v2-0jz,148,148
FIXTURE:ufo:mtch:1vj-01t,148,148
FIXTURE:ufo:mtch:1vm-0j1,148,148
FIXTURE:ufo:mtch:1vm-0j2,148,148
FIXTURE:ufo:mtch:1v8-004,147,147
FIXTURE:ufo:mtch:1vg-03d,147,147
FIXTURE:ufo:mtch:1uv-043,145,145
FIXTURE:ufo:mtch:1uz-09i,144,144
FIXTURE:ufo:mtch:1vb-03x,144,144
FIXTURE:ufo:mtch:1uu-0di,143,143
FIXTURE:ufo:mtch:1vg-0bf,143,143
FIXTURE:ufo:mtch:1v2-01t,142,142
FIXTURE:ufo:mtch:1vg-0bl,142,142
FIXTURE:ufo:mtch:1vy-01u,142,142
FIXTURE:ufo:mtch:1vc-0rn,141,141
FIXTURE:ufo:mtch:1v7-027,140,140
FIXTURE:ufo:mtch:1vb-02x,140,140
FIXTURE:ufo:mtch:1vg-0b7,140,140
FIXTURE:ufo:mtch:1vk-09k,140,140
FIXTURE:ufo:mtch:1uu-0bu,139,139
FIXTURE:ufo:mtch:1uz-16y,139,139
FIXTURE:ufo:mtch:1vd-01q,139,139
FIXTURE:ufo:mtch:1vg-02m,139,139
FIXTURE:ufo:mtch:1vg-0b9,139,139
FIXTURE:ufo:mtch:1vj-01f,139,139
FIXTURE:ufo:mtch:1uy-03l,138,138
FIXTURE:ufo:mtch:1v1-00i,138,138
FIXTURE:ufo:mtch:1vy-04x,138,138
FIXTURE:ufo:mtch:1vg-0bo,137,137
FIXTURE:ufo:mtch:1vl-0gd,137,137
FIXTURE:ufo:mtch:1v1-2i9,136,136
FIXTURE:ufo:mtch:1v4-027,136,136
FIXTURE:ufo:mtch:1vg-0bq,136,136
FIXTURE:ufo:mtch:1vh-04y,136,136
FIXTURE:ufo:mtch:1vk-09s,136,136
FIXTURE:ufo:mtch:1vk-0f3,135,135
FIXTURE:ufo:mtch:1uy-03m,134,134
FIXTURE:ufo:mtch:1v7-031,134,134
FIXTURE:ufo:mtch:1vb-03u,134,134
FIXTURE:ufo:mtch:1vl-07c,134,134
FIXTURE:ufo:mtch:1vl-09o,134,134
FIXTURE:ufo:mtch:1uz-0gu,133,133
FIXTURE:ufo:mtch:1v0-00r,133,133
FIXTURE:ufo:mtch:1v0-00s,133,133
FIXTURE:ufo:mtch:1vg-0b8,133,133
FIXTURE:ufo:mtch:1vi-03v,133,133
FIXTURE:ufo:mtch:1vj-03b,133,133
FIXTURE:ufo:mtch:1vl-0wb,133,133
FIXTURE:ufo:mtch:1vl-0wc,133,133
FIXTURE:ufo:mtch:1v5-0pg,132,132
FIXTURE:ufo:mtch:1v8-00n,132,132
FIXTURE:ufo:mtch:1vl-0wk,132,132
FIXTURE:ufo:mtch:1vb-03w,131,131
FIXTURE:ufo:mtch:1vi-04h,131,131
FIXTURE:ufo:mtch:1uz-01n,130,130
FIXTURE:ufo:mtch:1v1-1vo,130,130
FIXTURE:ufo:mtch:1v3-02p,130,130
FIXTURE:ufo:mtch:1vd-01o,130,130
FIXTURE:ufo:mtch:1vi-03s,130,130
FIXTURE:ufo:mtch:1vk-09u,130,130
FIXTURE:ufo:mtch:1vk-0mk,130,130
FIXTURE:ufo:mtch:1vk-0a0,129,129
FIXTURE:ufo:mtch:1vk-0mh,129,129
FIXTURE:ufo:mtch:1uu-01n,128,128
FIXTURE:ufo:mtch:1uu-0dh,128,128
FIXTURE:ufo:mtch:1v4-02c,128,128
FIXTURE:ufo:mtch:1vj-01o,127,127
FIXTURE:ufo:mtch:1vk-09t,127,127
FIXTURE:ufo:mtch:1v6-18e,126,126
FIXTURE:ufo:mtch:1v9-0ga,126,126
FIXTURE:ufo:mtch:1uz-02c,125,125
FIXTURE:ufo:mtch:1v4-023,125,125
FIXTURE:ufo:mtch:1v0-0vw,124,124
FIXTURE:ufo:mtch:1vk-0a2,124,124
FIXTURE:ufo:mtch:1vk-0mj,124,124
FIXTURE:ufo:mtch:1vl-152,124,124
FIXTURE:ufo:mtch:1us-24c,123,123
FIXTURE:ufo:mtch:1uw-1vg,123,123
FIXTURE:ufo:mtch:1vl-0w6,123,123
FIXTURE:ufo:mtch:1us-01v,122,122
FIXTURE:ufo:mtch:1v2-25b,122,122
FIXTURE:ufo:mtch:1v3-0tw,122,122
FIXTURE:ufo:mtch:1vd-01j,122,122
FIXTURE:ufo:mtch:1vi-043,122,122
FIXTURE:ufo:mtch:1vk-0mi,122,122
FIXTURE:ufo:mtch:1uu-0dr,121,121
FIXTURE:ufo:mtch:1uv-2hc,121,121
FIXTURE:ufo:mtch:1v1-0e5,121,121
FIXTURE:ufo:mtch:1vb-040,121,121
FIXTURE:ufo:mtch:1vd-01p,121,121
FIXTURE:ufo:mtch:1vf-21d,121,121
FIXTURE:ufo:mtch:1vg-01s,121,121
FIXTURE:ufo:mtch:1uz-0a0,120,120
FIXTURE:ufo:mtch:1vk-113,120,120
FIXTURE:ufo:mtch:1v8-00g,119,119
FIXTURE:ufo:mtch:1vg-2dy,119,119
FIXTURE:ufo:mtch:1vg-2mx,119,119
FIXTURE:ufo:mtch:1vi-03m,119,119
FIXTURE:ufo:mtch:1ut-0qm,118,118
FIXTURE:ufo:mtch:1uw-1vs,118,118
FIXTURE:ufo:mtch:1uw-1vw,118,118
FIXTURE:ufo:mtch:1v7-043,118,118
FIXTURE:ufo:mtch:1vd-013,118,118
FIXTURE:ufo:mtch:1vi-042,118,118
FIXTURE:ufo:mtch:1vl-153,118,118
FIXTURE:ufo:mtch:1uu-0dp,117,117
FIXTURE:ufo:mtch:1v4-02n,117,117
FIXTURE:ufo:mtch:1ut-0qi,116,116
FIXTURE:ufo:mtch:1uu-0ds,116,116
FIXTURE:ufo:mtch:1uz-16u,116,116
FIXTURE:ufo:mtch:1v5-0at,116,116
FIXTURE:ufo:mtch:1ux-04o,115,115
FIXTURE:ufo:mtch:1v6-1c9,115,115
FIXTURE:ufo:mtch:1vl-0wp,115,115
FIXTURE:ufo:mtch:1vl-156,115,115
FIXTURE:ufo:mtch:1uz-07r,114,114
FIXTURE:ufo:mtch:1v5-02h,114,114
FIXTURE:ufo:mtch:1uv-04o,113,113
FIXTURE:ufo:mtch:1uz-01o,112,112
FIXTURE:ufo:mtch:1v0-00x,112,112
FIXTURE:ufo:mtch:1v5-01e,112,112
FIXTURE:ufo:mtch:1v5-04y,112,112
FIXTURE:ufo:mtch:1v6-0cu,112,112
FIXTURE:ufo:mtch:1va-0jp,112,112
FIXTURE:ufo:mtch:1ve-041,112,112
FIXTURE:ufo:mtch:1vf-21l,112,112
FIXTURE:ufo:mtch:1vl-0wi,112,112
FIXTURE:ufo:mtch:1uu-0du,111,111
FIXTURE:ufo:mtch:1vl-151,111,111
FIXTURE:ufo:mtch:1ux-24q,110,110
FIXTURE:ufo:mtch:1v1-005,109,109
FIXTURE:ufo:mtch:1vg-02p,109,109
FIXTURE:ufo:mtch:1vg-2dw,109,109
FIXTURE:ufo:mtch:1vj-02m,109,109
FIXTURE:ufo:mtch:1vl-0x4,109,109
FIXTURE:ufo:mtch:1vl-0xa,109,109
FIXTURE:ufo:mtch:1vl-15a,109,109
FIXTURE:ufo:mtch:1vm-012,109,109
FIXTURE:ufo:mtch:1ut-0qg,108,108
FIXTURE:ufo:mtch:1v3-02r,108,108
FIXTURE:ufo:mtch:1v9-0ks,108,108
FIXTURE:ufo:mtch:1v9-118,108,108
FIXTURE:ufo:mtch:1vb-236,108,108
FIXTURE:ufo:mtch:1ux-03p,107,107
FIXTURE:ufo:mtch:1uz-027,107,107
FIXTURE:ufo:mtch:1uz-0jp,107,107
FIXTURE:ufo:mtch:1v0-0a4,107,107
FIXTURE:ufo:mtch:1v1-006,107,107
FIXTURE:ufo:mtch:1v3-0tc,107,107
FIXTURE:ufo:mtch:1vf-218,107,107
FIXTURE:ufo:mtch:1vg-2n4,107,107
FIXTURE:ufo:mtch:1v5-02b,106,106
FIXTURE:ufo:mtch:1vb-06p,106,106
FIXTURE:ufo:mtch:1vc-08j,106,106
FIXTURE:ufo:mtch:1ve-01o,106,106
FIXTURE:ufo:mtch:1vg-254,106,106
FIXTURE:ufo:mtch:1vl-01i,106,106
FIXTURE:ufo:mtch:1vl-02t,106,106
FIXTURE:ufo:mtch:1v5-02i,105,105
FIXTURE:ufo:mtch:1vl-0x1,105,105
FIXTURE:ufo:mtch:1vl-14z,105,105
FIXTURE:ufo:mtch:1ux-04n,104,104
FIXTURE:ufo:mtch:1uz-022,104,104
FIXTURE:ufo:mtch:1v2-021,104,104
FIXTURE:ufo:mtch:1v3-26r,104,104
FIXTURE:ufo:mtch:1v6-0cs,104,104
FIXTURE:ufo:mtch:1v9-0fc,104,104
FIXTURE:ufo:mtch:1vf-217,104,104
FIXTURE:ufo:mtch:1v1-0cp,103,103
FIXTURE:ufo:mtch:1v4-01o,103,103
FIXTURE:ufo:mtch:1ve-2v6,103,103
FIXTURE:ufo:mtch:1vg-037,103,103
FIXTURE:ufo:mtch:1vl-03a,103,103
FIXTURE:ufo:mtch:1vl-0x5,103,103
FIXTURE:ufo:mtch:1v5-02q,102,102
FIXTURE:ufo:mtch:1v7-00o,102,102
FIXTURE:ufo:mtch:1vj-020,102,102
FIXTURE:ufo:mtch:1vj-025,102,102
FIXTURE:ufo:mtch:1vk-027,102,102
FIXTURE:ufo:mtch:1v5-02w,101,101
FIXTURE:ufo:mtch:1uu-00b,100,100
FIXTURE:ufo:mtch:1ux-25n,100,100
FIXTURE:ufo:mtch:1v0-08s,100,100
FIXTURE:ufo:mtch:1v3-0gd,100,100
FIXTURE:ufo:mtch:1v5-06n,100,100
FIXTURE:ufo:mtch:1v7-1ll,100,100
FIXTURE:ufo:mtch:1vd-0bv,100,100
FIXTURE:ufo:mtch:1v0-015,99,99
FIXTURE:ufo:mtch:1v4-02h,99,99
FIXTURE:ufo:mtch:1v7-123,99,99
FIXTURE:ufo:mtch:1v9-02k,99,99
FIXTURE:ufo:mtch:1v6-2gh,98,98
FIXTURE:ufo:mtch:1v9-02g,98,98
FIXTURE:ufo:mtch:1v9-02h,98,98
FIXTURE:ufo:mtch:1v9-03s,98,98
FIXTURE:ufo:mtch:1vb-23h,98,98
FIXTURE:ufo:mtch:1ve-062,98,98
FIXTURE:ufo:mtch:1vf-00r,98,98
FIXTURE:ufo:mtch:1vl-021,98,98
FIXTURE:ufo:mtch:1ut-01f,97,97
FIXTURE:ufo:mtch:1uz-01j,97,97
FIXTURE:ufo:mtch:1v7-03q,97,97
FIXTURE:ufo:mtch:1v9-02d,97,97
FIXTURE:ufo:mtch:1v9-02l,97,97
FIXTURE:ufo:mtch:1v9-02m,97,97
FIXTURE:ufo:mtch:1v9-0fd,97,97
FIXTURE:ufo:mtch:1v9-0ff,97,97
FIXTURE:ufo:mtch:1vc-010,97,97
FIXTURE:ufo:mtch:1vk-0e1,97,97
FIXTURE:ufo:mtch:1vl-01g,97,97
FIXTURE:ufo:mtch:1vl-01h,97,97
FIXTURE:ufo:mtch:1wa-00u,97,97
FIXTURE:ufo:mtch:1uw-27e,96,96
FIXTURE:ufo:mtch:1v0-018,96,96
FIXTURE:ufo:mtch:1v4-02s,96,96
FIXTURE:ufo:mtch:1v6-2iq,96,96
FIXTURE:ufo:mtch:1v7-07p,96,96
FIXTURE:ufo:mtch:1v8-08i,96,96
FIXTURE:ufo:mtch:1v9-0fb,96,96
FIXTURE:ufo:mtch:1va-0mo,96,96
FIXTURE:ufo:mtch:1ut-04m,95,95
FIXTURE:ufo:mtch:1v0-0vs,95,95
FIXTURE:ufo:mtch:1v5-0c7,95,95
FIXTURE:ufo:mtch:1v8-01w,95,95
FIXTURE:ufo:mtch:1v9-02i,95,95
FIXTURE:ufo:mtch:1vl-06q,95,95
FIXTURE:ufo:mtch:1us-24d,94,94
FIXTURE:ufo:mtch:1ux-05f,94,94
FIXTURE:ufo:mtch:1v5-0c6,94,94
FIXTURE:ufo:mtch:1vg-02t,94,94
FIXTURE:ufo:mtch:1vv-04a,94,94
FIXTURE:ufo:mtch:1vw-02p,94,94
FIXTURE:ufo:mtch:1uu-009,93,93
FIXTURE:ufo:mtch:1uz-08e,93,93
FIXTURE:ufo:mtch:1v4-024,93,93
FIXTURE:ufo:mtch:1vd-01k,93,93
FIXTURE:ufo:mtch:1vd-0bo,93,93
FIXTURE:ufo:mtch:1vd-0bq,93,93
FIXTURE:ufo:mtch:1vh-04d,93,93
FIXTURE:ufo:mtch:1us-0pf,92,92
FIXTURE:ufo:mtch:1uu-008,92,92
FIXTURE:ufo:mtch:1v0-011,92,92
FIXTURE:ufo:mtch:1v5-01i,92,92
FIXTURE:ufo:mtch:1vb-03k,92,92
FIXTURE:ufo:mtch:1vb-06h,92,92
FIXTURE:ufo:mtch:1vg-02q,92,92
FIXTURE:ufo:mtch:1vg-038,92,92
FIXTURE:ufo:mtch:1uz-08c,91,91
FIXTURE:ufo:mtch:1uz-08g,91,91
FIXTURE:ufo:mtch:1uz-08h,91,91
FIXTURE:ufo:mtch:1v5-02z,91,91
FIXTURE:ufo:mtch:1v6-08y,91,91
FIXTURE:ufo:mtch:1v8-0iv,91,91
FIXTURE:ufo:mtch:1vg-039,91,91
FIXTURE:ufo:mtch:1vu-03k,91,91
FIXTURE:ufo:mtch:1vv-049,91,91
FIXTURE:ufo:mtch:1vv-04b,91,91
FIXTURE:ufo:mtch:1v0-037,90,90
FIXTURE:ufo:mtch:1v5-02j,90,90
FIXTURE:ufo:mtch:1vc-06f,90,90
FIXTURE:ufo:mtch:1vc-0c8,90,90
FIXTURE:ufo:mtch:1vd-01n,90,90
FIXTURE:ufo:mtch:1vd-0wy,90,90
FIXTURE:ufo:mtch:1vk-00r,90,90
FIXTURE:ufo:mtch:1vl-0uc,90,90
FIXTURE:ufo:mtch:1ut-033,89,89
FIXTURE:ufo:mtch:1ux-05u,89,89
FIXTURE:ufo:mtch:1uz-014,89,89
FIXTURE:ufo:mtch:1uz-016,89,89
FIXTURE:ufo:mtch:1uz-089,89,89
FIXTURE:ufo:mtch:1uz-08a,89,89
FIXTURE:ufo:mtch:1uz-08b,89,89
FIXTURE:ufo:mtch:1v6-2im,89,89
FIXTURE:ufo:mtch:1v8-02y,89,89
FIXTURE:ufo:mtch:1vg-02y,89,89
FIXTURE:ufo:mtch:1vg-034,89,89
FIXTURE:ufo:mtch:1vl-077,89,89
FIXTURE:ufo:mtch:1ux-04p,88,88
FIXTURE:ufo:mtch:1uz-01v,88,88
FIXTURE:ufo:mtch:1vl-01d,88,88
FIXTURE:ufo:mtch:1vl-02u,88,88
FIXTURE:ufo:mtch:1vl-0cq,88,88
FIXTURE:ufo:mtch:1us-04o,87,87
FIXTURE:ufo:mtch:1ux-27d,87,87
FIXTURE:ufo:mtch:1ux-2hq,87,87
FIXTURE:ufo:mtch:1uz-04o,87,87
FIXTURE:ufo:mtch:1v5-0aj,87,87
FIXTURE:ufo:mtch:1vi-04f,87,87
FIXTURE:ufo:mtch:1uz-01l,86,86
FIXTURE:ufo:mtch:1vl-092,86,86
FIXTURE:ufo:mtch:1ux-265,85,85
FIXTURE:ufo:mtch:1uz-01s,85,85
FIXTURE:ufo:mtch:1v5-03x,85,85
FIXTURE:ufo:mtch:1v5-0cx,85,85
FIXTURE:ufo:mtch:1v6-03r,85,85
FIXTURE:ufo:mtch:1v6-186,85,85
FIXTURE:ufo:mtch:1v6-2h2,85,85
FIXTURE:ufo:mtch:1v7-023,85,85
FIXTURE:ufo:mtch:1v8-0mp,85,85
FIXTURE:ufo:mtch:1vc-02j,85,85
FIXTURE:ufo:mtch:1vd-0x2,85,85
FIXTURE:ufo:mtch:1vk-090,85,85
FIXTURE:ufo:mtch:1vm-00h,85,85
FIXTURE:ufo:mtch:1v5-02v,84,84
FIXTURE:ufo:mtch:1v5-060,84,84
FIXTURE:ufo:mtch:1v5-06o,84,84
FIXTURE:ufo:mtch:1v9-0gb,84,84
FIXTURE:ufo:mtch:1ve-03i,84,84
FIXTURE:ufo:mtch:1vf-21e,84,84
FIXTURE:ufo:mtch:1vk-03h,84,84
FIXTURE:ufo:mtch:1v5-01d,83,83
FIXTURE:ufo:mtch:1v5-0pn,83,83
FIXTURE:ufo:mtch:1v6-189,83,83
FIXTURE:ufo:mtch:1v8-00k,83,83
FIXTURE:ufo:mtch:1vb-03n,83,83
FIXTURE:ufo:mtch:1vg-07x,83,83
FIXTURE:ufo:mtch:1ut-08i,82,82
FIXTURE:ufo:mtch:1v7-02z,82,82
FIXTURE:ufo:mtch:1vd-0bx,82,82
FIXTURE:ufo:mtch:1vd-0c0,82,82
FIXTURE:ufo:mtch:1vd-0zi,82,82
FIXTURE:ufo:mtch:1vd-3di,82,82
FIXTURE:ufo:mtch:1vj-2ab,82,82
FIXTURE:ufo:mtch:1vk-07w,82,82
FIXTURE:ufo:mtch:1ut-00i,81,81
FIXTURE:ufo:mtch:1v8-00i,81,81
FIXTURE:ufo:mtch:1vd-0zj,81,81
FIXTURE:ufo:mtch:1ve-00q,81,81
FIXTURE:ufo:mtch:1vh-02u,81,81
FIXTURE:ufo:mtch:1us-1i0,80,80
FIXTURE:ufo:mtch:1us-2sh,80,80
FIXTURE:ufo:mtch:1ut-01g,80,80
FIXTURE:ufo:mtch:1v0-0sl,80,80
FIXTURE:ufo:mtch:1v3-02f,80,80
FIXTURE:ufo:mtch:1v4-03h,80,80
FIXTURE:ufo:mtch:1v5-04z,80,80
FIXTURE:ufo:mtch:1v5-053,80,80
FIXTURE:ufo:mtch:1v5-08m,80,80
FIXTURE:ufo:mtch:1v6-2hq,80,80
FIXTURE:ufo:mtch:1v7-035,80,80
FIXTURE:ufo:mtch:1v7-05p,80,80
FIXTURE:ufo:mtch:1vm-00m,80,80
FIXTURE:ufo:mtch:1uu-00o,79,79
FIXTURE:ufo:mtch:1uy-02s,79,79
FIXTURE:ufo:mtch:1uz-029,79,79
FIXTURE:ufo:mtch:1uz-0ij,79,79
FIXTURE:ufo:mtch:1v4-025,79,79
FIXTURE:ufo:mtch:1vd-0b1,79,79
FIXTURE:ufo:mtch:1vd-0ki,79,79
FIXTURE:ufo:mtch:1vj-01d,79,79
FIXTURE:ufo:mtch:1vl-0bv,79,79
FIXTURE:ufo:mtch:1uw-2bt,78,78
FIXTURE:ufo:mtch:1uz-04b,78,78
FIXTURE:ufo:mtch:1uz-0a2,78,78
FIXTURE:ufo:mtch:1v2-01k,78,78
FIXTURE:ufo:mtch:1v4-03q,78,78
FIXTURE:ufo:mtch:1v5-06k,78,78
FIXTURE:ufo:mtch:1v7-00p,78,78
FIXTURE:ufo:mtch:1v7-0xa,78,78
FIXTURE:ufo:mtch:1vc-029,78,78
FIXTURE:ufo:mtch:1vg-249,78,78
FIXTURE:ufo:mtch:1vk-09w,78,78
FIXTURE:ufo:mtch:1vl-179,78,78
FIXTURE:ufo:mtch:1us-0np,77,77
FIXTURE:ufo:mtch:1us-1sh,77,77
FIXTURE:ufo:mtch:1us-2t4,77,77
FIXTURE:ufo:mtch:1ut-03b,77,77
FIXTURE:ufo:mtch:1uy-02d,77,77
FIXTURE:ufo:mtch:1uz-0a3,77,77
FIXTURE:ufo:mtch:1uz-0a5,77,77
FIXTURE:ufo:mtch:1v1-004,77,77
FIXTURE:ufo:mtch:1v2-027,77,77
FIXTURE:ufo:mtch:1v2-25a,77,77
FIXTURE:ufo:mtch:1v7-11y,77,77
FIXTURE:ufo:mtch:1v8-00p,77,77
FIXTURE:ufo:mtch:1v8-0fn,77,77
FIXTURE:ufo:mtch:1va-0n0,77,77
FIXTURE:ufo:mtch:1vh-04b,77,77
FIXTURE:ufo:mtch:1vh-1kg,77,77
FIXTURE:ufo:mtch:1vh-2a3,77,77
FIXTURE:ufo:mtch:1vk-02c,77,77
FIXTURE:ufo:mtch:1vl-036,77,77
FIXTURE:ufo:mtch:1vl-0er,77,77
FIXTURE:ufo:mtch:1uw-27p,76,76
FIXTURE:ufo:mtch:1uy-02e,76,76
FIXTURE:ufo:mtch:1uy-04o,76,76
FIXTURE:ufo:mtch:1uy-0pf,76,76
FIXTURE:ufo:mtch:1v5-05z,76,76
FIXTURE:ufo:mtch:1v6-18h,76,76
FIXTURE:ufo:mtch:1vb-04a,76,76
FIXTURE:ufo:mtch:1vd-3d2,76,76
FIXTURE:ufo:mtch:1vi-02t,76,76
FIXTURE:ufo:mtch:1vk-0a8,76,76
FIXTURE:ufo:mtch:1vk-0cl,76,76
FIXTURE:ufo:mtch:1vl-0w9,76,76
FIXTURE:ufo:mtch:1uu-01k,75,75
FIXTURE:ufo:mtch:1uy-0ai,75,75
FIXTURE:ufo:mtch:1uz-0a4,75,75
FIXTURE:ufo:mtch:1v6-03e,75,75
FIXTURE:ufo:mtch:1v7-0x3,75,75
FIXTURE:ufo:mtch:1v7-0x9,75,75
FIXTURE:ufo:mtch:1v8-02d,75,75
FIXTURE:ufo:mtch:1vd-01g,75,75
FIXTURE:ufo:mtch:1vi-02b,75,75
FIXTURE:ufo:mtch:1vk-02b,75,75
FIXTURE:ufo:mtch:1vl-02n,75,75
FIXTURE:ufo:mtch:1vl-03e,75,75
FIXTURE:ufo:mtch:1us-24e,74,74
FIXTURE:ufo:mtch:1us-2bz,74,74
FIXTURE:ufo:mtch:1uz-04n,74,74
FIXTURE:ufo:mtch:1uz-090,74,74
FIXTURE:ufo:mtch:1v0-0kr,74,74
FIXTURE:ufo:mtch:1v0-0m0,74,74
FIXTURE:ufo:mtch:1v7-124,74,74
FIXTURE:ufo:mtch:1va-2az,74,74
FIXTURE:ufo:mtch:1vb-06j,74,74
FIXTURE:ufo:mtch:1vh-03k,74,74
FIXTURE:ufo:mtch:1vi-02v,74,74
FIXTURE:ufo:mtch:1vi-25z,74,74
FIXTURE:ufo:mtch:1vk-0a5,74,74
FIXTURE:ufo:mtch:1vk-0cu,74,74
FIXTURE:ufo:mtch:1vl-03o,74,74
FIXTURE:ufo:mtch:1vl-054,74,74
FIXTURE:ufo:mtch:1vl-0oo,74,74
FIXTURE:ufo:mtch:1vl-2c1,74,74
FIXTURE:ufo:mtch:1vl-2c4,74,74
FIXTURE:ufo:mtch:1us-011,73,73
FIXTURE:ufo:mtch:1uz-00y,73,73
FIXTURE:ufo:mtch:1uz-01k,73,73
FIXTURE:ufo:mtch:1v4-02d,73,73
FIXTURE:ufo:mtch:1vb-06g,73,73
FIXTURE:ufo:mtch:1vd-01i,73,73
FIXTURE:ufo:mtch:1vf-25q,73,73
FIXTURE:ufo:mtch:1vi-02u,73,73
FIXTURE:ufo:mtch:1us-2su,72,72
FIXTURE:ufo:mtch:1ut-01e,72,72
FIXTURE:ufo:mtch:1ut-01q,72,72
FIXTURE:ufo:mtch:1uz-026,72,72
FIXTURE:ufo:mtch:1uz-08y,72,72
FIXTURE:ufo:mtch:1v0-04s,72,72
FIXTURE:ufo:mtch:1v0-04y,72,72
FIXTURE:ufo:mtch:1v1-0b8,72,72
FIXTURE:ufo:mtch:1v7-022,72,72
FIXTURE:ufo:mtch:1v8-04z,72,72
FIXTURE:ufo:mtch:1v8-0o4,72,72
FIXTURE:ufo:mtch:1vb-03e,72,72
FIXTURE:ufo:mtch:1vi-272,72,72
FIXTURE:ufo:mtch:1uy-02h,71,71
FIXTURE:ufo:mtch:1uy-038,71,71
FIXTURE:ufo:mtch:1uz-00q,71,71
FIXTURE:ufo:mtch:1uz-00r,71,71
FIXTURE:ufo:mtch:1uz-00v,71,71
FIXTURE:ufo:mtch:1uz-00w,71,71
FIXTURE:ufo:mtch:1v1-01z,71,71
FIXTURE:ufo:mtch:1v3-023,71,71
FIXTURE:ufo:mtch:1v5-01q,71,71
FIXTURE:ufo:mtch:1v6-04b,71,71
FIXTURE:ufo:mtch:1v6-18b,71,71
FIXTURE:ufo:mtch:1v7-05t,71,71
FIXTURE:ufo:mtch:1v7-0y3,71,71
FIXTURE:ufo:mtch:1v9-1rm,71,71
FIXTURE:ufo:mtch:1vd-02q,71,71
FIXTURE:ufo:mtch:1vg-089,71,71
FIXTURE:ufo:mtch:1vk-04c,71,71
FIXTURE:ufo:mtch:1vl-023,71,71
FIXTURE:ufo:mtch:1us-00z,70,70
FIXTURE:ufo:mtch:1ut-01d,70,70
FIXTURE:ufo:mtch:1ut-06w,70,70
FIXTURE:ufo:mtch:1ux-04y,70,70
FIXTURE:ufo:mtch:1uz-01p,70,70
FIXTURE:ufo:mtch:1v0-00n,70,70
FIXTURE:ufo:mtch:1v0-04k,70,70
FIXTURE:ufo:mtch:1v0-04t,70,70
FIXTURE:ufo:mtch:1v7-02q,70,70
FIXTURE:ufo:mtch:1vf-213,70,70
FIXTURE:ufo:mtch:1us-01u,69,69
FIXTURE:ufo:mtch:1uz-04w,69,69
FIXTURE:ufo:mtch:1v7-05r,69,69
FIXTURE:ufo:mtch:1v8-00j,69,69
FIXTURE:ufo:mtch:1vd-014,69,69
FIXTURE:ufo:mtch:1vh-03j,69,69
FIXTURE:ufo:mtch:1vj-2iz,69,69
FIXTURE:ufo:mtch:1vl-0ha,69,69
FIXTURE:ufo:mtch:1us-0g8,68,68
FIXTURE:ufo:mtch:1us-35m,68,68
FIXTURE:ufo:mtch:1uw-280,68,68
FIXTURE:ufo:mtch:1uw-29c,68,68
FIXTURE:ufo:mtch:1v1-013,68,68
FIXTURE:ufo:mtch:1v1-01g,68,68
FIXTURE:ufo:mtch:1v7-03v,68,68
FIXTURE:ufo:mtch:1v7-05l,68,68
FIXTURE:ufo:mtch:1v9-0cy,68,68
FIXTURE:ufo:mtch:1vh-20w,68,68
FIXTURE:ufo:mtch:1vl-083,68,68
FIXTURE:ufo:mtch:1vl-14y,68,68
FIXTURE:ufo:mtch:1us-2ss,67,67
FIXTURE:ufo:mtch:1ut-01a,67,67
FIXTURE:ufo:mtch:1ut-066,67,67
FIXTURE:ufo:mtch:1v0-00p,67,67
FIXTURE:ufo:mtch:1vb-06e,67,67
FIXTURE:ufo:mtch:1vc-03a,67,67
FIXTURE:ufo:mtch:1vd-0jc,67,67
FIXTURE:ufo:mtch:1vg-02r,67,67
FIXTURE:ufo:mtch:1vg-04v,67,67
FIXTURE:ufo:mtch:1vk-0dz,67,67
FIXTURE:ufo:mtch:1vk-0h6,67,67
FIXTURE:ufo:mtch:1vl-029,67,67
FIXTURE:ufo:mtch:1ur-01w,66,66
FIXTURE:ufo:mtch:1us-2t0,66,66
FIXTURE:ufo:mtch:1ut-0xp,66,66
FIXTURE:ufo:mtch:1uw-27x,66,66
FIXTURE:ufo:mtch:1uz-0qi,66,66
FIXTURE:ufo:mtch:1v0-00z,66,66
FIXTURE:ufo:mtch:1v0-02l,66,66
FIXTURE:ufo:mtch:1v0-02t,66,66
FIXTURE:ufo:mtch:1v0-030,66,66
FIXTURE:ufo:mtch:1v2-254,66,66
FIXTURE:ufo:mtch:1vf-25p,66,66
FIXTURE:ufo:mtch:1vg-04x,66,66
FIXTURE:ufo:mtch:1vl-01j,66,66
FIXTURE:ufo:mtch:1us-015,65,65
FIXTURE:ufo:mtch:1us-07a,65,65
FIXTURE:ufo:mtch:1us-0qi,65,65
FIXTURE:ufo:mtch:1ut-013,65,65
FIXTURE:ufo:mtch:1uz-048,65,65
FIXTURE:ufo:mtch:1v1-020,65,65
FIXTURE:ufo:mtch:1v1-0e4,65,65
FIXTURE:ufo:mtch:1v8-0iu,65,65
FIXTURE:ufo:mtch:1va-0mx,65,65
FIXTURE:ufo:mtch:1vg-08i,65,65
FIXTURE:ufo:mtch:1vi-03h,65,65
FIXTURE:ufo:mtch:1vi-05i,65,65
FIXTURE:ufo:mtch:1vl-0wl,65,65
FIXTURE:ufo:mtch:1vl-14u,65,65
FIXTURE:ufo:mtch:1uu-0dj,64,64
FIXTURE:ufo:mtch:1uy-02f,64,64
FIXTURE:ufo:mtch:1v0-03a,64,64
FIXTURE:ufo:mtch:1v4-03t,64,64
FIXTURE:ufo:mtch:1vc-02l,64,64
FIXTURE:ufo:mtch:1ve-03h,64,64
FIXTURE:ufo:mtch:1vf-25o,64,64
FIXTURE:ufo:mtch:1vi-05s,64,64
FIXTURE:ufo:mtch:1vl-02p,64,64
FIXTURE:ufo:mtch:1vl-03b,64,64
FIXTURE:ufo:mtch:1vl-03q,64,64
FIXTURE:ufo:mtch:1vl-0wg,64,64
FIXTURE:ufo:mtch:1ut-049,63,63
FIXTURE:ufo:mtch:1ux-04q,63,63
FIXTURE:ufo:mtch:1uz-0ev,63,63
FIXTURE:ufo:mtch:1v1-00v,63,63
FIXTURE:ufo:mtch:1v1-01w,63,63
FIXTURE:ufo:mtch:1v4-03s,63,63
FIXTURE:ufo:mtch:1v7-033,63,63
FIXTURE:ufo:mtch:1v8-02g,63,63
FIXTURE:ufo:mtch:1v8-02w,63,63
FIXTURE:ufo:mtch:1vc-06g,63,63
FIXTURE:ufo:mtch:1vg-04w,63,63
FIXTURE:ufo:mtch:1vg-2w9,63,63
FIXTURE:ufo:mtch:1vk-03s,63,63
FIXTURE:ufo:mtch:1vl-0w1,63,63
FIXTURE:ufo:mtch:1tq-00p,62,62
FIXTURE:ufo:mtch:1ut-01r,62,62
FIXTURE:ufo:mtch:1ut-02z,62,62
FIXTURE:ufo:mtch:1ut-04a,62,62
FIXTURE:ufo:mtch:1uy-03p,62,62
FIXTURE:ufo:mtch:1v4-02o,62,62
FIXTURE:ufo:mtch:1v7-08a,62,62
FIXTURE:ufo:mtch:1vc-00v,62,62
FIXTURE:ufo:mtch:1vh-04i,62,62
FIXTURE:ufo:mtch:1vi-2eu,62,62
FIXTURE:ufo:mtch:1vl-155,62,62
FIXTURE:ufo:mtch:1vq-05n,62,62
FIXTURE:ufo:mtch:1us-0qh,61,61
FIXTURE:ufo:mtch:1ut-04b,61,61
FIXTURE:ufo:mtch:1ux-00t,61,61
FIXTURE:ufo:mtch:1uy-059,61,61
FIXTURE:ufo:mtch:1v5-25n,61,61
FIXTURE:ufo:mtch:1v7-03y,61,61
FIXTURE:ufo:mtch:1vb-1qw,61,61
FIXTURE:ufo:mtch:1vh-0ll,61,61
FIXTURE:ufo:mtch:1vi-22o,61,61
FIXTURE:ufo:mtch:1vk-0cr,61,61
FIXTURE:ufo:mtch:1vl-14x,61,61
FIXTURE:ufo:mtch:1us-2sq,60,60
FIXTURE:ufo:mtch:1us-2sr,60,60
FIXTURE:ufo:mtch:1ut-069,60,60
FIXTURE:ufo:mtch:1uz-03m,60,60
FIXTURE:ufo:mtch:1uz-07q,60,60
FIXTURE:ufo:mtch:1v1-1vp,60,60
FIXTURE:ufo:mtch:1vc-00t,60,60
FIXTURE:ufo:mtch:1ve-01q,60,60
FIXTURE:ufo:mtch:1vf-25g,60,60
FIXTURE:ufo:mtch:1vg-0f7,60,60
FIXTURE:ufo:mtch:1vh-2c2,60,60
FIXTURE:ufo:mtch:1vi-1qs,60,60
FIXTURE:ufo:mtch:1vk-03b,60,60
FIXTURE:ufo:mtch:1vl-06s,60,60
FIXTURE:ufo:mtch:1us-0g4,59,59
FIXTURE:ufo:mtch:1ut-00j,59,59
FIXTURE:ufo:mtch:1uz-017,59,59
FIXTURE:ufo:mtch:1v0-017,59,59
FIXTURE:ufo:mtch:1v1-016,59,59
FIXTURE:ufo:mtch:1v8-04d,59,59
FIXTURE:ufo:mtch:1vd-038,59,59
FIXTURE:ufo:mtch:1ve-063,59,59
FIXTURE:ufo:mtch:1vf-00m,59,59
FIXTURE:ufo:mtch:1vf-25n,59,59
FIXTURE:ufo:mtch:1vg-14k,59,59
FIXTURE:ufo:mtch:1vg-1h0,59,59
FIXTURE:ufo:mtch:1vg-1h2,59,59
FIXTURE:ufo:mtch:1vg-1qw,59,59
FIXTURE:ufo:mtch:1vh-2bo,59,59
FIXTURE:ufo:mtch:1us-03f,58,58
FIXTURE:ufo:mtch:1us-0qj,58,58
FIXTURE:ufo:mtch:1ut-067,58,58
FIXTURE:ufo:mtch:1uy-03r,58,58
FIXTURE:ufo:mtch:1uy-0e4,58,58
FIXTURE:ufo:mtch:1uz-0gt,58,58
FIXTURE:ufo:mtch:1v0-00d,58,58
FIXTURE:ufo:mtch:1v0-0bg,58,58
FIXTURE:ufo:mtch:1v0-15w,58,58
FIXTURE:ufo:mtch:1v3-26k,58,58
FIXTURE:ufo:mtch:1v6-16w,58,58
FIXTURE:ufo:mtch:1v7-02v,58,58
FIXTURE:ufo:mtch:1v7-030,58,58
FIXTURE:ufo:mtch:1v7-0bk,58,58
FIXTURE:ufo:mtch:1vb-03g,58,58
FIXTURE:ufo:mtch:1us-06q,57,57
FIXTURE:ufo:mtch:1ut-011,57,57
FIXTURE:ufo:mtch:1ut-0or,57,57
FIXTURE:ufo:mtch:1v7-0x2,57,57
FIXTURE:ufo:mtch:1v9-0fg,57,57
FIXTURE:ufo:mtch:1vd-0kn,57,57
FIXTURE:ufo:mtch:1vg-0fo,57,57
FIXTURE:ufo:mtch:1vj-01g,57,57
FIXTURE:ufo:mtch:1vk-0cx,57,57
FIXTURE:ufo:mtch:1vl-0bq,57,57
FIXTURE:ufo:mtch:1us-01k,56,56
FIXTURE:ufo:mtch:1us-03a,56,56
FIXTURE:ufo:mtch:1uy-01c,56,56
FIXTURE:ufo:mtch:1v1-00j,56,56
FIXTURE:ufo:mtch:1v8-01a,56,56
FIXTURE:ufo:mtch:1vc-03v,56,56
FIXTURE:ufo:mtch:1vl-03j,56,56
FIXTURE:ufo:mtch:1vl-0wy,56,56
FIXTURE:ufo:mtch:1vm-00l,56,56
FIXTURE:ufo:mtch:1us-00k,55,55
FIXTURE:ufo:mtch:1us-03c,55,55
FIXTURE:ufo:mtch:1us-0gb,55,55
FIXTURE:ufo:mtch:1ut-010,55,55
FIXTURE:ufo:mtch:1ut-012,55,55
FIXTURE:ufo:mtch:1ut-031,55,55
FIXTURE:ufo:mtch:1v2-24s,55,55
FIXTURE:ufo:mtch:1v6-01p,55,55
FIXTURE:ufo:mtch:1v6-04q,55,55
FIXTURE:ufo:mtch:1vb-048,55,55
FIXTURE:ufo:mtch:1vc-00z,55,55
FIXTURE:ufo:mtch:1vg-02w,55,55
FIXTURE:ufo:mtch:1vg-0fl,55,55
FIXTURE:ufo:mtch:1vi-23s,55,55
FIXTURE:ufo:mtch:1vi-2eb,55,55
FIXTURE:ufo:mtch:1vl-01l,55,55
FIXTURE:ufo:mtch:1us-1i4,54,54
FIXTURE:ufo:mtch:1us-25u,54,54
FIXTURE:ufo:mtch:1ut-0ee,54,54
FIXTURE:ufo:mtch:1ut-0hb,54,54
FIXTURE:ufo:mtch:1uw-288,54,54
FIXTURE:ufo:mtch:1ux-00z,54,54
FIXTURE:ufo:mtch:1uy-01d,54,54
FIXTURE:ufo:mtch:1v4-02f,54,54
FIXTURE:ufo:mtch:1v6-02j,54,54
FIXTURE:ufo:mtch:1v7-03j,54,54
FIXTURE:ufo:mtch:1v9-1dy,54,54
FIXTURE:ufo:mtch:1vc-012,54,54
FIXTURE:ufo:mtch:1vd-0i9,54,54
FIXTURE:ufo:mtch:1ve-02l,54,54
FIXTURE:ufo:mtch:1vf-214,54,54
FIXTURE:ufo:mtch:1vh-2a1,54,54
FIXTURE:ufo:mtch:1vh-2g2,54,54
FIXTURE:ufo:mtch:1vl-06r,54,54
FIXTURE:ufo:mtch:1vl-0cp,54,54
FIXTURE:ufo:mtch:1vm-00e,54,54
FIXTURE:ufo:mtch:1vm-01z,54,54
FIXTURE:ufo:mtch:1vq-06j,54,54
FIXTURE:ufo:mtch:1us-12o,53,53
FIXTURE:ufo:mtch:1uz-01x,53,53
FIXTURE:ufo:mtch:1v6-01h,53,53
FIXTURE:ufo:mtch:1v6-02n,53,53
FIXTURE:ufo:mtch:1v6-04a,53,53
FIXTURE:ufo:mtch:1v6-04k,53,53
FIXTURE:ufo:mtch:1v7-03o,53,53
FIXTURE:ufo:mtch:1v8-02b,53,53
FIXTURE:ufo:mtch:1vb-01l,53,53
FIXTURE:ufo:mtch:1vl-0wm,53,53
FIXTURE:ufo:mtch:1vl-154,53,53
FIXTURE:ufo:mtch:1vl-158,53,53
FIXTURE:ufo:mtch:1vm-06f,53,53
FIXTURE:ufo:mtch:1vo-0b0,53,53
FIXTURE:ufo:mtch:1vq-078,53,53
FIXTURE:ufo:mtch:1us-00i,52,52
FIXTURE:ufo:mtch:1us-090,52,52
FIXTURE:ufo:mtch:1us-0p2,52,52
FIXTURE:ufo:mtch:1us-1qb,52,52
FIXTURE:ufo:mtch:1ut-04o,52,52
FIXTURE:ufo:mtch:1ut-08g,52,52
FIXTURE:ufo:mtch:1ut-0ca,52,52
FIXTURE:ufo:mtch:1uz-00e,52,52
FIXTURE:ufo:mtch:1v0-0c0,52,52
FIXTURE:ufo:mtch:1v2-02u,52,52
FIXTURE:ufo:mtch:1v2-24z,52,52
FIXTURE:ufo:mtch:1v5-25s,52,52
FIXTURE:ufo:mtch:1v6-02y,52,52
FIXTURE:ufo:mtch:1v8-034,52,52
FIXTURE:ufo:mtch:1v8-03v,52,52
FIXTURE:ufo:mtch:1vd-03q,52,52
FIXTURE:ufo:mtch:1ve-01p,52,52
FIXTURE:ufo:mtch:1vh-0d2,52,52
FIXTURE:ufo:mtch:1us-0p1,51,51
FIXTURE:ufo:mtch:1us-0tc,51,51
FIXTURE:ufo:mtch:1ut-018,51,51
FIXTURE:ufo:mtch:1uy-00z,51,51
FIXTURE:ufo:mtch:1uz-01d,51,51
FIXTURE:ufo:mtch:1uz-0a1,51,51
FIXTURE:ufo:mtch:1uz-0ho,51,51
FIXTURE:ufo:mtch:1v0-00w,51,51
FIXTURE:ufo:mtch:1v0-034,51,51
FIXTURE:ufo:mtch:1v2-08o,51,51
FIXTURE:ufo:mtch:1v4-02u,51,51
FIXTURE:ufo:mtch:1v6-055,51,51
FIXTURE:ufo:mtch:1v7-003,51,51
FIXTURE:ufo:mtch:1v8-1bw,51,51
FIXTURE:ufo:mtch:1v9-0bj,51,51
FIXTURE:ufo:mtch:1v9-0le,51,51
FIXTURE:ufo:mtch:1va-08q,51,51
FIXTURE:ufo:mtch:1vb-01n,51,51
FIXTURE:ufo:mtch:1vh-03z,51,51
FIXTURE:ufo:mtch:1vo-0ay,51,51
FIXTURE:ufo:mtch:1vo-0b2,51,51
FIXTURE:ufo:mtch:1vq-01c,51,51
FIXTURE:ufo:mtch:1vr-04h,51,51
FIXTURE:ufo:mtch:1us-0gr,50,50
FIXTURE:ufo:mtch:1us-0h6,50,50
FIXTURE:ufo:mtch:1us-0p8,50,50
FIXTURE:ufo:mtch:1us-0td,50,50
FIXTURE:ufo:mtch:1uw-01r,50,50
FIXTURE:ufo:mtch:1ux-00y,50,50
FIXTURE:ufo:mtch:1uy-09v,50,50
FIXTURE:ufo:mtch:1v2-2ij,50,50
FIXTURE:ufo:mtch:1v4-02p,50,50
FIXTURE:ufo:mtch:1v4-0co,50,50
FIXTURE:ufo:mtch:1v5-09g,50,50
FIXTURE:ufo:mtch:1v6-00u,50,50
FIXTURE:ufo:mtch:1v6-01i,50,50
FIXTURE:ufo:mtch:1v6-18a,50,50
FIXTURE:ufo:mtch:1v8-1gw,50,50
FIXTURE:ufo:mtch:1v9-00e,50,50
FIXTURE:ufo:mtch:1v9-03f,50,50
FIXTURE:ufo:mtch:1ve-05q,50,50
FIXTURE:ufo:mtch:1vf-00c,50,50
FIXTURE:ufo:mtch:1vh-03t,50,50
FIXTURE:ufo:mtch:1vo-0b1,50,50
FIXTURE:ufo:mtch:1vq-05m,50,50
FIXTURE:ufo:mtch:1vr-0f1,50,50
FIXTURE:ufo:mtch:1us-0fz,49,49
FIXTURE:ufo:mtch:1us-2nq,49,49
FIXTURE:ufo:mtch:1ux-051,49,49
FIXTURE:ufo:mtch:1uz-07t,49,49
FIXTURE:ufo:mtch:1v1-19t,49,49
FIXTURE:ufo:mtch:1v2-25e,49,49
FIXTURE:ufo:mtch:1vc-011,49,49
FIXTURE:ufo:mtch:1vg-04p,49,49
FIXTURE:ufo:mtch:1vk-02a,49,49
FIXTURE:ufo:mtch:1vk-09r,49,49
FIXTURE:ufo:mtch:1vk-0cm,49,49
FIXTURE:ufo:mtch:1vl-035,49,49
FIXTURE:ufo:mtch:1vl-0ui,49,49
FIXTURE:ufo:mtch:1us-0ge,48,48
FIXTURE:ufo:mtch:1us-17m,48,48
FIXTURE:ufo:mtch:1uu-03x,48,48
FIXTURE:ufo:mtch:1uw-02o,48,48
FIXTURE:ufo:mtch:1uy-012,48,48
FIXTURE:ufo:mtch:1uy-0ne,48,48
FIXTURE:ufo:mtch:1uz-044,48,48
FIXTURE:ufo:mtch:1uz-045,48,48
FIXTURE:ufo:mtch:1uz-0hb,48,48
FIXTURE:ufo:mtch:1v1-02l,48,48
FIXTURE:ufo:mtch:1v1-0gi,48,48
FIXTURE:ufo:mtch:1v3-00k,48,48
FIXTURE:ufo:mtch:1v3-03a,48,48
FIXTURE:ufo:mtch:1v3-0hb,48,48
FIXTURE:ufo:mtch:1v7-0c5,48,48
FIXTURE:ufo:mtch:1v8-015,48,48
FIXTURE:ufo:mtch:1vg-0fk,48,48
FIXTURE:ufo:mtch:1vl-0wf,48,48
FIXTURE:ufo:mtch:1vm-06g,48,48
FIXTURE:ufo:mtch:1us-00o,47,47
FIXTURE:ufo:mtch:1uu-03f,47,47
FIXTURE:ufo:mtch:1uz-01u,47,47
FIXTURE:ufo:mtch:1v0-019,47,47
FIXTURE:ufo:mtch:1v2-2o1,47,47
FIXTURE:ufo:mtch:1v5-0dm,47,47
FIXTURE:ufo:mtch:1v6-02o,47,47
FIXTURE:ufo:mtch:1v7-013,47,47
FIXTURE:ufo:mtch:1v7-014,47,47
FIXTURE:ufo:mtch:1v9-00g,47,47
FIXTURE:ufo:mtch:1v9-0gd,47,47
FIXTURE:ufo:mtch:1vd-0ak,47,47
FIXTURE:ufo:mtch:1vd-0fo,47,47
FIXTURE:ufo:mtch:1vh-04n,47,47
FIXTURE:ufo:mtch:1vi-1ok,47,47
FIXTURE:ufo:mtch:1vk-034,47,47
FIXTURE:ufo:mtch:1vl-02o,47,47
FIXTURE:ufo:mtch:1vl-08k,47,47
FIXTURE:ufo:mtch:1us-0gv,46,46
FIXTURE:ufo:mtch:1us-2ch,46,46
FIXTURE:ufo:mtch:1uz-0k6,46,46
FIXTURE:ufo:mtch:1v0-05i,46,46
FIXTURE:ufo:mtch:1v0-06z,46,46
FIXTURE:ufo:mtch:1v1-018,46,46
FIXTURE:ufo:mtch:1vd-02p,46,46
FIXTURE:ufo:mtch:1vd-04o,46,46
FIXTURE:ufo:mtch:1vg-03t,46,46
FIXTURE:ufo:mtch:1vh-1wl,46,46
FIXTURE:ufo:mtch:1vi-057,46,46
FIXTURE:ufo:mtch:1vj-063,46,46
FIXTURE:ufo:mtch:1vj-06l,46,46
FIXTURE:ufo:mtch:1vj-0au,46,46
FIXTURE:ufo:mtch:1vk-0cp,46,46
FIXTURE:ufo:mtch:1vk-0cs,46,46
FIXTURE:ufo:mtch:1vw-02m,46,46
FIXTURE:ufo:mtch:1vy-0cg,46,46
FIXTURE:ufo:mtch:1vz-01e,46,46
FIXTURE:ufo:mtch:1us-08r,45,45
FIXTURE:ufo:mtch:1us-0gy,45,45
FIXTURE:ufo:mtch:1ux-0jb,45,45
FIXTURE:ufo:mtch:1uz-04a,45,45
FIXTURE:ufo:mtch:1uz-05j,45,45
FIXTURE:ufo:mtch:1v1-014,45,45
FIXTURE:ufo:mtch:1v6-0et,45,45
FIXTURE:ufo:mtch:1v6-0ih,45,45
FIXTURE:ufo:mtch:1v7-04z,45,45
FIXTURE:ufo:mtch:1v8-0f6,45,45
FIXTURE:ufo:mtch:1vb-230,45,45
FIXTURE:ufo:mtch:1vj-00i,45,45
FIXTURE:ufo:mtch:1vj-05m,45,45
FIXTURE:ufo:mtch:1vk-032,45,45
FIXTURE:ufo:mtch:1vl-0w7,45,45
FIXTURE:ufo:mtch:1vm-01y,45,45
FIXTURE:ufo:mtch:1vy-02i,45,45
FIXTURE:ufo:mtch:1vy-0cf,45,45
FIXTURE:ufo:mtch:1vy-0cj,45,45
FIXTURE:ufo:mtch:1vy-0cz,45,45
FIXTURE:ufo:mtch:1vz-01f,45,45
FIXTURE:ufo:mtch:1vz-03v,45,45
FIXTURE:ufo:mtch:1vz-050,45,45
FIXTURE:ufo:mtch:1uw-04c,44,44
FIXTURE:ufo:mtch:1uy-00v,44,44
FIXTURE:ufo:mtch:1uy-010,44,44
FIXTURE:ufo:mtch:1uy-017,44,44
FIXTURE:ufo:mtch:1uy-0o3,44,44
FIXTURE:ufo:mtch:1uz-042,44,44
FIXTURE:ufo:mtch:1uz-056,44,44
FIXTURE:ufo:mtch:1uz-1a8,44,44
FIXTURE:ufo:mtch:1v2-02l,44,44
FIXTURE:ufo:mtch:1v4-029,44,44
FIXTURE:ufo:mtch:1va-2bg,44,44
FIXTURE:ufo:mtch:1vb-06y,44,44
FIXTURE:ufo:mtch:1vd-03d,44,44
FIXTURE:ufo:mtch:1ve-01s,44,44
FIXTURE:ufo:mtch:1vj-04q,44,44
FIXTURE:ufo:mtch:1vk-019,44,44
FIXTURE:ufo:mtch:1vk-01a,44,44
FIXTURE:ufo:mtch:1vk-028,44,44
FIXTURE:ufo:mtch:1vk-02d,44,44
FIXTURE:ufo:mtch:1vk-0ct,44,44
FIXTURE:ufo:mtch:1vk-0dy,44,44
FIXTURE:ufo:mtch:1vs-0a1,44,44
FIXTURE:ufo:mtch:1w6-03e,44,44
FIXTURE:ufo:mtch:1us-03b,43,43
FIXTURE:ufo:mtch:1us-0pc,43,43
FIXTURE:ufo:mtch:1us-1ur,43,43
FIXTURE:ufo:mtch:1us-2s5,43,43
FIXTURE:ufo:mtch:1uu-02i,43,43
FIXTURE:ufo:mtch:1uu-04j,43,43
FIXTURE:ufo:mtch:1ux-07z,43,43
FIXTURE:ufo:mtch:1uy-01b,43,43
FIXTURE:ufo:mtch:1uz-00f,43,43
FIXTURE:ufo:mtch:1uz-01g,43,43
FIXTURE:ufo:mtch:1uz-01m,43,43
FIXTURE:ufo:mtch:1v9-02n,43,43
FIXTURE:ufo:mtch:1v9-1ri,43,43
FIXTURE:ufo:mtch:1va-0nx,43,43
FIXTURE:ufo:mtch:1va-1vb,43,43
FIXTURE:ufo:mtch:1vb-01j,43,43
FIXTURE:ufo:mtch:1vb-06q,43,43
FIXTURE:ufo:mtch:1vd-04q,43,43
FIXTURE:ufo:mtch:1ve-01r,43,43
FIXTURE:ufo:mtch:1ve-01v,43,43
FIXTURE:ufo:mtch:1ve-07v,43,43
FIXTURE:ufo:mtch:1vh-0fv,43,43
FIXTURE:ufo:mtch:1vi-22l,43,43
FIXTURE:ufo:mtch:1us-02z,42,42
FIXTURE:ufo:mtch:1us-0p9,42,42
FIXTURE:ufo:mtch:1uu-02l,42,42
FIXTURE:ufo:mtch:1uy-00o,42,42
FIXTURE:ufo:mtch:1uy-015,42,42
FIXTURE:ufo:mtch:1uy-028,42,42
FIXTURE:ufo:mtch:1uz-021,42,42
FIXTURE:ufo:mtch:1uz-07x,42,42
FIXTURE:ufo:mtch:1uz-09z,42,42
FIXTURE:ufo:mtch:1v0-032,42,42
FIXTURE:ufo:mtch:1v0-05w,42,42
FIXTURE:ufo:mtch:1v0-070,42,42
FIXTURE:ufo:mtch:1v0-0ae,42,42
FIXTURE:ufo:mtch:1v1-00m,42,42
FIXTURE:ufo:mtch:1v3-01t,42,42
FIXTURE:ufo:mtch:1v5-25m,42,42
FIXTURE:ufo:mtch:1v6-03g,42,42
FIXTURE:ufo:mtch:1v6-0ij,42,42
FIXTURE:ufo:mtch:1v8-01v,42,42
FIXTURE:ufo:mtch:1vc-077,42,42
FIXTURE:ufo:mtch:1vc-0rm,42,42
FIXTURE:ufo:mtch:1ve-01x,42,42
FIXTURE:ufo:mtch:1vg-02x,42,42
FIXTURE:ufo:mtch:1vh-051,42,42
FIXTURE:ufo:mtch:1vi-22x,42,42
FIXTURE:ufo:mtch:1vk-048,42,42
FIXTURE:ufo:mtch:1vl-01k,42,42
FIXTURE:ufo:mtch:1vm-01g,42,42
FIXTURE:ufo:mtch:1vm-04o,42,42
FIXTURE:ufo:mtch:1us-04f,41,41
FIXTURE:ufo:mtch:1uu-02m,41,41
FIXTURE:ufo:mtch:1uu-1im,41,41
FIXTURE:ufo:mtch:1uv-0cp,41,41
FIXTURE:ufo:mtch:1uw-02i,41,41
FIXTURE:ufo:mtch:1uy-02c,41,41
FIXTURE:ufo:mtch:1uz-00h,41,41
FIXTURE:ufo:mtch:1uz-05i,41,41
FIXTURE:ufo:mtch:1v6-0ik,41,41
FIXTURE:ufo:mtch:1v6-0ya,41,41
FIXTURE:ufo:mtch:1v7-032,41,41
FIXTURE:ufo:mtch:1v9-0bd,41,41
FIXTURE:ufo:mtch:1vb-01f,41,41
FIXTURE:ufo:mtch:1vb-099,41,41
FIXTURE:ufo:mtch:1vc-00m,41,41
FIXTURE:ufo:mtch:1vc-09s,41,41
FIXTURE:ufo:mtch:1vd-00t,41,41
FIXTURE:ufo:mtch:1vd-03h,41,41
FIXTURE:ufo:mtch:1vm-00n,41,41
FIXTURE:ufo:mtch:1us-00g,40,40
FIXTURE:ufo:mtch:1us-00l,40,40
FIXTURE:ufo:mtch:1us-02p,40,40
FIXTURE:ufo:mtch:1us-064,40,40
FIXTURE:ufo:mtch:1us-065,40,40
FIXTURE:ufo:mtch:1us-069,40,40
FIXTURE:ufo:mtch:1us-06c,40,40
FIXTURE:ufo:mtch:1us-06d,40,40
FIXTURE:ufo:mtch:1us-1si,40,40
FIXTURE:ufo:mtch:1us-24l,40,40
FIXTURE:ufo:mtch:1ux-0j3,40,40
FIXTURE:ufo:mtch:1uy-00m,40,40
FIXTURE:ufo:mtch:1uy-00s,40,40
FIXTURE:ufo:mtch:1uz-03n,40,40
FIXTURE:ufo:mtch:1v0-07u,40,40
FIXTURE:ufo:mtch:1v1-00s,40,40
FIXTURE:ufo:mtch:1v1-0wq,40,40
FIXTURE:ufo:mtch:1v4-03v,40,40
FIXTURE:ufo:mtch:1v6-0es,40,40
FIXTURE:ufo:mtch:1v9-02p,40,40
FIXTURE:ufo:mtch:1vd-0cb,40,40
FIXTURE:ufo:mtch:1vd-1bx,40,40
FIXTURE:ufo:mtch:1ve-03y,40,40
FIXTURE:ufo:mtch:1vh-03u,40,40
FIXTURE:ufo:mtch:1vi-065,40,40
FIXTURE:ufo:mtch:1vk-018,40,40
FIXTURE:ufo:mtch:1vk-01e,40,40
FIXTURE:ufo:mtch:1vm-00i,40,40
FIXTURE:ufo:mtch:1vm-04q,40,40
FIXTURE:ufo:mtch:1vr-0f8,40,40
FIXTURE:ufo:mtch:1wc-047,40,40
FIXTURE:ufo:mtch:1us-0h1,39,39
FIXTURE:ufo:mtch:1uv-2ge,39,39
FIXTURE:ufo:mtch:1uy-0gf,39,39
FIXTURE:ufo:mtch:1uz-01a,39,39
FIXTURE:ufo:mtch:1uz-051,39,39
FIXTURE:ufo:mtch:1uz-0m8,39,39
FIXTURE:ufo:mtch:1v1-00r,39,39
FIXTURE:ufo:mtch:1v4-028,39,39
FIXTURE:ufo:mtch:1v5-25v,39,39
FIXTURE:ufo:mtch:1v6-01f,39,39
FIXTURE:ufo:mtch:1v6-04s,39,39
FIXTURE:ufo:mtch:1v8-00t,39,39
FIXTURE:ufo:mtch:1v9-0gn,39,39
FIXTURE:ufo:mtch:1vc-07z,39,39
FIXTURE:ufo:mtch:1vg-2ds,39,39
FIXTURE:ufo:mtch:1vj-0am,39,39
FIXTURE:ufo:mtch:1vk-035,39,39
FIXTURE:ufo:mtch:1vl-01a,39,39
FIXTURE:ufo:mtch:1vm-051,39,39
FIXTURE:ufo:mtch:1us-0p4,38,38
FIXTURE:ufo:mtch:1uu-00l,38,38
FIXTURE:ufo:mtch:1uw-1ut,38,38
FIXTURE:ufo:mtch:1v3-01l,38,38
FIXTURE:ufo:mtch:1v6-07s,38,38
FIXTURE:ufo:mtch:1v6-0if,38,38
FIXTURE:ufo:mtch:1v6-0im,38,38
FIXTURE:ufo:mtch:1v7-0x1,38,38
FIXTURE:ufo:mtch:1vc-00x,38,38
FIXTURE:ufo:mtch:1vc-02a,38,38
FIXTURE:ufo:mtch:1ve-2hj,38,38
FIXTURE:ufo:mtch:1vj-02u,38,38
FIXTURE:ufo:mtch:1vk-033,38,38
FIXTURE:ufo:mtch:1vk-04n,38,38
FIXTURE:ufo:mtch:1vk-0a9,38,38
FIXTURE:ufo:mtch:1vl-034,38,38
FIXTURE:ufo:mtch:1vl-05z,38,38
FIXTURE:ufo:mtch:1vm-00g,38,38
FIXTURE:ufo:mtch:1vm-1rd,38,38
FIXTURE:ufo:mtch:1ut-01j,37,37
FIXTURE:ufo:mtch:1uv-02q,37,37
FIXTURE:ufo:mtch:1ux-05e,37,37
FIXTURE:ufo:mtch:1uz-01t,37,37
FIXTURE:ufo:mtch:1v0-00v,37,37
FIXTURE:ufo:mtch:1v0-01c,37,37
FIXTURE:ufo:mtch:1v0-02x,37,37
FIXTURE:ufo:mtch:1v1-00y,37,37
FIXTURE:ufo:mtch:1v2-059,37,37
FIXTURE:ufo:mtch:1v6-02k,37,37
FIXTURE:ufo:mtch:1v6-0du,37,37
FIXTURE:ufo:mtch:1v6-0ip,37,37
FIXTURE:ufo:mtch:1v6-1jt,37,37
FIXTURE:ufo:mtch:1v7-03a,37,37
FIXTURE:ufo:mtch:1v7-044,37,37
FIXTURE:ufo:mtch:1v8-0is,37,37
FIXTURE:ufo:mtch:1vb-1jp,37,37
FIXTURE:ufo:mtch:1vc-1iu,37,37
FIXTURE:ufo:mtch:1vd-00y,37,37
FIXTURE:ufo:mtch:1vd-01h,37,37
FIXTURE:ufo:mtch:1vj-0aq,37,37
FIXTURE:ufo:mtch:1vk-01g,37,37
FIXTURE:ufo:mtch:1vk-09m,37,37
FIXTURE:ufo:mtch:1vl-05t,37,37
FIXTURE:ufo:mtch:1vm-05m,37,37
FIXTURE:ufo:mtch:1us-0h0,36,36
FIXTURE:ufo:mtch:1uu-00m,36,36
FIXTURE:ufo:mtch:1uy-24j,36,36
FIXTURE:ufo:mtch:1v0-036,36,36
FIXTURE:ufo:mtch:1v0-05h,36,36
FIXTURE:ufo:mtch:1v0-07w,36,36
FIXTURE:ufo:mtch:1v0-09a,36,36
FIXTURE:ufo:mtch:1v3-264,36,36
FIXTURE:ufo:mtch:1v5-25w,36,36
FIXTURE:ufo:mtch:1v6-01n,36,36
FIXTURE:ufo:mtch:1v6-08e,36,36
FIXTURE:ufo:mtch:1v6-08u,36,36
FIXTURE:ufo:mtch:1v6-0js,36,36
FIXTURE:ufo:mtch:1vb-235,36,36
FIXTURE:ufo:mtch:1vb-2hw,36,36
FIXTURE:ufo:mtch:1vd-00w,36,36
FIXTURE:ufo:mtch:1ve-061,36,36
FIXTURE:ufo:mtch:1vg-030,36,36
FIXTURE:ufo:mtch:1vh-06p,36,36
FIXTURE:ufo:mtch:1vi-040,36,36
FIXTURE:ufo:mtch:1vl-067,36,36
FIXTURE:ufo:mtch:1vl-09p,36,36
FIXTURE:ufo:mtch:1us-0gp,35,35
FIXTURE:ufo:mtch:1uy-00d,35,35
FIXTURE:ufo:mtch:1uz-09t,35,35
FIXTURE:ufo:mtch:1v0-014,35,35
FIXTURE:ufo:mtch:1v3-26m,35,35
FIXTURE:ufo:mtch:1v6-01k,35,35
FIXTURE:ufo:mtch:1v6-0iq,35,35
FIXTURE:ufo:mtch:1v7-03s,35,35
FIXTURE:ufo:mtch:1v8-06c,35,35
FIXTURE:ufo:mtch:1v9-0fh,35,35
FIXTURE:ufo:mtch:1vd-00v,35,35
FIXTURE:ufo:mtch:1vd-02r,35,35
FIXTURE:ufo:mtch:1vd-04e,35,35
FIXTURE:ufo:mtch:1vd-3dr,35,35
FIXTURE:ufo:mtch:1ve-03q,35,35
FIXTURE:ufo:mtch:1vf-02q,35,35
FIXTURE:ufo:mtch:1vh-0cy,35,35
FIXTURE:ufo:mtch:1us-1ue,34,34
FIXTURE:ufo:mtch:1uw-02d,34,34
FIXTURE:ufo:mtch:1uz-02b,34,34
FIXTURE:ufo:mtch:1uz-2s0,34,34
FIXTURE:ufo:mtch:1v0-00u,34,34
FIXTURE:ufo:mtch:1v0-06c,34,34
FIXTURE:ufo:mtch:1v0-0vy,34,34
FIXTURE:ufo:mtch:1v1-02t,34,34
FIXTURE:ufo:mtch:1v1-07v,34,34
FIXTURE:ufo:mtch:1v2-03f,34,34
FIXTURE:ufo:mtch:1v4-00z,34,34
FIXTURE:ufo:mtch:1v5-029,34,34
FIXTURE:ufo:mtch:1v5-25r,34,34
FIXTURE:ufo:mtch:1v6-01l,34,34
FIXTURE:ufo:mtch:1v7-025,34,34
FIXTURE:ufo:mtch:1v7-09k,34,34
FIXTURE:ufo:mtch:1v7-0n8,34,34
FIXTURE:ufo:mtch:1v8-00f,34,34
FIXTURE:ufo:mtch:1v8-01c,34,34
FIXTURE:ufo:mtch:1va-0ic,34,34
FIXTURE:ufo:mtch:1vc-02d,34,34
FIXTURE:ufo:mtch:1ve-005,34,34
FIXTURE:ufo:mtch:1ve-02q,34,34
FIXTURE:ufo:mtch:1vh-03r,34,34
FIXTURE:ufo:mtch:1vh-0d0,34,34
FIXTURE:ufo:mtch:1vh-0jq,34,34
FIXTURE:ufo:mtch:1vh-2sz,34,34
FIXTURE:ufo:mtch:1vj-065,34,34
FIXTURE:ufo:mtch:1vj-066,34,34
FIXTURE:ufo:mtch:1vk-03c,34,34
FIXTURE:ufo:mtch:1vl-03f,34,34
FIXTURE:ufo:mtch:1ut-2at,33,33
FIXTURE:ufo:mtch:1uw-02f,33,33
FIXTURE:ufo:mtch:1v0-02k,33,33
FIXTURE:ufo:mtch:1v1-00q,33,33
FIXTURE:ufo:mtch:1v2-00j,33,33
FIXTURE:ufo:mtch:1v2-24u,33,33
FIXTURE:ufo:mtch:1v3-014,33,33
FIXTURE:ufo:mtch:1v4-061,33,33
FIXTURE:ufo:mtch:1v5-025,33,33
FIXTURE:ufo:mtch:1v6-013,33,33
FIXTURE:ufo:mtch:1v6-0k4,33,33
FIXTURE:ufo:mtch:1v6-18f,33,33
FIXTURE:ufo:mtch:1vb-1ne,33,33
FIXTURE:ufo:mtch:1vc-03s,33,33
FIXTURE:ufo:mtch:1ve-2k1,33,33
FIXTURE:ufo:mtch:1vf-0ft,33,33
FIXTURE:ufo:mtch:1vh-0q9,33,33
FIXTURE:ufo:mtch:1vi-05j,33,33
FIXTURE:ufo:mtch:1vk-0az,33,33
FIXTURE:ufo:mtch:1vk-0fr,33,33
FIXTURE:ufo:mtch:1vl-03d,33,33
FIXTURE:ufo:mtch:1vl-04p,33,33
FIXTURE:ufo:mtch:1vm-01n,33,33
FIXTURE:ufo:mtch:1uw-04a,32,32
FIXTURE:ufo:mtch:1uw-0bx,32,32
FIXTURE:ufo:mtch:1v0-0by,32,32
FIXTURE:ufo:mtch:1v2-02a,32,32
FIXTURE:ufo:mtch:1v2-02q,32,32
FIXTURE:ufo:mtch:1v2-0k0,32,32
FIXTURE:ufo:mtch:1v4-01r,32,32
FIXTURE:ufo:mtch:1v5-2uq,32,32
FIXTURE:ufo:mtch:1v6-0a6,32,32
FIXTURE:ufo:mtch:1v6-269,32,32
FIXTURE:ufo:mtch:1v7-01r,32,32
FIXTURE:ufo:mtch:1v7-020,32,32
FIXTURE:ufo:mtch:1v7-089,32,32
FIXTURE:ufo:mtch:1v7-0xn,32,32
FIXTURE:ufo:mtch:1v9-00f,32,32
FIXTURE:ufo:mtch:1va-033,32,32
FIXTURE:ufo:mtch:1vc-00r,32,32
FIXTURE:ufo:mtch:1vd-03r,32,32
FIXTURE:ufo:mtch:1vd-04w,32,32
FIXTURE:ufo:mtch:1vh-03s,32,32
FIXTURE:ufo:mtch:1vh-053,32,32
FIXTURE:ufo:mtch:1vh-1v7,32,32
FIXTURE:ufo:mtch:1vj-06y,32,32
FIXTURE:ufo:mtch:1vk-044,32,32
FIXTURE:ufo:mtch:1uu-01h,31,31
FIXTURE:ufo:mtch:1ux-0ks,31,31
FIXTURE:ufo:mtch:1ux-26o,31,31
FIXTURE:ufo:mtch:1v2-01j,31,31
FIXTURE:ufo:mtch:1v2-04a,31,31
FIXTURE:ufo:mtch:1v2-0jw,31,31
FIXTURE:ufo:mtch:1v5-25y,31,31
FIXTURE:ufo:mtch:1v7-0ae,31,31
FIXTURE:ufo:mtch:1vb-06x,31,31
FIXTURE:ufo:mtch:1vb-238,31,31
FIXTURE:ufo:mtch:1vc-03t,31,31
FIXTURE:ufo:mtch:1vc-0s0,31,31
FIXTURE:ufo:mtch:1vd-01e,31,31
FIXTURE:ufo:mtch:1vh-08a,31,31
FIXTURE:ufo:mtch:1vh-1ga,31,31
FIXTURE:ufo:mtch:1vh-2os,31,31
FIXTURE:ufo:mtch:1vi-09j,31,31
FIXTURE:ufo:mtch:1vk-00x,31,31
FIXTURE:ufo:mtch:1vk-02l,31,31
FIXTURE:ufo:mtch:1vm-1er,31,31
FIXTURE:ufo:mtch:1us-024,30,30
FIXTURE:ufo:mtch:1us-02h,30,30
FIXTURE:ufo:mtch:1uu-00t,30,30
FIXTURE:ufo:mtch:1uu-020,30,30
FIXTURE:ufo:mtch:1uu-1y1,30,30
FIXTURE:ufo:mtch:1uv-0e8,30,30
FIXTURE:ufo:mtch:1uv-25f,30,30
FIXTURE:ufo:mtch:1uw-03j,30,30
FIXTURE:ufo:mtch:1ux-03o,30,30
FIXTURE:ufo:mtch:1ux-0fr,30,30
FIXTURE:ufo:mtch:1uz-0mi,30,30
FIXTURE:ufo:mtch:1uz-0n2,30,30
FIXTURE:ufo:mtch:1uz-25c,30,30
FIXTURE:ufo:mtch:1v0-01b,30,30
FIXTURE:ufo:mtch:1v0-02o,30,30
FIXTURE:ufo:mtch:1v1-1lk,30,30
FIXTURE:ufo:mtch:1v2-16g,30,30
FIXTURE:ufo:mtch:1v2-1rd,30,30
FIXTURE:ufo:mtch:1v3-26j,30,30
FIXTURE:ufo:mtch:1v3-26w,30,30
FIXTURE:ufo:mtch:1v4-03a,30,30
FIXTURE:ufo:mtch:1v4-0bg,30,30
FIXTURE:ufo:mtch:1v5-026,30,30
FIXTURE:ufo:mtch:1v5-03f,30,30
FIXTURE:ufo:mtch:1v6-039,30,30
FIXTURE:ufo:mtch:1v6-04u,30,30
FIXTURE:ufo:mtch:1v6-08t,30,30
FIXTURE:ufo:mtch:1v6-0jw,30,30
FIXTURE:ufo:mtch:1v7-0bt,30,30
FIXTURE:ufo:mtch:1v8-00l,30,30
FIXTURE:ufo:mtch:1v8-0ht,30,30
FIXTURE:ufo:mtch:1vb-074,30,30
FIXTURE:ufo:mtch:1vd-02u,30,30
FIXTURE:ufo:mtch:1vd-07w,30,30
FIXTURE:ufo:mtch:1vf-219,30,30
FIXTURE:ufo:mtch:1vh-04r,30,30
FIXTURE:ufo:mtch:1vi-03z,30,30
FIXTURE:ufo:mtch:1vi-04l,30,30
FIXTURE:ufo:mtch:1vk-094,30,30
FIXTURE:ufo:mtch:1vl-1zp,30,30
FIXTURE:ufo:mtch:1vl-23b,30,30
FIXTURE:ufo:mtch:1us-04n,29,29
FIXTURE:ufo:mtch:1us-04q,29,29
FIXTURE:ufo:mtch:1us-0j8,29,29
FIXTURE:ufo:mtch:1us-1q8,29,29
FIXTURE:ufo:mtch:1ut-00k,29,29
FIXTURE:ufo:mtch:1uw-27q,29,29
FIXTURE:ufo:mtch:1ux-04s,29,29
FIXTURE:ufo:mtch:1ux-0fv,29,29
FIXTURE:ufo:mtch:1uz-03g,29,29
FIXTURE:ufo:mtch:1uz-06r,29,29
FIXTURE:ufo:mtch:1uz-0gl,29,29
FIXTURE:ufo:mtch:1uz-24k,29,29
FIXTURE:ufo:mtch:1v2-00e,29,29
FIXTURE:ufo:mtch:1v2-02g,29,29
FIXTURE:ufo:mtch:1v3-0m9,29,29
FIXTURE:ufo:mtch:1v6-04t,29,29
FIXTURE:ufo:mtch:1v6-0aa,29,29
FIXTURE:ufo:mtch:1v6-2hk,29,29
FIXTURE:ufo:mtch:1v7-1w1,29,29
FIXTURE:ufo:mtch:1v9-04q,29,29
FIXTURE:ufo:mtch:1va-032,29,29
FIXTURE:ufo:mtch:1va-079,29,29
FIXTURE:ufo:mtch:1va-1xh,29,29
FIXTURE:ufo:mtch:1vb-013,29,29
FIXTURE:ufo:mtch:1vc-071,29,29
FIXTURE:ufo:mtch:1vd-0br,29,29
FIXTURE:ufo:mtch:1ve-02o,29,29
FIXTURE:ufo:mtch:1ve-0i2,29,29
FIXTURE:ufo:mtch:1vf-04x,29,29
FIXTURE:ufo:mtch:1vg-02z,29,29
FIXTURE:ufo:mtch:1vg-03a,29,29
FIXTURE:ufo:mtch:1vh-03l,29,29
FIXTURE:ufo:mtch:1vh-06r,29,29
FIXTURE:ufo:mtch:1vh-0lj,29,29
FIXTURE:ufo:mtch:1vk-09j,29,29
FIXTURE:ufo:mtch:1vk-0fq,29,29
FIXTURE:ufo:mtch:1vl-05s,29,29
FIXTURE:ufo:mtch:1vl-066,29,29
FIXTURE:ufo:mtch:1vl-0a5,29,29
FIXTURE:ufo:mtch:1vm-020,29,29
FIXTURE:ufo:mtch:1vm-04y,29,29
FIXTURE:ufo:mtch:1vm-06a,29,29
FIXTURE:ufo:mtch:1vm-06b,29,29
FIXTURE:ufo:mtch:1us-025,28,28
FIXTURE:ufo:mtch:1ut-02w,28,28
FIXTURE:ufo:mtch:1uu-00s,28,28
FIXTURE:ufo:mtch:1uu-0a5,28,28
FIXTURE:ufo:mtch:1uv-00g,28,28
FIXTURE:ufo:mtch:1uw-031,28,28
FIXTURE:ufo:mtch:1uw-03q,28,28
FIXTURE:ufo:mtch:1uw-0jv,28,28
FIXTURE:ufo:mtch:1uw-1tw,28,28
FIXTURE:ufo:mtch:1uy-00q,28,28
FIXTURE:ufo:mtch:1uy-01z,28,28
FIXTURE:ufo:mtch:1uy-050,28,28
FIXTURE:ufo:mtch:1uy-0p9,28,28
FIXTURE:ufo:mtch:1uz-0bl,28,28
FIXTURE:ufo:mtch:1v0-07x,28,28
FIXTURE:ufo:mtch:1v1-127,28,28
FIXTURE:ufo:mtch:1v3-26i,28,28
FIXTURE:ufo:mtch:1v5-02a,28,28
FIXTURE:ufo:mtch:1v6-0a7,28,28
FIXTURE:ufo:mtch:1v6-0k9,28,28
FIXTURE:ufo:mtch:1v6-26a,28,28
FIXTURE:ufo:mtch:1v7-05k,28,28
FIXTURE:ufo:mtch:1v7-0pk,28,28
FIXTURE:ufo:mtch:1v9-04f,28,28
FIXTURE:ufo:mtch:1v9-0gq,28,28
FIXTURE:ufo:mtch:1va-0jo,28,28
FIXTURE:ufo:mtch:1va-1up,28,28
FIXTURE:ufo:mtch:1vb-1lr,28,28
FIXTURE:ufo:mtch:1vc-00k,28,28
FIXTURE:ufo:mtch:1vc-01q,28,28
FIXTURE:ufo:mtch:1ve-006,28,28
FIXTURE:ufo:mtch:1ve-0bn,28,28
FIXTURE:ufo:mtch:1vf-02b,28,28
FIXTURE:ufo:mtch:1vh-14e,28,28
FIXTURE:ufo:mtch:1vi-05k,28,28
FIXTURE:ufo:mtch:1vj-041,28,28
FIXTURE:ufo:mtch:1vk-043,28,28
FIXTURE:ufo:mtch:1vk-0fm,28,28
FIXTURE:ufo:mtch:1vk-0m9,28,28
FIXTURE:ufo:mtch:1vl-03p,28,28
FIXTURE:ufo:mtch:1vl-05e,28,28
FIXTURE:ufo:mtch:1us-034,27,27
FIXTURE:ufo:mtch:1us-05b,27,27
FIXTURE:ufo:mtch:1ut-017,27,27
FIXTURE:ufo:mtch:1ut-0r7,27,27
FIXTURE:ufo:mtch:1uv-1nr,27,27
FIXTURE:ufo:mtch:1uw-035,27,27
FIXTURE:ufo:mtch:1uw-0js,27,27
FIXTURE:ufo:mtch:1uw-0jt,27,27
FIXTURE:ufo:mtch:1uw-0yh,27,27
FIXTURE:ufo:mtch:1uw-2pn,27,27
FIXTURE:ufo:mtch:1ux-0kp,27,27
FIXTURE:ufo:mtch:1uy-12o,27,27
FIXTURE:ufo:mtch:1uz-02o,27,27
FIXTURE:ufo:mtch:1v0-010,27,27
FIXTURE:ufo:mtch:1v0-077,27,27
FIXTURE:ufo:mtch:1v1-033,27,27
FIXTURE:ufo:mtch:1v2-00l,27,27
FIXTURE:ufo:mtch:1v3-084,27,27
FIXTURE:ufo:mtch:1v3-0oc,27,27
FIXTURE:ufo:mtch:1v4-03n,27,27
FIXTURE:ufo:mtch:1v5-02y,27,27
FIXTURE:ufo:mtch:1v5-25o,27,27
FIXTURE:ufo:mtch:1v6-010,27,27
FIXTURE:ufo:mtch:1v6-1c5,27,27
FIXTURE:ufo:mtch:1v6-1k4,27,27
FIXTURE:ufo:mtch:1v7-006,27,27
FIXTURE:ufo:mtch:1v7-039,27,27
FIXTURE:ufo:mtch:1v9-0ll,27,27
FIXTURE:ufo:mtch:1va-1ba,27,27
FIXTURE:ufo:mtch:1vb-22v,27,27
FIXTURE:ufo:mtch:1vd-032,27,27
FIXTURE:ufo:mtch:1ve-083,27,27
FIXTURE:ufo:mtch:1vh-0a3,27,27
FIXTURE:ufo:mtch:1vi-068,27,27
FIXTURE:ufo:mtch:1vi-255,27,27
FIXTURE:ufo:mtch:1vk-082,27,27
FIXTURE:ufo:mtch:1vk-0ma,27,27
FIXTURE:ufo:mtch:1us-058,26,26
FIXTURE:ufo:mtch:1uv-0t9,26,26
FIXTURE:ufo:mtch:1uw-2pk,26,26
FIXTURE:ufo:mtch:1ux-01n,26,26
FIXTURE:ufo:mtch:1uy-0m7,26,26
FIXTURE:ufo:mtch:1uy-1vp,26,26
FIXTURE:ufo:mtch:1v0-07n,26,26
FIXTURE:ufo:mtch:1v4-07m,26,26
FIXTURE:ufo:mtch:1v4-2bm,26,26
FIXTURE:ufo:mtch:1v5-0gk,26,26
FIXTURE:ufo:mtch:1v6-02t,26,26
FIXTURE:ufo:mtch:1v6-03m,26,26
FIXTURE:ufo:mtch:1v8-0iq,26,26
FIXTURE:ufo:mtch:1v9-01k,26,26
FIXTURE:ufo:mtch:1v9-0ku,26,26
FIXTURE:ufo:mtch:1va-11i,26,26
FIXTURE:ufo:mtch:1vb-1a2,26,26
FIXTURE:ufo:mtch:1vb-2h8,26,26
FIXTURE:ufo:mtch:1vc-06i,26,26
FIXTURE:ufo:mtch:1vc-1va,26,26
FIXTURE:ufo:mtch:1ve-0ea,26,26
FIXTURE:ufo:mtch:1vh-054,26,26
FIXTURE:ufo:mtch:1vh-0ev,26,26
FIXTURE:ufo:mtch:1vh-1h7,26,26
FIXTURE:ufo:mtch:1vi-05h,26,26
FIXTURE:ufo:mtch:1vi-12r,26,26
FIXTURE:ufo:mtch:1vl-022,26,26
FIXTURE:ufo:mtch:1vl-08q,26,26
FIXTURE:ufo:mtch:1vl-0ir,26,26
FIXTURE:ufo:mtch:1vl-0nf,26,26
FIXTURE:ufo:mtch:1vl-0nr,26,26
FIXTURE:ufo:mtch:1vl-0o9,26,26
FIXTURE:ufo:mtch:1vl-0w5,26,26
FIXTURE:ufo:mtch:1vl-1nk,26,26
FIXTURE:ufo:mtch:1vl-1nm,26,26
FIXTURE:ufo:mtch:1vl-1o9,26,26
FIXTURE:ufo:mtch:1vm-00b,26,26
FIXTURE:ufo:mtch:1vm-03m,26,26
FIXTURE:ufo:mtch:1vm-19r,26,26
FIXTURE:ufo:mtch:1vm-1eo,26,26
FIXTURE:ufo:mtch:1vm-1eq,26,26
FIXTURE:ufo:mtch:1vm-1es,26,26
FIXTURE:ufo:mtch:1ut-07j,25,25
FIXTURE:ufo:mtch:1uu-0av,25,25
FIXTURE:ufo:mtch:1uw-1us,25,25
FIXTURE:ufo:mtch:1uw-27g,25,25
FIXTURE:ufo:mtch:1uy-04h,25,25
FIXTURE:ufo:mtch:1uy-04z,25,25
FIXTURE:ufo:mtch:1uy-1jy,25,25
FIXTURE:ufo:mtch:1uz-04e,25,25
FIXTURE:ufo:mtch:1uz-0bi,25,25
FIXTURE:ufo:mtch:1uz-0jr,25,25
FIXTURE:ufo:mtch:1uz-13g,25,25
FIXTURE:ufo:mtch:1uz-2hh,25,25
FIXTURE:ufo:mtch:1v1-119,25,25
FIXTURE:ufo:mtch:1v3-015,25,25
FIXTURE:ufo:mtch:1v3-27g,25,25
FIXTURE:ufo:mtch:1v4-02r,25,25
FIXTURE:ufo:mtch:1v5-25x,25,25
FIXTURE:ufo:mtch:1v6-00v,25,25
FIXTURE:ufo:mtch:1v6-00z,25,25
FIXTURE:ufo:mtch:1v6-083,25,25
FIXTURE:ufo:mtch:1v6-1f0,25,25
FIXTURE:ufo:mtch:1v7-01u,25,25
FIXTURE:ufo:mtch:1v7-03e,25,25
FIXTURE:ufo:mtch:1v7-061,25,25
FIXTURE:ufo:mtch:1v9-00i,25,25
FIXTURE:ufo:mtch:1v9-01v,25,25
FIXTURE:ufo:mtch:1v9-05t,25,25
FIXTURE:ufo:mtch:1va-2le,25,25
FIXTURE:ufo:mtch:1vd-0dj,25,25
FIXTURE:ufo:mtch:1vd-0ft,25,25
FIXTURE:ufo:mtch:1ve-0ln,25,25
FIXTURE:ufo:mtch:1vf-024,25,25
FIXTURE:ufo:mtch:1vf-189,25,25
FIXTURE:ufo:mtch:1vi-1l3,25,25
FIXTURE:ufo:mtch:1vl-01c,25,25
FIXTURE:ufo:mtch:1vl-03y,25,25
FIXTURE:ufo:mtch:1vl-056,25,25
FIXTURE:ufo:mtch:1vl-0l8,25,25
FIXTURE:ufo:mtch:1us-021,24,24
FIXTURE:ufo:mtch:1us-04e,24,24
FIXTURE:ufo:mtch:1us-0ix,24,24
FIXTURE:ufo:mtch:1ut-01l,24,24
FIXTURE:ufo:mtch:1ut-04l,24,24
FIXTURE:ufo:mtch:1uw-01v,24,24
FIXTURE:ufo:mtch:1uw-1vh,24,24
FIXTURE:ufo:mtch:1uw-279,24,24
FIXTURE:ufo:mtch:1uw-2a5,24,24
FIXTURE:ufo:mtch:1ux-079,24,24
FIXTURE:ufo:mtch:1uy-01u,24,24
FIXTURE:ufo:mtch:1uy-04y,24,24
FIXTURE:ufo:mtch:1uy-1wg,24,24
FIXTURE:ufo:mtch:1uz-041,24,24
FIXTURE:ufo:mtch:1uz-0h1,24,24
FIXTURE:ufo:mtch:1uz-0pk,24,24
FIXTURE:ufo:mtch:1uz-0zn,24,24
FIXTURE:ufo:mtch:1uz-13q,24,24
FIXTURE:ufo:mtch:1v0-046,24,24
FIXTURE:ufo:mtch:1v0-05t,24,24
FIXTURE:ufo:mtch:1v0-05y,24,24
FIXTURE:ufo:mtch:1v0-08k,24,24
FIXTURE:ufo:mtch:1v1-0gn,24,24
FIXTURE:ufo:mtch:1v2-00f,24,24
FIXTURE:ufo:mtch:1v2-00h,24,24
FIXTURE:ufo:mtch:1v3-02c,24,24
FIXTURE:ufo:mtch:1v3-05l,24,24
FIXTURE:ufo:mtch:1v4-02g,24,24
FIXTURE:ufo:mtch:1v4-0em,24,24
FIXTURE:ufo:mtch:1v4-0ip,24,24
FIXTURE:ufo:mtch:1v4-19t,24,24
FIXTURE:ufo:mtch:1v5-03t,24,24
FIXTURE:ufo:mtch:1v5-0h0,24,24
FIXTURE:ufo:mtch:1v5-0wg,24,24
FIXTURE:ufo:mtch:1v6-0c8,24,24
FIXTURE:ufo:mtch:1v6-0ew,24,24
FIXTURE:ufo:mtch:1v6-0fc,24,24
FIXTURE:ufo:mtch:1v6-1lo,24,24
FIXTURE:ufo:mtch:1v7-0bh,24,24
FIXTURE:ufo:mtch:1v7-188,24,24
FIXTURE:ufo:mtch:1v8-02h,24,24
FIXTURE:ufo:mtch:1va-1ai,24,24
FIXTURE:ufo:mtch:1vb-02e,24,24
FIXTURE:ufo:mtch:1vb-2ra,24,24
FIXTURE:ufo:mtch:1vc-01m,24,24
FIXTURE:ufo:mtch:1vc-02m,24,24
FIXTURE:ufo:mtch:1vc-09d,24,24
FIXTURE:ufo:mtch:1vc-1tr,24,24
FIXTURE:ufo:mtch:1vd-3do,24,24
FIXTURE:ufo:mtch:1ve-0eh,24,24
FIXTURE:ufo:mtch:1ve-0lp,24,24
FIXTURE:ufo:mtch:1ve-0lr,24,24
FIXTURE:ufo:mtch:1ve-199,24,24
FIXTURE:ufo:mtch:1ve-1va,24,24
FIXTURE:ufo:mtch:1vf-01g,24,24
FIXTURE:ufo:mtch:1vf-0en,24,24
FIXTURE:ufo:mtch:1vf-0fi,24,24
FIXTURE:ufo:mtch:1vh-09l,24,24
FIXTURE:ufo:mtch:1vh-1yv,24,24
FIXTURE:ufo:mtch:1vj-058,24,24
FIXTURE:ufo:mtch:1vk-02t,24,24
FIXTURE:ufo:mtch:1vk-061,24,24
FIXTURE:ufo:mtch:1vl-01b,24,24
FIXTURE:ufo:mtch:1vl-0gh,24,24
FIXTURE:ufo:mtch:1us-023,23,23
FIXTURE:ufo:mtch:1us-02g,23,23
FIXTURE:ufo:mtch:1uw-2ph,23,23
FIXTURE:ufo:mtch:1ux-1r2,23,23
FIXTURE:ufo:mtch:1uy-00h,23,23
FIXTURE:ufo:mtch:1uy-0gb,23,23
FIXTURE:ufo:mtch:1uy-1d1,23,23
FIXTURE:ufo:mtch:1uz-0gq,23,23
FIXTURE:ufo:mtch:1v0-00y,23,23
FIXTURE:ufo:mtch:1v1-0cc,23,23
FIXTURE:ufo:mtch:1v1-1kv,23,23
FIXTURE:ufo:mtch:1v2-075,23,23
FIXTURE:ufo:mtch:1v2-16b,23,23
FIXTURE:ufo:mtch:1v2-253,23,23
FIXTURE:ufo:mtch:1v3-02b,23,23
FIXTURE:ufo:mtch:1v3-26e,23,23
FIXTURE:ufo:mtch:1v3-26n,23,23
FIXTURE:ufo:mtch:1v3-26z,23,23
FIXTURE:ufo:mtch:1v4-01n,23,23
FIXTURE:ufo:mtch:1v5-0jx,23,23
FIXTURE:ufo:mtch:1v6-014,23,23
FIXTURE:ufo:mtch:1v6-015,23,23
FIXTURE:ufo:mtch:1v6-04i,23,23
FIXTURE:ufo:mtch:1v6-057,23,23
FIXTURE:ufo:mtch:1v6-0a9,23,23
FIXTURE:ufo:mtch:1v6-0ax,23,23
FIXTURE:ufo:mtch:1v6-2fy,23,23
FIXTURE:ufo:mtch:1v7-04j,23,23
FIXTURE:ufo:mtch:1v7-09g,23,23
FIXTURE:ufo:mtch:1v7-0y7,23,23
FIXTURE:ufo:mtch:1v7-1kz,23,23
FIXTURE:ufo:mtch:1v8-0v4,23,23
FIXTURE:ufo:mtch:1va-27m,23,23
FIXTURE:ufo:mtch:1vc-07b,23,23
FIXTURE:ufo:mtch:1vc-09q,23,23
FIXTURE:ufo:mtch:1vd-06w,23,23
FIXTURE:ufo:mtch:1vd-0be,23,23
FIXTURE:ufo:mtch:1ve-0nx,23,23
FIXTURE:ufo:mtch:1vh-012,23,23
FIXTURE:ufo:mtch:1vh-04o,23,23
FIXTURE:ufo:mtch:1vh-1u4,23,23
FIXTURE:ufo:mtch:1vh-206,23,23
FIXTURE:ufo:mtch:1vj-00j,23,23
FIXTURE:ufo:mtch:1vk-0cw,23,23
FIXTURE:ufo:mtch:1vl-068,23,23
FIXTURE:ufo:mtch:1vm-05u,23,23
FIXTURE:ufo:mtch:1vm-23e,23,23
FIXTURE:ufo:mtch:1us-04l,22,22
FIXTURE:ufo:mtch:1us-059,22,22
FIXTURE:ufo:mtch:1us-1q7,22,22
FIXTURE:ufo:mtch:1ut-07l,22,22
FIXTURE:ufo:mtch:1uu-01q,22,22
FIXTURE:ufo:mtch:1uu-01x,22,22
FIXTURE:ufo:mtch:1ux-05r,22,22
FIXTURE:ufo:mtch:1ux-1r0,22,22
FIXTURE:ufo:mtch:1uy-029,22,22
FIXTURE:ufo:mtch:1uy-077,22,22
FIXTURE:ufo:mtch:1uy-0dg,22,22
FIXTURE:ufo:mtch:1uz-02f,22,22
FIXTURE:ufo:mtch:1uz-05b,22,22
FIXTURE:ufo:mtch:1v0-03j,22,22
FIXTURE:ufo:mtch:1v0-07a,22,22
FIXTURE:ufo:mtch:1v0-0sm,22,22
FIXTURE:ufo:mtch:1v1-0gj,22,22
FIXTURE:ufo:mtch:1v1-19u,22,22
FIXTURE:ufo:mtch:1v2-0k6,22,22
FIXTURE:ufo:mtch:1v2-145,22,22
FIXTURE:ufo:mtch:1v2-2il,22,22
FIXTURE:ufo:mtch:1v3-0ap,22,22
FIXTURE:ufo:mtch:1v3-28d,22,22
FIXTURE:ufo:mtch:1v4-02y,22,22
FIXTURE:ufo:mtch:1v4-0dd,22,22
FIXTURE:ufo:mtch:1v5-04t,22,22
FIXTURE:ufo:mtch:1v5-0gl,22,22
FIXTURE:ufo:mtch:1v6-03f,22,22
FIXTURE:ufo:mtch:1v6-0dm,22,22
FIXTURE:ufo:mtch:1v6-0er,22,22
FIXTURE:ufo:mtch:1v6-0n1,22,22
FIXTURE:ufo:mtch:1v6-0n3,22,22
FIXTURE:ufo:mtch:1v7-009,22,22
FIXTURE:ufo:mtch:1v7-0xo,22,22
FIXTURE:ufo:mtch:1v8-0nn,22,22
FIXTURE:ufo:mtch:1v9-025,22,22
FIXTURE:ufo:mtch:1va-03i,22,22
FIXTURE:ufo:mtch:1va-2bk,22,22
FIXTURE:ufo:mtch:1vb-06f,22,22
FIXTURE:ufo:mtch:1vb-0hl,22,22
FIXTURE:ufo:mtch:1vb-2hc,22,22
FIXTURE:ufo:mtch:1vc-07p,22,22
FIXTURE:ufo:mtch:1vd-02o,22,22
FIXTURE:ufo:mtch:1vd-0kk,22,22
FIXTURE:ufo:mtch:1vd-0yl,22,22
FIXTURE:ufo:mtch:1vd-2n1,22,22
FIXTURE:ufo:mtch:1ve-06t,22,22
FIXTURE:ufo:mtch:1ve-2ui,22,22
FIXTURE:ufo:mtch:1vg-0nf,22,22
FIXTURE:ufo:mtch:1vh-08q,22,22
FIXTURE:ufo:mtch:1vh-09i,22,22
FIXTURE:ufo:mtch:1vh-09s,22,22
FIXTURE:ufo:mtch:1vh-1u8,22,22
FIXTURE:ufo:mtch:1vh-2p6,22,22
FIXTURE:ufo:mtch:1vi-03l,22,22
FIXTURE:ufo:mtch:1vi-26o,22,22
FIXTURE:ufo:mtch:1vi-2ey,22,22
FIXTURE:ufo:mtch:1vj-02t,22,22
FIXTURE:ufo:mtch:1vk-09d,22,22
FIXTURE:ufo:mtch:1vk-0nv,22,22
FIXTURE:ufo:mtch:1vl-03x,22,22
FIXTURE:ufo:mtch:1vl-0st,22,22
FIXTURE:ufo:mtch:1us-1sy,21,21
FIXTURE:ufo:mtch:1ut-0aj,21,21
FIXTURE:ufo:mtch:1uv-02e,21,21
FIXTURE:ufo:mtch:1uw-0pj,21,21
FIXTURE:ufo:mtch:1uw-27n,21,21
FIXTURE:ufo:mtch:1uw-2bw,21,21
FIXTURE:ufo:mtch:1uy-01s,21,21
FIXTURE:ufo:mtch:1uy-1cz,21,21
FIXTURE:ufo:mtch:1uz-02d,21,21
FIXTURE:ufo:mtch:1uz-04l,21,21
FIXTURE:ufo:mtch:1uz-0yy,21,21
FIXTURE:ufo:mtch:1v0-039,21,21
FIXTURE:ufo:mtch:1v0-04p,21,21
FIXTURE:ufo:mtch:1v0-0cy,21,21
FIXTURE:ufo:mtch:1v0-0fl,21,21
FIXTURE:ufo:mtch:1v0-0h5,21,21
FIXTURE:ufo:mtch:1v0-0xv,21,21
FIXTURE:ufo:mtch:1v1-03l,21,21
FIXTURE:ufo:mtch:1v1-0gq,21,21
FIXTURE:ufo:mtch:1v2-251,21,21
FIXTURE:ufo:mtch:1v2-255,21,21
FIXTURE:ufo:mtch:1v3-029,21,21
FIXTURE:ufo:mtch:1v3-28i,21,21
FIXTURE:ufo:mtch:1v4-02q,21,21
FIXTURE:ufo:mtch:1v4-0bu,21,21
FIXTURE:ufo:mtch:1v5-0c0,21,21
FIXTURE:ufo:mtch:1v5-1sg,21,21
FIXTURE:ufo:mtch:1v5-25h,21,21
FIXTURE:ufo:mtch:1v6-02l,21,21
FIXTURE:ufo:mtch:1v6-0gp,21,21
FIXTURE:ufo:mtch:1v6-184,21,21
FIXTURE:ufo:mtch:1v6-2lw,21,21
FIXTURE:ufo:mtch:1v7-01v,21,21
FIXTURE:ufo:mtch:1v7-03p,21,21
FIXTURE:ufo:mtch:1v7-05q,21,21
FIXTURE:ufo:mtch:1v7-0e9,21,21
FIXTURE:ufo:mtch:1v7-0xx,21,21
FIXTURE:ufo:mtch:1v9-021,21,21
FIXTURE:ufo:mtch:1v9-0bk,21,21
FIXTURE:ufo:mtch:1v9-11j,21,21
FIXTURE:ufo:mtch:1va-02s,21,21
FIXTURE:ufo:mtch:1va-076,21,21
FIXTURE:ufo:mtch:1vc-06h,21,21
FIXTURE:ufo:mtch:1vc-09r,21,21
FIXTURE:ufo:mtch:1vd-0bt,21,21
FIXTURE:ufo:mtch:1vd-0n7,21,21
FIXTURE:ufo:mtch:1vd-31t,21,21
FIXTURE:ufo:mtch:1ve-002,21,21
FIXTURE:ufo:mtch:1ve-05r,21,21
FIXTURE:ufo:mtch:1ve-22b,21,21
FIXTURE:ufo:mtch:1vf-02c,21,21
FIXTURE:ufo:mtch:1vf-0fs,21,21
FIXTURE:ufo:mtch:1vg-2c0,21,21
FIXTURE:ufo:mtch:1vh-013,21,21
FIXTURE:ufo:mtch:1vh-050,21,21
FIXTURE:ufo:mtch:1vh-0ap,21,21
FIXTURE:ufo:mtch:1vh-0hz,21,21
FIXTURE:ufo:mtch:1vh-2pd,21,21
FIXTURE:ufo:mtch:1vi-02f,21,21
FIXTURE:ufo:mtch:1vi-1nt,21,21
FIXTURE:ufo:mtch:1vk-35w,21,21
FIXTURE:ufo:mtch:1vl-0pr,21,21
FIXTURE:ufo:mtch:1vl-1no,21,21
FIXTURE:ufo:mtch:1us-00j,20,20
FIXTURE:ufo:mtch:1us-01y,20,20
FIXTURE:ufo:mtch:1us-04k,20,20
FIXTURE:ufo:mtch:1us-0b5,20,20
FIXTURE:ufo:mtch:1us-0um,20,20
FIXTURE:ufo:mtch:1ut-03d,20,20
FIXTURE:ufo:mtch:1uu-0do,20,20
FIXTURE:ufo:mtch:1uv-0dt,20,20
FIXTURE:ufo:mtch:1uv-0it,20,20
FIXTURE:ufo:mtch:1uv-2gd,20,20
FIXTURE:ufo:mtch:1uw-01u,20,20
FIXTURE:ufo:mtch:1uw-01w,20,20
FIXTURE:ufo:mtch:1uw-1qh,20,20
FIXTURE:ufo:mtch:1ux-057,20,20
FIXTURE:ufo:mtch:1ux-0j2,20,20
FIXTURE:ufo:mtch:1ux-0xf,20,20
FIXTURE:ufo:mtch:1uy-00j,20,20
FIXTURE:ufo:mtch:1uy-03i,20,20
FIXTURE:ufo:mtch:1uy-0wl,20,20
FIXTURE:ufo:mtch:1uz-03f,20,20
FIXTURE:ufo:mtch:1uz-0md,20,20
FIXTURE:ufo:mtch:1uz-1ae,20,20
FIXTURE:ufo:mtch:1v0-04q,20,20
FIXTURE:ufo:mtch:1v1-0gu,20,20
FIXTURE:ufo:mtch:1v1-157,20,20
FIXTURE:ufo:mtch:1v1-2gw,20,20
FIXTURE:ufo:mtch:1v2-00i,20,20
FIXTURE:ufo:mtch:1v2-08s,20,20
FIXTURE:ufo:mtch:1v2-0t3,20,20
FIXTURE:ufo:mtch:1v2-13n,20,20
FIXTURE:ufo:mtch:1v2-24r,20,20
FIXTURE:ufo:mtch:1v3-01e,20,20
FIXTURE:ufo:mtch:1v3-04k,20,20
FIXTURE:ufo:mtch:1v4-01k,20,20
FIXTURE:ufo:mtch:1v4-02t,20,20
FIXTURE:ufo:mtch:1v5-0c3,20,20
FIXTURE:ufo:mtch:1v5-0wp,20,20
FIXTURE:ufo:mtch:1v5-1e1,20,20
FIXTURE:ufo:mtch:1v6-03n,20,20
FIXTURE:ufo:mtch:1v6-03q,20,20
FIXTURE:ufo:mtch:1v6-03t,20,20
FIXTURE:ufo:mtch:1v6-1ej,20,20
FIXTURE:ufo:mtch:1v7-01x,20,20
FIXTURE:ufo:mtch:1v7-06k,20,20
FIXTURE:ufo:mtch:1v7-06m,20,20
FIXTURE:ufo:mtch:1v7-0bo,20,20
FIXTURE:ufo:mtch:1v7-0kz,20,20
FIXTURE:ufo:mtch:1v7-1vq,20,20
FIXTURE:ufo:mtch:1v8-02x,20,20
FIXTURE:ufo:mtch:1v9-01s,20,20
FIXTURE:ufo:mtch:1v9-0bn,20,20
FIXTURE:ufo:mtch:1va-28u,20,20
FIXTURE:ufo:mtch:1vb-2hd,20,20
FIXTURE:ufo:mtch:1vb-2q7,20,20
FIXTURE:ufo:mtch:1vc-02e,20,20
FIXTURE:ufo:mtch:1vd-0jb,20,20
FIXTURE:ufo:mtch:1ve-01f,20,20
FIXTURE:ufo:mtch:1ve-03v,20,20
FIXTURE:ufo:mtch:1ve-073,20,20
FIXTURE:ufo:mtch:1ve-0gt,20,20
FIXTURE:ufo:mtch:1ve-1m0,20,20
FIXTURE:ufo:mtch:1vf-1cp,20,20
FIXTURE:ufo:mtch:1vf-20a,20,20
FIXTURE:ufo:mtch:1vg-03s,20,20
FIXTURE:ufo:mtch:1vh-025,20,20
FIXTURE:ufo:mtch:1vh-056,20,20
FIXTURE:ufo:mtch:1vi-071,20,20
FIXTURE:ufo:mtch:1vi-0f7,20,20
FIXTURE:ufo:mtch:1vj-0d3,20,20
FIXTURE:ufo:mtch:1vj-0f3,20,20
FIXTURE:ufo:mtch:1vj-0l6,20,20
FIXTURE:ufo:mtch:1vk-03t,20,20
FIXTURE:ufo:mtch:1vk-1sh,20,20
FIXTURE:ufo:mtch:1vl-0pc,20,20
FIXTURE:ufo:mtch:1vm-01q,20,20
FIXTURE:ufo:mtch:1vm-01u,20,20
FIXTURE:ufo:mtch:1vm-055,20,20
FIXTURE:ufo:mtch:1vm-1et,20,20
FIXTURE:ufo:mtch:1ut-00o,19,19
FIXTURE:ufo:mtch:1ut-019,19,19
FIXTURE:ufo:mtch:1ut-01p,19,19
FIXTURE:ufo:mtch:1ut-02o,19,19
FIXTURE:ufo:mtch:1ut-0qw,19,19
FIXTURE:ufo:mtch:1uu-0vj,19,19
FIXTURE:ufo:mtch:1uv-015,19,19
FIXTURE:ufo:mtch:1uw-0ai,19,19
FIXTURE:ufo:mtch:1uw-27m,19,19
FIXTURE:ufo:mtch:1uw-2pg,19,19
FIXTURE:ufo:mtch:1uw-2pi,19,19
FIXTURE:ufo:mtch:1uy-0ag,19,19
FIXTURE:ufo:mtch:1uz-03o,19,19
FIXTURE:ufo:mtch:1uz-05d,19,19
FIXTURE:ufo:mtch:1uz-06w,19,19
FIXTURE:ufo:mtch:1uz-0hc,19,19
FIXTURE:ufo:mtch:1uz-2i6,19,19
FIXTURE:ufo:mtch:1uz-2im,19,19
FIXTURE:ufo:mtch:1v0-0vt,19,19
FIXTURE:ufo:mtch:1v1-01i,19,19
FIXTURE:ufo:mtch:1v1-128,19,19
FIXTURE:ufo:mtch:1v1-1hn,19,19
FIXTURE:ufo:mtch:1v1-1wp,19,19
FIXTURE:ufo:mtch:1v2-0mq,19,19
FIXTURE:ufo:mtch:1v3-0y3,19,19
FIXTURE:ufo:mtch:1v3-1qx,19,19
FIXTURE:ufo:mtch:1v3-1vw,19,19
FIXTURE:ufo:mtch:1v3-27j,19,19
FIXTURE:ufo:mtch:1v4-018,19,19
FIXTURE:ufo:mtch:1v4-03u,19,19
FIXTURE:ufo:mtch:1v5-0ca,19,19
FIXTURE:ufo:mtch:1v5-0m3,19,19
FIXTURE:ufo:mtch:1v5-28o,19,19
FIXTURE:ufo:mtch:1v6-0a8,19,19
FIXTURE:ufo:mtch:1v6-0au,19,19
FIXTURE:ufo:mtch:1v6-0eu,19,19
FIXTURE:ufo:mtch:1v6-0wk,19,19
FIXTURE:ufo:mtch:1v6-16r,19,19
FIXTURE:ufo:mtch:1v6-2fv,19,19
FIXTURE:ufo:mtch:1v6-2go,19,19
FIXTURE:ufo:mtch:1v7-03x,19,19
FIXTURE:ufo:mtch:1v7-0y2,19,19
FIXTURE:ufo:mtch:1v8-1jf,19,19
FIXTURE:ufo:mtch:1v9-01p,19,19
FIXTURE:ufo:mtch:1v9-01r,19,19
FIXTURE:ufo:mtch:1v9-01z,19,19
FIXTURE:ufo:mtch:1v9-0e3,19,19
FIXTURE:ufo:mtch:1v9-0e4,19,19
FIXTURE:ufo:mtch:1v9-0kt,19,19
FIXTURE:ufo:mtch:1v9-1rp,19,19
FIXTURE:ufo:mtch:1va-1ul,19,19
FIXTURE:ufo:mtch:1va-2b3,19,19
FIXTURE:ufo:mtch:1va-2m6,19,19
FIXTURE:ufo:mtch:1va-2ud,19,19
FIXTURE:ufo:mtch:1vb-05g,19,19
FIXTURE:ufo:mtch:1vb-0qn,19,19
FIXTURE:ufo:mtch:1vb-1b2,19,19
FIXTURE:ufo:mtch:1vd-04f,19,19
FIXTURE:ufo:mtch:1vd-0g2,19,19
FIXTURE:ufo:mtch:1vd-23x,19,19
FIXTURE:ufo:mtch:1ve-00o,19,19
FIXTURE:ufo:mtch:1ve-02u,19,19
FIXTURE:ufo:mtch:1ve-0a5,19,19
FIXTURE:ufo:mtch:1ve-0du,19,19
FIXTURE:ufo:mtch:1ve-2w2,19,19
FIXTURE:ufo:mtch:1vf-0ez,19,19
FIXTURE:ufo:mtch:1vg-01a,19,19
FIXTURE:ufo:mtch:1vg-0dk,19,19
FIXTURE:ufo:mtch:1vg-2ww,19,19
FIXTURE:ufo:mtch:1vh-03h,19,19
FIXTURE:ufo:mtch:1vh-04p,19,19
FIXTURE:ufo:mtch:1vh-055,19,19
FIXTURE:ufo:mtch:1vh-0e7,19,19
FIXTURE:ufo:mtch:1vh-0zk,19,19
FIXTURE:ufo:mtch:1vh-1w5,19,19
FIXTURE:ufo:mtch:1vj-04r,19,19
FIXTURE:ufo:mtch:1vj-056,19,19
FIXTURE:ufo:mtch:1vk-03d,19,19
FIXTURE:ufo:mtch:1vk-08a,19,19
FIXTURE:ufo:mtch:1vk-09l,19,19
FIXTURE:ufo:mtch:1vk-0dq,19,19
FIXTURE:ufo:mtch:1vk-1st,19,19
FIXTURE:ufo:mtch:1vl-05u,19,19
FIXTURE:ufo:mtch:1vm-03a,19,19
FIXTURE:ufo:mtch:1us-01d,18,18
FIXTURE:ufo:mtch:1ut-05q,18,18
FIXTURE:ufo:mtch:1ut-0qk,18,18
FIXTURE:ufo:mtch:1ut-0qo,18,18
FIXTURE:ufo:mtch:1ut-1ov,18,18
FIXTURE:ufo:mtch:1uu-00c,18,18
FIXTURE:ufo:mtch:1uv-0ck,18,18
FIXTURE:ufo:mtch:1uw-0jq,18,18
FIXTURE:ufo:mtch:1uw-0ju,18,18
FIXTURE:ufo:mtch:1ux-024,18,18
FIXTURE:ufo:mtch:1ux-07c,18,18
FIXTURE:ufo:mtch:1ux-09t,18,18
FIXTURE:ufo:mtch:1ux-1qk,18,18
FIXTURE:ufo:mtch:1ux-26e,18,18
FIXTURE:ufo:mtch:1uy-02a,18,18
FIXTURE:ufo:mtch:1uy-068,18,18
FIXTURE:ufo:mtch:1uy-2u3,18,18
FIXTURE:ufo:mtch:1uy-2w1,18,18
FIXTURE:ufo:mtch:1uz-01z,18,18
FIXTURE:ufo:mtch:1uz-037,18,18
FIXTURE:ufo:mtch:1uz-05c,18,18
FIXTURE:ufo:mtch:1uz-0ww,18,18
FIXTURE:ufo:mtch:1uz-2w6,18,18
FIXTURE:ufo:mtch:1v0-01a,18,18
FIXTURE:ufo:mtch:1v0-05d,18,18
FIXTURE:ufo:mtch:1v0-1ob,18,18
FIXTURE:ufo:mtch:1v0-216,18,18
FIXTURE:ufo:mtch:1v1-025,18,18
FIXTURE:ufo:mtch:1v1-0c8,18,18
FIXTURE:ufo:mtch:1v1-0ck,18,18
FIXTURE:ufo:mtch:1v1-1kz,18,18
FIXTURE:ufo:mtch:1v2-0mx,18,18
FIXTURE:ufo:mtch:1v3-05f,18,18
FIXTURE:ufo:mtch:1v5-04h,18,18
FIXTURE:ufo:mtch:1v5-0kj,18,18
FIXTURE:ufo:mtch:1v5-0kt,18,18
FIXTURE:ufo:mtch:1v5-1d3,18,18
FIXTURE:ufo:mtch:1v5-1ux,18,18
FIXTURE:ufo:mtch:1v5-25p,18,18
FIXTURE:ufo:mtch:1v6-06i,18,18
FIXTURE:ufo:mtch:1v7-036,18,18
FIXTURE:ufo:mtch:1v7-03l,18,18
FIXTURE:ufo:mtch:1v7-04k,18,18
FIXTURE:ufo:mtch:1v7-04m,18,18
FIXTURE:ufo:mtch:1v7-083,18,18
FIXTURE:ufo:mtch:1v7-0ay,18,18
FIXTURE:ufo:mtch:1v7-0b9,18,18
FIXTURE:ufo:mtch:1v7-0bg,18,18
FIXTURE:ufo:mtch:1v7-0xh,18,18
FIXTURE:ufo:mtch:1v7-0xp,18,18
FIXTURE:ufo:mtch:1v7-0xq,18,18
FIXTURE:ufo:mtch:1v7-0xt,18,18
FIXTURE:ufo:mtch:1v8-08r,18,18
FIXTURE:ufo:mtch:1v8-0xa,18,18
FIXTURE:ufo:mtch:1v8-1m1,18,18
FIXTURE:ufo:mtch:1v9-00j,18,18
FIXTURE:ufo:mtch:1v9-00q,18,18
FIXTURE:ufo:mtch:1va-03t,18,18
FIXTURE:ufo:mtch:1va-082,18,18
FIXTURE:ufo:mtch:1va-0a4,18,18
FIXTURE:ufo:mtch:1va-0bw,18,18
FIXTURE:ufo:mtch:1va-0mn,18,18
FIXTURE:ufo:mtch:1vb-237,18,18
FIXTURE:ufo:mtch:1vc-01d,18,18
FIXTURE:ufo:mtch:1vc-024,18,18
FIXTURE:ufo:mtch:1vc-0fw,18,18
FIXTURE:ufo:mtch:1vc-1ea,18,18
FIXTURE:ufo:mtch:1vd-037,18,18
FIXTURE:ufo:mtch:1vd-040,18,18
FIXTURE:ufo:mtch:1vd-042,18,18
FIXTURE:ufo:mtch:1vd-04z,18,18
FIXTURE:ufo:mtch:1vd-0dh,18,18
FIXTURE:ufo:mtch:1ve-00p,18,18
FIXTURE:ufo:mtch:1ve-09h,18,18
FIXTURE:ufo:mtch:1ve-0h8,18,18
FIXTURE:ufo:mtch:1ve-0ny,18,18
FIXTURE:ufo:mtch:1ve-0pq,18,18
FIXTURE:ufo:mtch:1vf-05k,18,18
FIXTURE:ufo:mtch:1vf-0fu,18,18
FIXTURE:ufo:mtch:1vf-19e,18,18
FIXTURE:ufo:mtch:1vf-20t,18,18
FIXTURE:ufo:mtch:1vf-21n,18,18
FIXTURE:ufo:mtch:1vg-017,18,18
FIXTURE:ufo:mtch:1vg-0gg,18,18
FIXTURE:ufo:mtch:1vg-0jl,18,18
FIXTURE:ufo:mtch:1vh-0hx,18,18
FIXTURE:ufo:mtch:1vh-0lm,18,18
FIXTURE:ufo:mtch:1vi-122,18,18
FIXTURE:ufo:mtch:1vj-0kz,18,18
FIXTURE:ufo:mtch:1vk-010,18,18
FIXTURE:ufo:mtch:1vk-041,18,18
FIXTURE:ufo:mtch:1vk-047,18,18
FIXTURE:ufo:mtch:1vk-053,18,18
FIXTURE:ufo:mtch:1vk-06c,18,18
FIXTURE:ufo:mtch:1vk-09o,18,18
FIXTURE:ufo:mtch:1vk-0cv,18,18
FIXTURE:ufo:mtch:1vk-0hb,18,18
FIXTURE:ufo:mtch:1vk-1to,18,18
FIXTURE:ufo:mtch:1vk-20z,18,18
FIXTURE:ufo:mtch:1vl-03l,18,18
FIXTURE:ufo:mtch:1vl-04v,18,18
FIXTURE:ufo:mtch:1vl-060,18,18
FIXTURE:ufo:mtch:1vl-0gm,18,18
FIXTURE:ufo:mtch:1vl-0lt,18,18
FIXTURE:ufo:mtch:1vl-0rb,18,18
FIXTURE:ufo:mtch:1vl-0ya,18,18
FIXTURE:ufo:mtch:1vl-1os,18,18
FIXTURE:ufo:mtch:1vl-239,18,18
FIXTURE:ufo:mtch:1vl-30r,18,18
FIXTURE:ufo:mtch:1vm-076,18,18
FIXTURE:ufo:mtch:1vm-10k,18,18
FIXTURE:ufo:mtch:1us-00p,17,17
FIXTURE:ufo:mtch:1us-035,17,17
FIXTURE:ufo:mtch:1us-097,17,17
FIXTURE:ufo:mtch:1ut-03c,17,17
FIXTURE:ufo:mtch:1ut-040,17,17
FIXTURE:ufo:mtch:1ut-07m,17,17
FIXTURE:ufo:mtch:1ut-0ag,17,17
FIXTURE:ufo:mtch:1ut-1g7,17,17
FIXTURE:ufo:mtch:1ut-1yd,17,17
FIXTURE:ufo:mtch:1uu-004,17,17
FIXTURE:ufo:mtch:1uu-01f,17,17
FIXTURE:ufo:mtch:1uu-05y,17,17
FIXTURE:ufo:mtch:1uu-0bg,17,17
FIXTURE:ufo:mtch:1uu-0dn,17,17
FIXTURE:ufo:mtch:1uu-12b,17,17
FIXTURE:ufo:mtch:1uv-016,17,17
FIXTURE:ufo:mtch:1uv-01i,17,17
FIXTURE:ufo:mtch:1uw-00v,17,17
FIXTURE:ufo:mtch:1uw-011,17,17
FIXTURE:ufo:mtch:1ux-01i,17,17
FIXTURE:ufo:mtch:1ux-24z,17,17
FIXTURE:ufo:mtch:1ux-263,17,17
FIXTURE:ufo:mtch:1uy-0h0,17,17
FIXTURE:ufo:mtch:1uy-1tr,17,17
FIXTURE:ufo:mtch:1uz-0bo,17,17
FIXTURE:ufo:mtch:1uz-0p7,17,17
FIXTURE:ufo:mtch:1uz-25a,17,17
FIXTURE:ufo:mtch:1uz-25e,17,17
FIXTURE:ufo:mtch:1v0-022,17,17
FIXTURE:ufo:mtch:1v0-05u,17,17
FIXTURE:ufo:mtch:1v0-0sn,17,17
FIXTURE:ufo:mtch:1v0-1z2,17,17
FIXTURE:ufo:mtch:1v0-1zr,17,17
FIXTURE:ufo:mtch:1v1-04f,17,17
FIXTURE:ufo:mtch:1v1-0gt,17,17
FIXTURE:ufo:mtch:1v2-038,17,17
FIXTURE:ufo:mtch:1v2-14g,17,17
FIXTURE:ufo:mtch:1v2-2im,17,17
FIXTURE:ufo:mtch:1v3-1u4,17,17
FIXTURE:ufo:mtch:1v3-26u,17,17
FIXTURE:ufo:mtch:1v3-27h,17,17
FIXTURE:ufo:mtch:1v4-019,17,17
FIXTURE:ufo:mtch:1v4-02b,17,17
FIXTURE:ufo:mtch:1v5-02d,17,17
FIXTURE:ufo:mtch:1v5-28i,17,17
FIXTURE:ufo:mtch:1v6-0um,17,17
FIXTURE:ufo:mtch:1v6-0xr,17,17
FIXTURE:ufo:mtch:1v6-2g3,17,17
FIXTURE:ufo:mtch:1v6-37r,17,17
FIXTURE:ufo:mtch:1v7-07r,17,17
FIXTURE:ufo:mtch:1v7-09f,17,17
FIXTURE:ufo:mtch:1v9-0f5,17,17
FIXTURE:ufo:mtch:1v9-1ps,17,17
FIXTURE:ufo:mtch:1va-02o,17,17
FIXTURE:ufo:mtch:1va-05f,17,17
FIXTURE:ufo:mtch:1va-085,17,17
FIXTURE:ufo:mtch:1va-09c,17,17
FIXTURE:ufo:mtch:1va-0ev,17,17
FIXTURE:ufo:mtch:1vb-019,17,17
FIXTURE:ufo:mtch:1vb-2hm,17,17
FIXTURE:ufo:mtch:1vc-03o,17,17
FIXTURE:ufo:mtch:1vc-0rf,17,17
FIXTURE:ufo:mtch:1vd-095,17,17
FIXTURE:ufo:mtch:1vd-0m2,17,17
FIXTURE:ufo:mtch:1vd-211,17,17
FIXTURE:ufo:mtch:1ve-06v,17,17
FIXTURE:ufo:mtch:1ve-09z,17,17
FIXTURE:ufo:mtch:1ve-0vf,17,17
FIXTURE:ufo:mtch:1vf-0f3,17,17
FIXTURE:ufo:mtch:1vf-1bn,17,17
FIXTURE:ufo:mtch:1vf-1zt,17,17
FIXTURE:ufo:mtch:1vf-25m,17,17
FIXTURE:ufo:mtch:1vg-01u,17,17
FIXTURE:ufo:mtch:1vg-2dv,17,17
FIXTURE:ufo:mtch:1vh-2pb,17,17
FIXTURE:ufo:mtch:1vi-026,17,17
FIXTURE:ufo:mtch:1vi-25m,17,17
FIXTURE:ufo:mtch:1vi-278,17,17
FIXTURE:ufo:mtch:1vi-2gn,17,17
FIXTURE:ufo:mtch:1vj-0dj,17,17
FIXTURE:ufo:mtch:1vj-1vf,17,17
FIXTURE:ufo:mtch:1vj-1xo,17,17
FIXTURE:ufo:mtch:1vk-0co,17,17
FIXTURE:ufo:mtch:1vk-0ov,17,17
FIXTURE:ufo:mtch:1vl-025,17,17
FIXTURE:ufo:mtch:1vl-02l,17,17
FIXTURE:ufo:mtch:1vl-0b4,17,17
FIXTURE:ufo:mtch:1vm-02l,17,17
FIXTURE:ufo:mtch:1vm-0o3,17,17
FIXTURE:ufo:mtch:1vm-1ep,17,17
FIXTURE:ufo:mtch:1us-00v,16,16
FIXTURE:ufo:mtch:1us-0lg,16,16
FIXTURE:ufo:mtch:1us-17n,16,16
FIXTURE:ufo:mtch:1us-1ki,16,16
FIXTURE:ufo:mtch:1us-1s3,16,16
FIXTURE:ufo:mtch:1ut-02m,16,16
FIXTURE:ufo:mtch:1ut-0qa,16,16
FIXTURE:ufo:mtch:1ut-29v,16,16
FIXTURE:ufo:mtch:1uu-0dt,16,16
FIXTURE:ufo:mtch:1uv-029,16,16
FIXTURE:ufo:mtch:1uv-06h,16,16
FIXTURE:ufo:mtch:1uv-10t,16,16
FIXTURE:ufo:mtch:1uv-15v,16,16
FIXTURE:ufo:mtch:1uv-203,16,16
FIXTURE:ufo:mtch:1uw-01m,16,16
FIXTURE:ufo:mtch:1uw-287,16,16
FIXTURE:ufo:mtch:1uw-28m,16,16
FIXTURE:ufo:mtch:1ux-076,16,16
FIXTURE:ufo:mtch:1uy-02u,16,16
FIXTURE:ufo:mtch:1uy-03b,16,16
FIXTURE:ufo:mtch:1uy-04a,16,16
FIXTURE:ufo:mtch:1uy-0p5,16,16
FIXTURE:ufo:mtch:1uy-27k,16,16
FIXTURE:ufo:mtch:1uz-02e,16,16
FIXTURE:ufo:mtch:1uz-057,16,16
FIXTURE:ufo:mtch:1uz-0fs,16,16
FIXTURE:ufo:mtch:1uz-0pj,16,16
FIXTURE:ufo:mtch:1uz-0pm,16,16
FIXTURE:ufo:mtch:1uz-2i8,16,16
FIXTURE:ufo:mtch:1v0-00t,16,16
FIXTURE:ufo:mtch:1v0-07m,16,16
FIXTURE:ufo:mtch:1v0-08i,16,16
FIXTURE:ufo:mtch:1v0-0c3,16,16
FIXTURE:ufo:mtch:1v0-0fw,16,16
FIXTURE:ufo:mtch:1v1-0cm,16,16
FIXTURE:ufo:mtch:1v1-10i,16,16
FIXTURE:ufo:mtch:1v1-2gu,16,16
FIXTURE:ufo:mtch:1v2-01l,16,16
FIXTURE:ufo:mtch:1v2-2ik,16,16
FIXTURE:ufo:mtch:1v3-016,16,16
FIXTURE:ufo:mtch:1v3-1rq,16,16
FIXTURE:ufo:mtch:1v4-010,16,16
FIXTURE:ufo:mtch:1v4-0yu,16,16
FIXTURE:ufo:mtch:1v5-00f,16,16
FIXTURE:ufo:mtch:1v5-028,16,16
FIXTURE:ufo:mtch:1v6-04p,16,16
FIXTURE:ufo:mtch:1v6-0ac,16,16
FIXTURE:ufo:mtch:1v6-0f7,16,16
FIXTURE:ufo:mtch:1v6-0qw,16,16
FIXTURE:ufo:mtch:1v6-2dw,16,16
FIXTURE:ufo:mtch:1v6-2gt,16,16
FIXTURE:ufo:mtch:1v7-008,16,16
FIXTURE:ufo:mtch:1v7-03f,16,16
FIXTURE:ufo:mtch:1v7-05n,16,16
FIXTURE:ufo:mtch:1v7-06z,16,16
FIXTURE:ufo:mtch:1v7-08j,16,16
FIXTURE:ufo:mtch:1v7-0d8,16,16
FIXTURE:ufo:mtch:1v8-024,16,16
FIXTURE:ufo:mtch:1v8-044,16,16
FIXTURE:ufo:mtch:1v8-0mo,16,16
FIXTURE:ufo:mtch:1v8-0xb,16,16
FIXTURE:ufo:mtch:1v9-0gf,16,16
FIXTURE:ufo:mtch:1v9-0l3,16,16
FIXTURE:ufo:mtch:1v9-2jt,16,16
FIXTURE:ufo:mtch:1va-00g,16,16
FIXTURE:ufo:mtch:1va-02p,16,16
FIXTURE:ufo:mtch:1va-19l,16,16
FIXTURE:ufo:mtch:1vb-01k,16,16
FIXTURE:ufo:mtch:1vc-00s,16,16
FIXTURE:ufo:mtch:1vc-066,16,16
FIXTURE:ufo:mtch:1vc-0ea,16,16
FIXTURE:ufo:mtch:1vc-26n,16,16
FIXTURE:ufo:mtch:1vc-26v,16,16
FIXTURE:ufo:mtch:1vd-01x,16,16
FIXTURE:ufo:mtch:1vd-04l,16,16
FIXTURE:ufo:mtch:1vd-06x,16,16
FIXTURE:ufo:mtch:1vd-08f,16,16
FIXTURE:ufo:mtch:1vd-0xi,16,16
FIXTURE:ufo:mtch:1vd-15p,16,16
FIXTURE:ufo:mtch:1vd-1ff,16,16
FIXTURE:ufo:mtch:1ve-01d,16,16
FIXTURE:ufo:mtch:1ve-08a,16,16
FIXTURE:ufo:mtch:1ve-0a1,16,16
FIXTURE:ufo:mtch:1ve-13a,16,16
FIXTURE:ufo:mtch:1ve-13m,16,16
FIXTURE:ufo:mtch:1vf-066,16,16
FIXTURE:ufo:mtch:1vf-0eo,16,16
FIXTURE:ufo:mtch:1vf-0er,16,16
FIXTURE:ufo:mtch:1vf-20p,16,16
FIXTURE:ufo:mtch:1vg-0vl,16,16
FIXTURE:ufo:mtch:1vh-027,16,16
FIXTURE:ufo:mtch:1vh-0a5,16,16
FIXTURE:ufo:mtch:1vh-0ee,16,16
FIXTURE:ufo:mtch:1vh-0fw,16,16
FIXTURE:ufo:mtch:1vh-1ki,16,16
FIXTURE:ufo:mtch:1vi-02x,16,16
FIXTURE:ufo:mtch:1vi-120,16,16
FIXTURE:ufo:mtch:1vi-1ce,16,16
FIXTURE:ufo:mtch:1vi-257,16,16
FIXTURE:ufo:mtch:1vj-01s,16,16
FIXTURE:ufo:mtch:1vj-048,16,16
FIXTURE:ufo:mtch:1vj-057,16,16
FIXTURE:ufo:mtch:1vj-1x3,16,16
FIXTURE:ufo:mtch:1vj-1x4,16,16
FIXTURE:ufo:mtch:1vj-1xj,16,16
FIXTURE:ufo:mtch:1vj-1xn,16,16
FIXTURE:ufo:mtch:1vj-2qb,16,16
FIXTURE:ufo:mtch:1vk-02x,16,16
FIXTURE:ufo:mtch:1vk-049,16,16
FIXTURE:ufo:mtch:1vk-04j,16,16
FIXTURE:ufo:mtch:1vk-060,16,16
FIXTURE:ufo:mtch:1vk-0av,16,16
FIXTURE:ufo:mtch:1vk-0cy,16,16
FIXTURE:ufo:mtch:1vk-217,16,16
FIXTURE:ufo:mtch:1vl-05y,16,16
FIXTURE:ufo:mtch:1vl-07v,16,16
FIXTURE:ufo:mtch:1vl-2bz,16,16
FIXTURE:ufo:mtch:1vm-044,16,16
FIXTURE:ufo:mtch:1vm-05t,16,16
FIXTURE:ufo:mtch:1vm-15q,16,16
FIXTURE:ufo:mtch:1vm-19t,16,16
FIXTURE:ufo:mtch:1us-2st,15,15
FIXTURE:ufo:mtch:1ut-065,15,15
FIXTURE:ufo:mtch:1ut-09x,15,15
FIXTURE:ufo:mtch:1ut-0r4,15,15
FIXTURE:ufo:mtch:1ut-0rc,15,15
FIXTURE:ufo:mtch:1uu-0ud,15,15
FIXTURE:ufo:mtch:1uu-0vn,15,15
FIXTURE:ufo:mtch:1uv-0ea,15,15
FIXTURE:ufo:mtch:1uv-12k,15,15
FIXTURE:ufo:mtch:1uv-13p,15,15
FIXTURE:ufo:mtch:1uw-27f,15,15
FIXTURE:ufo:mtch:1uw-2bb,15,15
FIXTURE:ufo:mtch:1uw-2se,15,15
FIXTURE:ufo:mtch:1ux-08x,15,15
FIXTURE:ufo:mtch:1ux-0fi,15,15
FIXTURE:ufo:mtch:1ux-0ix,15,15
FIXTURE:ufo:mtch:1ux-24t,15,15
FIXTURE:ufo:mtch:1uy-03k,15,15
FIXTURE:ufo:mtch:1uy-04q,15,15
FIXTURE:ufo:mtch:1uy-09g,15,15
FIXTURE:ufo:mtch:1uy-0j6,15,15
FIXTURE:ufo:mtch:1uy-0ly,15,15
FIXTURE:ufo:mtch:1uy-0m6,15,15
FIXTURE:ufo:mtch:1uz-04h,15,15
FIXTURE:ufo:mtch:1uz-05o,15,15
FIXTURE:ufo:mtch:1uz-16x,15,15
FIXTURE:ufo:mtch:1v0-05r,15,15
FIXTURE:ufo:mtch:1v0-2by,15,15
FIXTURE:ufo:mtch:1v1-01x,15,15
FIXTURE:ufo:mtch:1v1-0ca,15,15
FIXTURE:ufo:mtch:1v1-10y,15,15
FIXTURE:ufo:mtch:1v2-01s,15,15
FIXTURE:ufo:mtch:1v2-0tn,15,15
FIXTURE:ufo:mtch:1v2-12r,15,15
FIXTURE:ufo:mtch:1v2-2i9,15,15
FIXTURE:ufo:mtch:1v3-01u,15,15
FIXTURE:ufo:mtch:1v3-0he,15,15
FIXTURE:ufo:mtch:1v3-0q4,15,15
FIXTURE:ufo:mtch:1v3-0to,15,15
FIXTURE:ufo:mtch:1v3-1uj,15,15
FIXTURE:ufo:mtch:1v3-2ky,15,15
FIXTURE:ufo:mtch:1v4-017,15,15
FIXTURE:ufo:mtch:1v4-026,15,15
FIXTURE:ufo:mtch:1v4-0wc,15,15
FIXTURE:ufo:mtch:1v4-10k,15,15
FIXTURE:ufo:mtch:1v4-20o,15,15
FIXTURE:ufo:mtch:1v5-02c,15,15
FIXTURE:ufo:mtch:1v5-10z,15,15
FIXTURE:ufo:mtch:1v5-1gg,15,15
FIXTURE:ufo:mtch:1v5-29h,15,15
FIXTURE:ufo:mtch:1v6-011,15,15
FIXTURE:ufo:mtch:1v6-03v,15,15
FIXTURE:ufo:mtch:1v6-04h,15,15
FIXTURE:ufo:mtch:1v6-0xq,15,15
FIXTURE:ufo:mtch:1v6-18g,15,15
FIXTURE:ufo:mtch:1v6-1jz,15,15
FIXTURE:ufo:mtch:1v6-2rv,15,15
FIXTURE:ufo:mtch:1v7-03i,15,15
FIXTURE:ufo:mtch:1v7-090,15,15
FIXTURE:ufo:mtch:1v7-0xm,15,15
FIXTURE:ufo:mtch:1v7-1h0,15,15
FIXTURE:ufo:mtch:1v8-0ft,15,15
FIXTURE:ufo:mtch:1v8-0g3,15,15
FIXTURE:ufo:mtch:1v9-08z,15,15
FIXTURE:ufo:mtch:1va-07f,15,15
FIXTURE:ufo:mtch:1va-0as,15,15
FIXTURE:ufo:mtch:1va-0l5,15,15
FIXTURE:ufo:mtch:1va-28r,15,15
FIXTURE:ufo:mtch:1vb-2dx,15,15
FIXTURE:ufo:mtch:1vb-2e2,15,15
FIXTURE:ufo:mtch:1vc-0e7,15,15
FIXTURE:ufo:mtch:1vc-1uk,15,15
FIXTURE:ufo:mtch:1vc-2jw,15,15
FIXTURE:ufo:mtch:1vd-00x,15,15
FIXTURE:ufo:mtch:1vd-02t,15,15
FIXTURE:ufo:mtch:1vd-03f,15,15
FIXTURE:ufo:mtch:1vd-03t,15,15
FIXTURE:ufo:mtch:1vd-07l,15,15
FIXTURE:ufo:mtch:1vd-0bl,15,15
FIXTURE:ufo:mtch:1vd-0jv,15,15
FIXTURE:ufo:mtch:1vd-0n4,15,15
FIXTURE:ufo:mtch:1vd-0q4,15,15
FIXTURE:ufo:mtch:1vd-0qc,15,15
FIXTURE:ufo:mtch:1vd-16b,15,15
FIXTURE:ufo:mtch:1vd-1uo,15,15
FIXTURE:ufo:mtch:1vd-206,15,15
FIXTURE:ufo:mtch:1vd-208,15,15
FIXTURE:ufo:mtch:1vd-2qw,15,15
FIXTURE:ufo:mtch:1vd-3bp,15,15
FIXTURE:ufo:mtch:1ve-00t,15,15
FIXTURE:ufo:mtch:1ve-02n,15,15
FIXTURE:ufo:mtch:1ve-06r,15,15
FIXTURE:ufo:mtch:1ve-07y,15,15
FIXTURE:ufo:mtch:1ve-0a4,15,15
FIXTURE:ufo:mtch:1ve-0of,15,15
FIXTURE:ufo:mtch:1ve-1g0,15,15
FIXTURE:ufo:mtch:1ve-1i2,15,15
FIXTURE:ufo:mtch:1vf-017,15,15
FIXTURE:ufo:mtch:1vf-0ev,15,15
FIXTURE:ufo:mtch:1vf-20u,15,15
FIXTURE:ufo:mtch:1vf-211,15,15
FIXTURE:ufo:mtch:1vg-01c,15,15
FIXTURE:ufo:mtch:1vg-045,15,15
FIXTURE:ufo:mtch:1vh-0jw,15,15
FIXTURE:ufo:mtch:1vh-0jz,15,15
FIXTURE:ufo:mtch:1vh-0qb,15,15
FIXTURE:ufo:mtch:1vh-0s4,15,15
FIXTURE:ufo:mtch:1vh-155,15,15
FIXTURE:ufo:mtch:1vh-1h8,15,15
FIXTURE:ufo:mtch:1vh-1in,15,15
FIXTURE:ufo:mtch:1vh-1ve,15,15
FIXTURE:ufo:mtch:1vh-1wv,15,15
FIXTURE:ufo:mtch:1vh-2pa,15,15
FIXTURE:ufo:mtch:1vh-2q2,15,15
FIXTURE:ufo:mtch:1vi-021,15,15
FIXTURE:ufo:mtch:1vi-06m,15,15
FIXTURE:ufo:mtch:1vi-1jr,15,15
FIXTURE:ufo:mtch:1vj-090,15,15
FIXTURE:ufo:mtch:1vj-0dq,15,15
FIXTURE:ufo:mtch:1vj-0n6,15,15
FIXTURE:ufo:mtch:1vk-046,15,15
FIXTURE:ufo:mtch:1vk-0fk,15,15
FIXTURE:ufo:mtch:1vk-0of,15,15
FIXTURE:ufo:mtch:1vk-1sw,15,15
FIXTURE:ufo:mtch:1vk-1tv,15,15
FIXTURE:ufo:mtch:1vk-34u,15,15
FIXTURE:ufo:mtch:1vl-0xx,15,15
FIXTURE:ufo:mtch:1vl-3h4,15,15
FIXTURE:ufo:mtch:1vm-01h,15,15
FIXTURE:ufo:mtch:1vm-0hl,15,15
FIXTURE:ufo:mtch:1vm-1eu,15,15
FIXTURE:ufo:mtch:1us-00u,14,14
FIXTURE:ufo:mtch:1us-022,14,14
FIXTURE:ufo:mtch:1us-02m,14,14
FIXTURE:ufo:mtch:1us-05x,14,14
FIXTURE:ufo:mtch:1us-09m,14,14
FIXTURE:ufo:mtch:1us-0g0,14,14
FIXTURE:ufo:mtch:1us-0gs,14,14
FIXTURE:ufo:mtch:1us-1kj,14,14
FIXTURE:ufo:mtch:1us-1mf,14,14
FIXTURE:ufo:mtch:1us-2bv,14,14
FIXTURE:ufo:mtch:1ut-08n,14,14
FIXTURE:ufo:mtch:1ut-0a0,14,14
FIXTURE:ufo:mtch:1ut-0a8,14,14
FIXTURE:ufo:mtch:1ut-0fk,14,14
FIXTURE:ufo:mtch:1ut-0qe,14,14
FIXTURE:ufo:mtch:1ut-0qx,14,14
FIXTURE:ufo:mtch:1ut-1g3,14,14
FIXTURE:ufo:mtch:1ut-2r7,14,14
FIXTURE:ufo:mtch:1uu-00d,14,14
FIXTURE:ufo:mtch:1uu-011,14,14
FIXTURE:ufo:mtch:1uu-27e,14,14
FIXTURE:ufo:mtch:1uv-00w,14,14
FIXTURE:ufo:mtch:1uv-27a,14,14
FIXTURE:ufo:mtch:1uw-00w,14,14
FIXTURE:ufo:mtch:1uw-12a,14,14
FIXTURE:ufo:mtch:1uw-1a3,14,14
FIXTURE:ufo:mtch:1uw-1ke,14,14
FIXTURE:ufo:mtch:1uw-27k,14,14
FIXTURE:ufo:mtch:1uw-29q,14,14
FIXTURE:ufo:mtch:1uw-2pf,14,14
FIXTURE:ufo:mtch:1uy-06f,14,14
FIXTURE:ufo:mtch:1uy-13c,14,14
FIXTURE:ufo:mtch:1uy-1cm,14,14
FIXTURE:ufo:mtch:1uz-038,14,14
FIXTURE:ufo:mtch:1uz-09e,14,14
FIXTURE:ufo:mtch:1uz-0c1,14,14
FIXTURE:ufo:mtch:1uz-0h7,14,14
FIXTURE:ufo:mtch:1uz-0hm,14,14
FIXTURE:ufo:mtch:1uz-0vu,14,14
FIXTURE:ufo:mtch:1v0-05p,14,14
FIXTURE:ufo:mtch:1v0-05v,14,14
FIXTURE:ufo:mtch:1v0-09c,14,14
FIXTURE:ufo:mtch:1v0-0bv,14,14
FIXTURE:ufo:mtch:1v0-0hh,14,14
FIXTURE:ufo:mtch:1v0-2q0,14,14
FIXTURE:ufo:mtch:1v1-02h,14,14
FIXTURE:ufo:mtch:1v1-04b,14,14
FIXTURE:ufo:mtch:1v1-10w,14,14
FIXTURE:ufo:mtch:1v1-117,14,14
FIXTURE:ufo:mtch:1v2-01a,14,14
FIXTURE:ufo:mtch:1v2-01o,14,14
FIXTURE:ufo:mtch:1v2-08u,14,14
FIXTURE:ufo:mtch:1v2-0ef,14,14
FIXTURE:ufo:mtch:1v2-16f,14,14
FIXTURE:ufo:mtch:1v2-24y,14,14
FIXTURE:ufo:mtch:1v2-25j,14,14
FIXTURE:ufo:mtch:1v2-25q,14,14
FIXTURE:ufo:mtch:1v3-019,14,14
FIXTURE:ufo:mtch:1v3-01m,14,14
FIXTURE:ufo:mtch:1v3-1ik,14,14
FIXTURE:ufo:mtch:1v3-268,14,14
FIXTURE:ufo:mtch:1v3-274,14,14
FIXTURE:ufo:mtch:1v3-27a,14,14
FIXTURE:ufo:mtch:1v3-28y,14,14
FIXTURE:ufo:mtch:1v3-2jp,14,14
FIXTURE:ufo:mtch:1v3-2u7,14,14
FIXTURE:ufo:mtch:1v4-00w,14,14
FIXTURE:ufo:mtch:1v4-00x,14,14
FIXTURE:ufo:mtch:1v4-01b,14,14
FIXTURE:ufo:mtch:1v4-01l,14,14
FIXTURE:ufo:mtch:1v4-01w,14,14
FIXTURE:ufo:mtch:1v5-05m,14,14
FIXTURE:ufo:mtch:1v5-2kl,14,14
FIXTURE:ufo:mtch:1v6-01e,14,14
FIXTURE:ufo:mtch:1v6-04n,14,14
FIXTURE:ufo:mtch:1v6-0q0,14,14
FIXTURE:ufo:mtch:1v6-0qf,14,14
FIXTURE:ufo:mtch:1v6-1jn,14,14
FIXTURE:ufo:mtch:1v6-1jw,14,14
FIXTURE:ufo:mtch:1v6-1sr,14,14
FIXTURE:ufo:mtch:1v6-370,14,14
FIXTURE:ufo:mtch:1v7-00q,14,14
FIXTURE:ufo:mtch:1v7-01q,14,14
FIXTURE:ufo:mtch:1v7-04l,14,14
FIXTURE:ufo:mtch:1v7-081,14,14
FIXTURE:ufo:mtch:1v7-0lb,14,14
FIXTURE:ufo:mtch:1v7-0lc,14,14
FIXTURE:ufo:mtch:1v7-0xu,14,14
FIXTURE:ufo:mtch:1v8-01u,14,14
FIXTURE:ufo:mtch:1v8-0fo,14,14
FIXTURE:ufo:mtch:1v8-0no,14,14
FIXTURE:ufo:mtch:1v8-0x0,14,14
FIXTURE:ufo:mtch:1v8-1f0,14,14
FIXTURE:ufo:mtch:1v9-0e2,14,14
FIXTURE:ufo:mtch:1v9-0xs,14,14
FIXTURE:ufo:mtch:1v9-2ld,14,14
FIXTURE:ufo:mtch:1va-02a,14,14
FIXTURE:ufo:mtch:1va-02b,14,14
FIXTURE:ufo:mtch:1va-03e,14,14
FIXTURE:ufo:mtch:1va-0ab,14,14
FIXTURE:ufo:mtch:1va-0bq,14,14
FIXTURE:ufo:mtch:1vb-00z,14,14
FIXTURE:ufo:mtch:1vb-05w,14,14
FIXTURE:ufo:mtch:1vb-085,14,14
FIXTURE:ufo:mtch:1vb-2lc,14,14
FIXTURE:ufo:mtch:1vb-2qs,14,14
FIXTURE:ufo:mtch:1vc-00y,14,14
FIXTURE:ufo:mtch:1vc-027,14,14
FIXTURE:ufo:mtch:1vc-02r,14,14
FIXTURE:ufo:mtch:1vc-06l,14,14
FIXTURE:ufo:mtch:1vc-09k,14,14
FIXTURE:ufo:mtch:1vc-1cn,14,14
FIXTURE:ufo:mtch:1vc-1y5,14,14
FIXTURE:ufo:mtch:1vd-03w,14,14
FIXTURE:ufo:mtch:1vd-043,14,14
FIXTURE:ufo:mtch:1vd-072,14,14
FIXTURE:ufo:mtch:1vd-0jd,14,14
FIXTURE:ufo:mtch:1vd-14o,14,14
FIXTURE:ufo:mtch:1vd-23v,14,14
FIXTURE:ufo:mtch:1vd-31q,14,14
FIXTURE:ufo:mtch:1vd-3dl,14,14
FIXTURE:ufo:mtch:1ve-0ep,14,14
FIXTURE:ufo:mtch:1ve-0h7,14,14
FIXTURE:ufo:mtch:1ve-0hy,14,14
FIXTURE:ufo:mtch:1ve-0i6,14,14
FIXTURE:ufo:mtch:1ve-0tv,14,14
FIXTURE:ufo:mtch:1ve-138,14,14
FIXTURE:ufo:mtch:1ve-1i5,14,14
FIXTURE:ufo:mtch:1ve-1ke,14,14
FIXTURE:ufo:mtch:1vf-023,14,14
FIXTURE:ufo:mtch:1vf-057,14,14
FIXTURE:ufo:mtch:1vf-0ep,14,14
FIXTURE:ufo:mtch:1vf-1c3,14,14
FIXTURE:ufo:mtch:1vf-1nq,14,14
FIXTURE:ufo:mtch:1vf-1ns,14,14
FIXTURE:ufo:mtch:1vf-1pt,14,14
FIXTURE:ufo:mtch:1vh-022,14,14
FIXTURE:ufo:mtch:1vh-04m,14,14
FIXTURE:ufo:mtch:1vh-0ly,14,14
FIXTURE:ufo:mtch:1vh-1bg,14,14
FIXTURE:ufo:mtch:1vh-1is,14,14
FIXTURE:ufo:mtch:1vh-1w6,14,14
FIXTURE:ufo:mtch:1vh-1zq,14,14
FIXTURE:ufo:mtch:1vi-067,14,14
FIXTURE:ufo:mtch:1vi-06u,14,14
FIXTURE:ufo:mtch:1vi-22i,14,14
FIXTURE:ufo:mtch:1vj-03s,14,14
FIXTURE:ufo:mtch:1vj-05y,14,14
FIXTURE:ufo:mtch:1vj-08w,14,14
FIXTURE:ufo:mtch:1vj-098,14,14
FIXTURE:ufo:mtch:1vj-0di,14,14
FIXTURE:ufo:mtch:1vj-0dn,14,14
FIXTURE:ufo:mtch:1vj-1al,14,14
FIXTURE:ufo:mtch:1vk-03j,14,14
FIXTURE:ufo:mtch:1vk-09n,14,14
FIXTURE:ufo:mtch:1vk-0dr,14,14
FIXTURE:ufo:mtch:1vk-0kq,14,14
FIXTURE:ufo:mtch:1vk-0ny,14,14
FIXTURE:ufo:mtch:1vk-0og,14,14
FIXTURE:ufo:mtch:1vk-0or,14,14
FIXTURE:ufo:mtch:1vk-0p0,14,14
FIXTURE:ufo:mtch:1vk-1a8,14,14
FIXTURE:ufo:mtch:1vk-1sg,14,14
FIXTURE:ufo:mtch:1vk-1sx,14,14
FIXTURE:ufo:mtch:1vk-1yc,14,14
FIXTURE:ufo:mtch:1vl-00n,14,14
FIXTURE:ufo:mtch:1vl-03n,14,14
FIXTURE:ufo:mtch:1vl-03u,14,14
FIXTURE:ufo:mtch:1vl-062,14,14
FIXTURE:ufo:mtch:1vl-0bu,14,14
FIXTURE:ufo:mtch:1vm-2ou,14,14
FIXTURE:ufo:mtch:1us-1l3,13,13
FIXTURE:ufo:mtch:1us-2rm,13,13
FIXTURE:ufo:mtch:1ut-01h,13,13
FIXTURE:ufo:mtch:1ut-01i,13,13
FIXTURE:ufo:mtch:1ut-03x,13,13
FIXTURE:ufo:mtch:1ut-0q9,13,13
FIXTURE:ufo:mtch:1ut-0rd,13,13
FIXTURE:ufo:mtch:1ut-1h1,13,13
FIXTURE:ufo:mtch:1ut-1xj,13,13
FIXTURE:ufo:mtch:1ut-1xo,13,13
FIXTURE:ufo:mtch:1ut-29n,13,13
FIXTURE:ufo:mtch:1ut-29p,13,13
FIXTURE:ufo:mtch:1ut-2ve,13,13
FIXTURE:ufo:mtch:1uu-01g,13,13
FIXTURE:ufo:mtch:1uv-01d,13,13
FIXTURE:ufo:mtch:1uv-0st,13,13
FIXTURE:ufo:mtch:1uv-0t1,13,13
FIXTURE:ufo:mtch:1uw-010,13,13
FIXTURE:ufo:mtch:1uw-019,13,13
FIXTURE:ufo:mtch:1uw-02p,13,13
FIXTURE:ufo:mtch:1uw-1bc,13,13
FIXTURE:ufo:mtch:1uw-1pd,13,13
FIXTURE:ufo:mtch:1uw-1v7,13,13
FIXTURE:ufo:mtch:1ux-050,13,13
FIXTURE:ufo:mtch:1ux-0fn,13,13
FIXTURE:ufo:mtch:1ux-0y8,13,13
FIXTURE:ufo:mtch:1ux-1ks,13,13
FIXTURE:ufo:mtch:1ux-25l,13,13
FIXTURE:ufo:mtch:1ux-279,13,13
FIXTURE:ufo:mtch:1uy-000,13,13
FIXTURE:ufo:mtch:1uy-00r,13,13
FIXTURE:ufo:mtch:1uy-05n,13,13
FIXTURE:ufo:mtch:1uy-0m8,13,13
FIXTURE:ufo:mtch:1uy-0pc,13,13
FIXTURE:ufo:mtch:1uy-0ws,13,13
FIXTURE:ufo:mtch:1uy-13o,13,13
FIXTURE:ufo:mtch:1uy-22o,13,13
FIXTURE:ufo:mtch:1uz-025,13,13
FIXTURE:ufo:mtch:1uz-052,13,13
FIXTURE:ufo:mtch:1uz-053,13,13
FIXTURE:ufo:mtch:1uz-0ei,13,13
FIXTURE:ufo:mtch:1uz-0yx,13,13
FIXTURE:ufo:mtch:1uz-16p,13,13
FIXTURE:ufo:mtch:1uz-3fy,13,13
FIXTURE:ufo:mtch:1v0-00q,13,13
FIXTURE:ufo:mtch:1v0-04m,13,13
FIXTURE:ufo:mtch:1v0-06d,13,13
FIXTURE:ufo:mtch:1v0-0a3,13,13
FIXTURE:ufo:mtch:1v1-00h,13,13
FIXTURE:ufo:mtch:1v1-01q,13,13
FIXTURE:ufo:mtch:1v1-02z,13,13
FIXTURE:ufo:mtch:1v1-0co,13,13
FIXTURE:ufo:mtch:1v1-10u,13,13
FIXTURE:ufo:mtch:1v2-07a,13,13
FIXTURE:ufo:mtch:1v2-0ts,13,13
FIXTURE:ufo:mtch:1v2-13e,13,13
FIXTURE:ufo:mtch:1v2-158,13,13
FIXTURE:ufo:mtch:1v2-16c,13,13
FIXTURE:ufo:mtch:1v2-261,13,13
FIXTURE:ufo:mtch:1v3-01b,13,13
FIXTURE:ufo:mtch:1v3-04j,13,13
FIXTURE:ufo:mtch:1v3-0nu,13,13
FIXTURE:ufo:mtch:1v3-0oa,13,13
FIXTURE:ufo:mtch:1v3-0q8,13,13
FIXTURE:ufo:mtch:1v3-121,13,13
FIXTURE:ufo:mtch:1v3-1m6,13,13
FIXTURE:ufo:mtch:1v3-26v,13,13
FIXTURE:ufo:mtch:1v3-27i,13,13
FIXTURE:ufo:mtch:1v4-00v,13,13
FIXTURE:ufo:mtch:1v4-00y,13,13
FIXTURE:ufo:mtch:1v4-030,13,13
FIXTURE:ufo:mtch:1v4-06h,13,13
FIXTURE:ufo:mtch:1v4-06l,13,13
FIXTURE:ufo:mtch:1v4-079,13,13
FIXTURE:ufo:mtch:1v4-0ob,13,13
FIXTURE:ufo:mtch:1v4-0pw,13,13
FIXTURE:ufo:mtch:1v4-2bp,13,13
FIXTURE:ufo:mtch:1v4-2dv,13,13
FIXTURE:ufo:mtch:1v5-03a,13,13
FIXTURE:ufo:mtch:1v5-0by,13,13
FIXTURE:ufo:mtch:1v5-0zh,13,13
FIXTURE:ufo:mtch:1v5-25q,13,13
FIXTURE:ufo:mtch:1v6-02r,13,13
FIXTURE:ufo:mtch:1v6-030,13,13
FIXTURE:ufo:mtch:1v6-033,13,13
FIXTURE:ufo:mtch:1v6-03k,13,13
FIXTURE:ufo:mtch:1v6-05k,13,13
FIXTURE:ufo:mtch:1v6-06d,13,13
FIXTURE:ufo:mtch:1v6-0ji,13,13
FIXTURE:ufo:mtch:1v6-0mf,13,13
FIXTURE:ufo:mtch:1v6-0qh,13,13
FIXTURE:ufo:mtch:1v6-0yc,13,13
FIXTURE:ufo:mtch:1v6-0yh,13,13
FIXTURE:ufo:mtch:1v6-0z7,13,13
FIXTURE:ufo:mtch:1v6-2g5,13,13
FIXTURE:ufo:mtch:1v7-007,13,13
FIXTURE:ufo:mtch:1v7-054,13,13
FIXTURE:ufo:mtch:1v7-082,13,13
FIXTURE:ufo:mtch:1v7-084,13,13
FIXTURE:ufo:mtch:1v7-08b,13,13
FIXTURE:ufo:mtch:1v7-08i,13,13
FIXTURE:ufo:mtch:1v7-0bb,13,13
FIXTURE:ufo:mtch:1v7-1w3,13,13
FIXTURE:ufo:mtch:1v8-020,13,13
FIXTURE:ufo:mtch:1v8-1fe,13,13
FIXTURE:ufo:mtch:1v8-1m4,13,13
FIXTURE:ufo:mtch:1v8-1my,13,13
FIXTURE:ufo:mtch:1v9-00c,13,13
FIXTURE:ufo:mtch:1v9-00r,13,13
FIXTURE:ufo:mtch:1v9-01e,13,13
FIXTURE:ufo:mtch:1v9-086,13,13
FIXTURE:ufo:mtch:1v9-0bm,13,13
FIXTURE:ufo:mtch:1v9-0dz,13,13
FIXTURE:ufo:mtch:1v9-12g,13,13
FIXTURE:ufo:mtch:1va-01g,13,13
FIXTURE:ufo:mtch:1va-0my,13,13
FIXTURE:ufo:mtch:1va-11c,13,13
FIXTURE:ufo:mtch:1va-2aq,13,13
FIXTURE:ufo:mtch:1va-2zr,13,13
FIXTURE:ufo:mtch:1vb-19j,13,13
FIXTURE:ufo:mtch:1vb-1n6,13,13
FIXTURE:ufo:mtch:1vb-22r,13,13
FIXTURE:ufo:mtch:1vb-2ea,13,13
FIXTURE:ufo:mtch:1vc-2mz,13,13
FIXTURE:ufo:mtch:1vc-2n4,13,13
FIXTURE:ufo:mtch:1vd-0b4,13,13
FIXTURE:ufo:mtch:1vd-0ve,13,13
FIXTURE:ufo:mtch:1vd-0zs,13,13
FIXTURE:ufo:mtch:1vd-13e,13,13
FIXTURE:ufo:mtch:1vd-240,13,13
FIXTURE:ufo:mtch:1vd-3ni,13,13
FIXTURE:ufo:mtch:1ve-059,13,13
FIXTURE:ufo:mtch:1ve-05d,13,13
FIXTURE:ufo:mtch:1ve-0bz,13,13
FIXTURE:ufo:mtch:1ve-0ws,13,13
FIXTURE:ufo:mtch:1ve-134,13,13
FIXTURE:ufo:mtch:1ve-13e,13,13
FIXTURE:ufo:mtch:1ve-2wc,13,13
FIXTURE:ufo:mtch:1vf-0f7,13,13
FIXTURE:ufo:mtch:1vf-17z,13,13
FIXTURE:ufo:mtch:1vf-19a,13,13
FIXTURE:ufo:mtch:1vf-1b1,13,13
FIXTURE:ufo:mtch:1vf-1b5,13,13
FIXTURE:ufo:mtch:1vf-2ef,13,13
FIXTURE:ufo:mtch:1vg-023,13,13
FIXTURE:ufo:mtch:1vg-03c,13,13
FIXTURE:ufo:mtch:1vg-1d4,13,13
FIXTURE:ufo:mtch:1vg-1ul,13,13
FIXTURE:ufo:mtch:1vg-1uo,13,13
FIXTURE:ufo:mtch:1vh-01a,13,13
FIXTURE:ufo:mtch:1vh-026,13,13
FIXTURE:ufo:mtch:1vh-089,13,13
FIXTURE:ufo:mtch:1vh-0af,13,13
FIXTURE:ufo:mtch:1vh-0eq,13,13
FIXTURE:ufo:mtch:1vh-0lk,13,13
FIXTURE:ufo:mtch:1vh-1bi,13,13
FIXTURE:ufo:mtch:1vh-1u1,13,13
FIXTURE:ufo:mtch:1vi-01y,13,13
FIXTURE:ufo:mtch:1vi-07n,13,13
FIXTURE:ufo:mtch:1vi-0ds,13,13
FIXTURE:ufo:mtch:1vi-0jo,13,13
FIXTURE:ufo:mtch:1vi-17c,13,13
FIXTURE:ufo:mtch:1vi-1kd,13,13
FIXTURE:ufo:mtch:1vi-1oa,13,13
FIXTURE:ufo:mtch:1vj-036,13,13
FIXTURE:ufo:mtch:1vj-03v,13,13
FIXTURE:ufo:mtch:1vj-08r,13,13
FIXTURE:ufo:mtch:1vj-09l,13,13
FIXTURE:ufo:mtch:1vj-0f6,13,13
FIXTURE:ufo:mtch:1vj-0yu,13,13
FIXTURE:ufo:mtch:1vj-1du,13,13
FIXTURE:ufo:mtch:1vj-1xk,13,13
FIXTURE:ufo:mtch:1vj-1xl,13,13
FIXTURE:ufo:mtch:1vj-1xm,13,13
FIXTURE:ufo:mtch:1vk-067,13,13
FIXTURE:ufo:mtch:1vk-06a,13,13
FIXTURE:ufo:mtch:1vk-07p,13,13
FIXTURE:ufo:mtch:1vk-0fn,13,13
FIXTURE:ufo:mtch:1vk-0t8,13,13
FIXTURE:ufo:mtch:1vk-13e,13,13
FIXTURE:ufo:mtch:1vk-1si,13,13
FIXTURE:ufo:mtch:1vk-1sz,13,13
FIXTURE:ufo:mtch:1vk-1t5,13,13
FIXTURE:ufo:mtch:1vk-3as,13,13
FIXTURE:ufo:mtch:1vl-03t,13,13
FIXTURE:ufo:mtch:1vl-042,13,13
FIXTURE:ufo:mtch:1vl-0a9,13,13
FIXTURE:ufo:mtch:1vl-0bs,13,13
FIXTURE:ufo:mtch:1vl-0ot,13,13
FIXTURE:ufo:mtch:1vl-0rw,13,13
FIXTURE:ufo:mtch:1vl-0yd,13,13
FIXTURE:ufo:mtch:1vl-15o,13,13
FIXTURE:ufo:mtch:1vl-23a,13,13
FIXTURE:ufo:mtch:1vm-02d,13,13
FIXTURE:ufo:mtch:1vm-0hk,13,13
FIXTURE:ufo:mtch:1vm-278,13,13
FIXTURE:ufo:mtch:1us-019,12,12
FIXTURE:ufo:mtch:1us-01t,12,12
FIXTURE:ufo:mtch:1us-01z,12,12
FIXTURE:ufo:mtch:1us-05q,12,12
FIXTURE:ufo:mtch:1us-0h4,12,12
FIXTURE:ufo:mtch:1us-0ng,12,12
FIXTURE:ufo:mtch:1us-1kq,12,12
FIXTURE:ufo:mtch:1us-2t2,12,12
FIXTURE:ufo:mtch:1us-2t7,12,12
FIXTURE:ufo:mtch:1ut-0cb,12,12
FIXTURE:ufo:mtch:1ut-1nh,12,12
FIXTURE:ufo:mtch:1ut-1nk,12,12
FIXTURE:ufo:mtch:1ut-2a0,12,12
FIXTURE:ufo:mtch:1ut-2ew,12,12
FIXTURE:ufo:mtch:1ut-2f3,12,12
FIXTURE:ufo:mtch:1uu-01d,12,12
FIXTURE:ufo:mtch:1uv-01c,12,12
FIXTURE:ufo:mtch:1uv-02a,12,12
FIXTURE:ufo:mtch:1uv-02p,12,12
FIXTURE:ufo:mtch:1uv-0rx,12,12
FIXTURE:ufo:mtch:1uv-1ju,12,12
FIXTURE:ufo:mtch:1uv-1k1,12,12
FIXTURE:ufo:mtch:1uv-1k3,12,12
FIXTURE:ufo:mtch:1uv-276,12,12
FIXTURE:ufo:mtch:1uw-00d,12,12
FIXTURE:ufo:mtch:1uw-0g4,12,12
FIXTURE:ufo:mtch:1uw-0nn,12,12
FIXTURE:ufo:mtch:1uw-1qm,12,12
FIXTURE:ufo:mtch:1uw-1ws,12,12
FIXTURE:ufo:mtch:1uw-27y,12,12
FIXTURE:ufo:mtch:1uw-28f,12,12
FIXTURE:ufo:mtch:1uw-2bg,12,12
FIXTURE:ufo:mtch:1ux-00u,12,12
FIXTURE:ufo:mtch:1ux-243,12,12
FIXTURE:ufo:mtch:1uy-04n,12,12
FIXTURE:ufo:mtch:1uy-0c8,12,12
FIXTURE:ufo:mtch:1uy-0gy,12,12
FIXTURE:ufo:mtch:1uy-0k9,12,12
FIXTURE:ufo:mtch:1uy-0pb,12,12
FIXTURE:ufo:mtch:1uy-169,12,12
FIXTURE:ufo:mtch:1uy-1t0,12,12
FIXTURE:ufo:mtch:1uy-1uw,12,12
FIXTURE:ufo:mtch:1uy-278,12,12
FIXTURE:ufo:mtch:1uz-03h,12,12
FIXTURE:ufo:mtch:1uz-07z,12,12
FIXTURE:ufo:mtch:1uz-1i4,12,12
FIXTURE:ufo:mtch:1uz-237,12,12
FIXTURE:ufo:mtch:1uz-2jg,12,12
FIXTURE:ufo:mtch:1uz-37b,12,12
FIXTURE:ufo:mtch:1v0-028,12,12
FIXTURE:ufo:mtch:1v0-038,12,12
FIXTURE:ufo:mtch:1v0-03g,12,12
FIXTURE:ufo:mtch:1v0-05s,12,12
FIXTURE:ufo:mtch:1v0-0aj,12,12
FIXTURE:ufo:mtch:1v1-02g,12,12
FIXTURE:ufo:mtch:1v1-0ce,12,12
FIXTURE:ufo:mtch:1v1-0cq,12,12
FIXTURE:ufo:mtch:1v1-1hb,12,12
FIXTURE:ufo:mtch:1v1-1lh,12,12
FIXTURE:ufo:mtch:1v1-1st,12,12
FIXTURE:ufo:mtch:1v2-00u,12,12
FIXTURE:ufo:mtch:1v2-01r,12,12
FIXTURE:ufo:mtch:1v2-01u,12,12
FIXTURE:ufo:mtch:1v2-03r,12,12
FIXTURE:ufo:mtch:1v2-03y,12,12
FIXTURE:ufo:mtch:1v2-08l,12,12
FIXTURE:ufo:mtch:1v2-0mw,12,12
FIXTURE:ufo:mtch:1v2-0u4,12,12
FIXTURE:ufo:mtch:1v2-14c,12,12
FIXTURE:ufo:mtch:1v3-01n,12,12
FIXTURE:ufo:mtch:1v3-1nc,12,12
FIXTURE:ufo:mtch:1v3-1u6,12,12
FIXTURE:ufo:mtch:1v3-26q,12,12
FIXTURE:ufo:mtch:1v3-27d,12,12
FIXTURE:ufo:mtch:1v3-2jb,12,12
FIXTURE:ufo:mtch:1v3-2jx,12,12
FIXTURE:ufo:mtch:1v4-00u,12,12
FIXTURE:ufo:mtch:1v4-03p,12,12
FIXTURE:ufo:mtch:1v4-068,12,12
FIXTURE:ufo:mtch:1v4-08o,12,12
FIXTURE:ufo:mtch:1v4-0cn,12,12
FIXTURE:ufo:mtch:1v4-0oe,12,12
FIXTURE:ufo:mtch:1v4-0og,12,12
FIXTURE:ufo:mtch:1v4-0oh,12,12
FIXTURE:ufo:mtch:1v4-0yt,12,12
FIXTURE:ufo:mtch:1v4-1qc,12,12
FIXTURE:ufo:mtch:1v4-2bk,12,12
FIXTURE:ufo:mtch:1v5-00e,12,12
FIXTURE:ufo:mtch:1v5-0wh,12,12
FIXTURE:ufo:mtch:1v5-1s3,12,12
FIXTURE:ufo:mtch:1v5-24e,12,12
FIXTURE:ufo:mtch:1v6-00j,12,12
FIXTURE:ufo:mtch:1v6-040,12,12
FIXTURE:ufo:mtch:1v6-043,12,12
FIXTURE:ufo:mtch:1v6-058,12,12
FIXTURE:ufo:mtch:1v6-063,12,12
FIXTURE:ufo:mtch:1v6-066,12,12
FIXTURE:ufo:mtch:1v6-06c,12,12
FIXTURE:ufo:mtch:1v6-06l,12,12
FIXTURE:ufo:mtch:1v6-0ez,12,12
FIXTURE:ufo:mtch:1v6-0il,12,12
FIXTURE:ufo:mtch:1v6-0o3,12,12
FIXTURE:ufo:mtch:1v6-0pe,12,12
FIXTURE:ufo:mtch:1v6-0pt,12,12
FIXTURE:ufo:mtch:1v6-0qm,12,12
FIXTURE:ufo:mtch:1v6-0r1,12,12
FIXTURE:ufo:mtch:1v6-11k,12,12
FIXTURE:ufo:mtch:1v6-16x,12,12
FIXTURE:ufo:mtch:1v6-1k8,12,12
FIXTURE:ufo:mtch:1v6-2en,12,12
FIXTURE:ufo:mtch:1v6-2gc,12,12
FIXTURE:ufo:mtch:1v6-2iu,12,12
FIXTURE:ufo:mtch:1v6-36b,12,12
FIXTURE:ufo:mtch:1v7-03h,12,12
FIXTURE:ufo:mtch:1v7-047,12,12
FIXTURE:ufo:mtch:1v7-09h,12,12
FIXTURE:ufo:mtch:1v7-0i2,12,12
FIXTURE:ufo:mtch:1v7-0k3,12,12
FIXTURE:ufo:mtch:1v7-0y5,12,12
FIXTURE:ufo:mtch:1v7-0y8,12,12
FIXTURE:ufo:mtch:1v7-1ii,12,12
FIXTURE:ufo:mtch:1v8-0ir,12,12
FIXTURE:ufo:mtch:1v8-0tf,12,12
FIXTURE:ufo:mtch:1v8-0vs,12,12
FIXTURE:ufo:mtch:1v8-12e,12,12
FIXTURE:ufo:mtch:1v8-1ff,12,12
FIXTURE:ufo:mtch:1v9-020,12,12
FIXTURE:ufo:mtch:1v9-0at,12,12
FIXTURE:ufo:mtch:1v9-0bi,12,12
FIXTURE:ufo:mtch:1v9-0e1,12,12
FIXTURE:ufo:mtch:1va-035,12,12
FIXTURE:ufo:mtch:1va-037,12,12
FIXTURE:ufo:mtch:1va-09f,12,12
FIXTURE:ufo:mtch:1va-0ms,12,12
FIXTURE:ufo:mtch:1va-18y,12,12
FIXTURE:ufo:mtch:1va-19n,12,12
FIXTURE:ufo:mtch:1va-1tl,12,12
FIXTURE:ufo:mtch:1va-1z2,12,12
FIXTURE:ufo:mtch:1vb-02d,12,12
FIXTURE:ufo:mtch:1vb-04p,12,12
FIXTURE:ufo:mtch:1vb-0qo,12,12
FIXTURE:ufo:mtch:1vc-00n,12,12
FIXTURE:ufo:mtch:1vc-01t,12,12
FIXTURE:ufo:mtch:1vc-0ar,12,12
FIXTURE:ufo:mtch:1vc-0dz,12,12
FIXTURE:ufo:mtch:1vc-0e5,12,12
FIXTURE:ufo:mtch:1vc-1v4,12,12
FIXTURE:ufo:mtch:1vc-2kf,12,12
FIXTURE:ufo:mtch:1vd-015,12,12
FIXTURE:ufo:mtch:1vd-01v,12,12
FIXTURE:ufo:mtch:1vd-047,12,12
FIXTURE:ufo:mtch:1vd-064,12,12
FIXTURE:ufo:mtch:1vd-068,12,12
FIXTURE:ufo:mtch:1vd-06m,12,12
FIXTURE:ufo:mtch:1vd-06o,12,12
FIXTURE:ufo:mtch:1vd-06y,12,12
FIXTURE:ufo:mtch:1vd-06z,12,12
FIXTURE:ufo:mtch:1vd-09d,12,12
FIXTURE:ufo:mtch:1vd-0b2,12,12
FIXTURE:ufo:mtch:1vd-0bm,12,12
FIXTURE:ufo:mtch:1vd-0bu,12,12
FIXTURE:ufo:mtch:1vd-0dz,12,12
FIXTURE:ufo:mtch:1vd-0ns,12,12
FIXTURE:ufo:mtch:1vd-1um,12,12
FIXTURE:ufo:mtch:1ve-03k,12,12
FIXTURE:ufo:mtch:1ve-04p,12,12
FIXTURE:ufo:mtch:1ve-07p,12,12
FIXTURE:ufo:mtch:1ve-09l,12,12
FIXTURE:ufo:mtch:1ve-0a2,12,12
FIXTURE:ufo:mtch:1ve-0dn,12,12
FIXTURE:ufo:mtch:1vf-00g,12,12
FIXTURE:ufo:mtch:1vf-015,12,12
FIXTURE:ufo:mtch:1vf-01t,12,12
FIXTURE:ufo:mtch:1vf-027,12,12
FIXTURE:ufo:mtch:1vf-0mb,12,12
FIXTURE:ufo:mtch:1vf-18t,12,12
FIXTURE:ufo:mtch:1vf-19h,12,12
FIXTURE:ufo:mtch:1vf-1ps,12,12
FIXTURE:ufo:mtch:1vf-1zn,12,12
FIXTURE:ufo:mtch:1vf-20i,12,12
FIXTURE:ufo:mtch:1vf-20n,12,12
FIXTURE:ufo:mtch:1vg-028,12,12
FIXTURE:ufo:mtch:1vg-03b,12,12
FIXTURE:ufo:mtch:1vg-068,12,12
FIXTURE:ufo:mtch:1vg-06a,12,12
FIXTURE:ufo:mtch:1vg-082,12,12
FIXTURE:ufo:mtch:1vg-0vo,12,12
FIXTURE:ufo:mtch:1vg-14m,12,12
FIXTURE:ufo:mtch:1vh-02k,12,12
FIXTURE:ufo:mtch:1vh-040,12,12
FIXTURE:ufo:mtch:1vh-080,12,12
FIXTURE:ufo:mtch:1vh-0jr,12,12
FIXTURE:ufo:mtch:1vh-14f,12,12
FIXTURE:ufo:mtch:1vh-1t9,12,12
FIXTURE:ufo:mtch:1vh-2bq,12,12
FIXTURE:ufo:mtch:1vh-2bt,12,12
FIXTURE:ufo:mtch:1vh-2ot,12,12
FIXTURE:ufo:mtch:1vi-01z,12,12
FIXTURE:ufo:mtch:1vi-04g,12,12
FIXTURE:ufo:mtch:1vi-061,12,12
FIXTURE:ufo:mtch:1vi-062,12,12
FIXTURE:ufo:mtch:1vj-021,12,12
FIXTURE:ufo:mtch:1vj-03l,12,12
FIXTURE:ufo:mtch:1vj-03r,12,12
FIXTURE:ufo:mtch:1vj-06f,12,12
FIXTURE:ufo:mtch:1vj-0ae,12,12
FIXTURE:ufo:mtch:1vj-0mx,12,12
FIXTURE:ufo:mtch:1vk-00z,12,12
FIXTURE:ufo:mtch:1vk-03l,12,12
FIXTURE:ufo:mtch:1vk-04h,12,12
FIXTURE:ufo:mtch:1vk-0ag,12,12
FIXTURE:ufo:mtch:1vk-0jx,12,12
FIXTURE:ufo:mtch:1vk-0wv,12,12
FIXTURE:ufo:mtch:1vk-112,12,12
FIXTURE:ufo:mtch:1vl-05d,12,12
FIXTURE:ufo:mtch:1vl-0d2,12,12
FIXTURE:ufo:mtch:1vl-0m4,12,12
FIXTURE:ufo:mtch:1vl-0n5,12,12
FIXTURE:ufo:mtch:1vl-0np,12,12
FIXTURE:ufo:mtch:1vl-0s7,12,12
FIXTURE:ufo:mtch:1vl-0sv,12,12
FIXTURE:ufo:mtch:1vl-0yc,12,12
FIXTURE:ufo:mtch:1vm-2pk,12,12
FIXTURE:ufo:mtch:1vm-2rh,12,12
FIXTURE:ufo:mtch:1vn-0fv,12,12
FIXTURE:ufo:mtch:1us-032,11,11
FIXTURE:ufo:mtch:1us-06h,11,11
FIXTURE:ufo:mtch:1us-07d,11,11
FIXTURE:ufo:mtch:1us-0m0,11,11
FIXTURE:ufo:mtch:1us-1jv,11,11
FIXTURE:ufo:mtch:1us-2en,11,11
FIXTURE:ufo:mtch:1us-2r4,11,11
FIXTURE:ufo:mtch:1us-32a,11,11
FIXTURE:ufo:mtch:1ut-002,11,11
FIXTURE:ufo:mtch:1ut-06c,11,11
FIXTURE:ufo:mtch:1ut-0pd,11,11
FIXTURE:ufo:mtch:1ut-0q8,11,11
FIXTURE:ufo:mtch:1ut-0qn,11,11
FIXTURE:ufo:mtch:1ut-0r6,11,11
FIXTURE:ufo:mtch:1ut-1fz,11,11
FIXTURE:ufo:mtch:1ut-1ga,11,11
FIXTURE:ufo:mtch:1ut-1oe,11,11
FIXTURE:ufo:mtch:1ut-1xe,11,11
FIXTURE:ufo:mtch:1ut-1xi,11,11
FIXTURE:ufo:mtch:1ut-2co,11,11
FIXTURE:ufo:mtch:1ut-2rb,11,11
FIXTURE:ufo:mtch:1uu-02f,11,11
FIXTURE:ufo:mtch:1uu-0ap,11,11
FIXTURE:ufo:mtch:1uu-0at,11,11
FIXTURE:ufo:mtch:1uu-0au,11,11
FIXTURE:ufo:mtch:1uv-01j,11,11
FIXTURE:ufo:mtch:1uv-1k0,11,11
FIXTURE:ufo:mtch:1uv-1ls,11,11
FIXTURE:ufo:mtch:1uw-01i,11,11
FIXTURE:ufo:mtch:1uw-01l,11,11
FIXTURE:ufo:mtch:1uw-02k,11,11
FIXTURE:ufo:mtch:1uw-02r,11,11
FIXTURE:ufo:mtch:1uw-0ft,11,11
FIXTURE:ufo:mtch:1uw-0i9,11,11
FIXTURE:ufo:mtch:1uw-0k2,11,11
FIXTURE:ufo:mtch:1uw-0um,11,11
FIXTURE:ufo:mtch:1uw-0xp,11,11
FIXTURE:ufo:mtch:1uw-1kd,11,11
FIXTURE:ufo:mtch:1uw-1pz,11,11
FIXTURE:ufo:mtch:1uw-1qj,11,11
FIXTURE:ufo:mtch:1uw-1qp,11,11
FIXTURE:ufo:mtch:1uw-1tk,11,11
FIXTURE:ufo:mtch:1uw-1wb,11,11
FIXTURE:ufo:mtch:1uw-24a,11,11
FIXTURE:ufo:mtch:1uw-27o,11,11
FIXTURE:ufo:mtch:1ux-00f,11,11
FIXTURE:ufo:mtch:1ux-016,11,11
FIXTURE:ufo:mtch:1ux-0fb,11,11
FIXTURE:ufo:mtch:1ux-14q,11,11
FIXTURE:ufo:mtch:1ux-253,11,11
FIXTURE:ufo:mtch:1uy-0g7,11,11
FIXTURE:ufo:mtch:1uy-0gz,11,11
FIXTURE:ufo:mtch:1uy-0kg,11,11
FIXTURE:ufo:mtch:1uy-131,11,11
FIXTURE:ufo:mtch:1uy-14r,11,11
FIXTURE:ufo:mtch:1uy-1iu,11,11
FIXTURE:ufo:mtch:1uy-2u2,11,11
FIXTURE:ufo:mtch:1uz-01e,11,11
FIXTURE:ufo:mtch:1uz-01f,11,11
FIXTURE:ufo:mtch:1uz-01y,11,11
FIXTURE:ufo:mtch:1uz-02a,11,11
FIXTURE:ufo:mtch:1uz-03c,11,11
FIXTURE:ufo:mtch:1uz-03e,11,11
FIXTURE:ufo:mtch:1uz-058,11,11
FIXTURE:ufo:mtch:1uz-07n,11,11
FIXTURE:ufo:mtch:1uz-0cl,11,11
FIXTURE:ufo:mtch:1uz-0eo,11,11
FIXTURE:ufo:mtch:1uz-0wt,11,11
FIXTURE:ufo:mtch:1uz-27c,11,11
FIXTURE:ufo:mtch:1uz-2ds,11,11
FIXTURE:ufo:mtch:1uz-363,11,11
FIXTURE:ufo:mtch:1uz-3i3,11,11
FIXTURE:ufo:mtch:1v0-07z,11,11
FIXTURE:ufo:mtch:1v0-08h,11,11
FIXTURE:ufo:mtch:1v0-218,11,11
FIXTURE:ufo:mtch:1v0-2f6,11,11
FIXTURE:ufo:mtch:1v1-00b,11,11
FIXTURE:ufo:mtch:1v1-00c,11,11
FIXTURE:ufo:mtch:1v1-0c6,11,11
FIXTURE:ufo:mtch:1v1-0zi,11,11
FIXTURE:ufo:mtch:1v1-1ai,11,11
FIXTURE:ufo:mtch:1v2-078,11,11
FIXTURE:ufo:mtch:1v2-0mr,11,11
FIXTURE:ufo:mtch:1v2-150,11,11
FIXTURE:ufo:mtch:1v2-171,11,11
FIXTURE:ufo:mtch:1v3-05c,11,11
FIXTURE:ufo:mtch:1v3-0tp,11,11
FIXTURE:ufo:mtch:1v3-27b,11,11
FIXTURE:ufo:mtch:1v3-2jn,11,11
FIXTURE:ufo:mtch:1v3-2tj,11,11
FIXTURE:ufo:mtch:1v4-00j,11,11
FIXTURE:ufo:mtch:1v4-013,11,11
FIXTURE:ufo:mtch:1v4-01c,11,11
FIXTURE:ufo:mtch:1v4-06g,11,11
FIXTURE:ufo:mtch:1v4-06r,11,11
FIXTURE:ufo:mtch:1v4-0o7,11,11
FIXTURE:ufo:mtch:1v4-0wn,11,11
FIXTURE:ufo:mtch:1v4-1ug,11,11
FIXTURE:ufo:mtch:1v5-00g,11,11
FIXTURE:ufo:mtch:1v5-03m,11,11
FIXTURE:ufo:mtch:1v5-0cv,11,11
FIXTURE:ufo:mtch:1v5-115,11,11
FIXTURE:ufo:mtch:1v5-1ci,11,11
FIXTURE:ufo:mtch:1v5-1si,11,11
FIXTURE:ufo:mtch:1v5-28q,11,11
FIXTURE:ufo:mtch:1v6-04l,11,11
FIXTURE:ufo:mtch:1v6-0ds,11,11
FIXTURE:ufo:mtch:1v6-0kg,11,11
FIXTURE:ufo:mtch:1v6-0nv,11,11
FIXTURE:ufo:mtch:1v6-187,11,11
FIXTURE:ufo:mtch:1v6-1cy,11,11
FIXTURE:ufo:mtch:1v6-2dx,11,11
FIXTURE:ufo:mtch:1v6-2ex,11,11
FIXTURE:ufo:mtch:1v6-2gw,11,11
FIXTURE:ufo:mtch:1v6-2ik,11,11
FIXTURE:ufo:mtch:1v7-004,11,11
FIXTURE:ufo:mtch:1v7-02m,11,11
FIXTURE:ufo:mtch:1v7-034,11,11
FIXTURE:ufo:mtch:1v7-04q,11,11
FIXTURE:ufo:mtch:1v7-08r,11,11
FIXTURE:ufo:mtch:1v7-093,11,11
FIXTURE:ufo:mtch:1v7-0g3,11,11
FIXTURE:ufo:mtch:1v7-0gl,11,11
FIXTURE:ufo:mtch:1v7-0iq,11,11
FIXTURE:ufo:mtch:1v7-0je,11,11
FIXTURE:ufo:mtch:1v7-0n6,11,11
FIXTURE:ufo:mtch:1v7-0rh,11,11
FIXTURE:ufo:mtch:1v7-1lk,11,11
FIXTURE:ufo:mtch:1v7-1vz,11,11
FIXTURE:ufo:mtch:1v8-00e,11,11
FIXTURE:ufo:mtch:1v8-01y,11,11
FIXTURE:ufo:mtch:1v8-050,11,11
FIXTURE:ufo:mtch:1v9-04r,11,11
FIXTURE:ufo:mtch:1v9-05d,11,11
FIXTURE:ufo:mtch:1v9-08b,11,11
FIXTURE:ufo:mtch:1v9-08l,11,11
FIXTURE:ufo:mtch:1v9-09a,11,11
FIXTURE:ufo:mtch:1v9-11k,11,11
FIXTURE:ufo:mtch:1v9-14y,11,11
FIXTURE:ufo:mtch:1v9-1b6,11,11
FIXTURE:ufo:mtch:1v9-1n1,11,11
FIXTURE:ufo:mtch:1v9-1rj,11,11
FIXTURE:ufo:mtch:1v9-28s,11,11
FIXTURE:ufo:mtch:1va-02q,11,11
FIXTURE:ufo:mtch:1va-13k,11,11
FIXTURE:ufo:mtch:1va-284,11,11
FIXTURE:ufo:mtch:1vb-075,11,11
FIXTURE:ufo:mtch:1vb-0c8,11,11
FIXTURE:ufo:mtch:1vb-1mx,11,11
FIXTURE:ufo:mtch:1vb-1nn,11,11
FIXTURE:ufo:mtch:1vb-1ny,11,11
FIXTURE:ufo:mtch:1vc-00w,11,11
FIXTURE:ufo:mtch:1vc-03b,11,11
FIXTURE:ufo:mtch:1vc-086,11,11
FIXTURE:ufo:mtch:1vc-0dp,11,11
FIXTURE:ufo:mtch:1vc-0fq,11,11
FIXTURE:ufo:mtch:1vc-0k3,11,11
FIXTURE:ufo:mtch:1vc-1aw,11,11
FIXTURE:ufo:mtch:1vc-1we,11,11
FIXTURE:ufo:mtch:1vc-2a8,11,11
FIXTURE:ufo:mtch:1vc-2n6,11,11
FIXTURE:ufo:mtch:1vd-036,11,11
FIXTURE:ufo:mtch:1vd-03z,11,11
FIXTURE:ufo:mtch:1vd-05n,11,11
FIXTURE:ufo:mtch:1vd-07a,11,11
FIXTURE:ufo:mtch:1vd-0by,11,11
FIXTURE:ufo:mtch:1vd-0l6,11,11
FIXTURE:ufo:mtch:1vd-197,11,11
FIXTURE:ufo:mtch:1vd-20c,11,11
FIXTURE:ufo:mtch:1ve-035,11,11
FIXTURE:ufo:mtch:1ve-04s,11,11
FIXTURE:ufo:mtch:1ve-05x,11,11
FIXTURE:ufo:mtch:1ve-06u,11,11
FIXTURE:ufo:mtch:1ve-06x,11,11
FIXTURE:ufo:mtch:1ve-06y,11,11
FIXTURE:ufo:mtch:1ve-075,11,11
FIXTURE:ufo:mtch:1ve-07d,11,11
FIXTURE:ufo:mtch:1ve-0jf,11,11
FIXTURE:ufo:mtch:1ve-0n2,11,11
FIXTURE:ufo:mtch:1ve-0vl,11,11
FIXTURE:ufo:mtch:1vf-016,11,11
FIXTURE:ufo:mtch:1vf-02p,11,11
FIXTURE:ufo:mtch:1vf-0az,11,11
FIXTURE:ufo:mtch:1vf-20h,11,11
FIXTURE:ufo:mtch:1vf-20w,11,11
FIXTURE:ufo:mtch:1vf-212,11,11
FIXTURE:ufo:mtch:1vf-21i,11,11
FIXTURE:ufo:mtch:1vf-21k,11,11
FIXTURE:ufo:mtch:1vg-022,11,11
FIXTURE:ufo:mtch:1vg-026,11,11
FIXTURE:ufo:mtch:1vg-02v,11,11
FIXTURE:ufo:mtch:1vg-040,11,11
FIXTURE:ufo:mtch:1vg-085,11,11
FIXTURE:ufo:mtch:1vg-0jp,11,11
FIXTURE:ufo:mtch:1vg-17j,11,11
FIXTURE:ufo:mtch:1vg-1pm,11,11
FIXTURE:ufo:mtch:1vg-1s7,11,11
FIXTURE:ufo:mtch:1vh-04l,11,11
FIXTURE:ufo:mtch:1vh-08f,11,11
FIXTURE:ufo:mtch:1vh-0jy,11,11
FIXTURE:ufo:mtch:1vh-0q4,11,11
FIXTURE:ufo:mtch:1vh-19n,11,11
FIXTURE:ufo:mtch:1vh-1ba,11,11
FIXTURE:ufo:mtch:1vh-1fq,11,11
FIXTURE:ufo:mtch:1vh-2c0,11,11
FIXTURE:ufo:mtch:1vh-2zd,11,11
FIXTURE:ufo:mtch:1vi-00s,11,11
FIXTURE:ufo:mtch:1vi-00u,11,11
FIXTURE:ufo:mtch:1vi-02e,11,11
FIXTURE:ufo:mtch:1vi-05e,11,11
FIXTURE:ufo:mtch:1vi-07b,11,11
FIXTURE:ufo:mtch:1vi-1tc,11,11
FIXTURE:ufo:mtch:1vi-2qf,11,11
FIXTURE:ufo:mtch:1vj-03x,11,11
FIXTURE:ufo:mtch:1vj-03y,11,11
FIXTURE:ufo:mtch:1vj-04e,11,11
FIXTURE:ufo:mtch:1vj-04f,11,11
FIXTURE:ufo:mtch:1vj-06x,11,11
FIXTURE:ufo:mtch:1vj-0mn,11,11
FIXTURE:ufo:mtch:1vk-00y,11,11
FIXTURE:ufo:mtch:1vk-03i,11,11
FIXTURE:ufo:mtch:1vk-04l,11,11
FIXTURE:ufo:mtch:1vk-0m2,11,11
FIXTURE:ufo:mtch:1vk-0ok,11,11
FIXTURE:ufo:mtch:1vk-3ay,11,11
FIXTURE:ufo:mtch:1vl-0sh,11,11
FIXTURE:ufo:mtch:1vl-0y2,11,11
FIXTURE:ufo:mtch:1vl-0ye,11,11
FIXTURE:ufo:mtch:1vm-01l,11,11
FIXTURE:ufo:mtch:1vm-02a,11,11
FIXTURE:ufo:mtch:1vm-058,11,11
FIXTURE:ufo:mtch:1vm-0hj,11,11
FIXTURE:ufo:mtch:1us-00n,10,10
FIXTURE:ufo:mtch:1us-02i,10,10
FIXTURE:ufo:mtch:1us-033,10,10
FIXTURE:ufo:mtch:1us-0bf,10,10
FIXTURE:ufo:mtch:1us-0gc,10,10
FIXTURE:ufo:mtch:1us-17y,10,10
FIXTURE:ufo:mtch:1us-1i6,10,10
FIXTURE:ufo:mtch:1us-1id,10,10
FIXTURE:ufo:mtch:1us-1ke,10,10
FIXTURE:ufo:mtch:1us-1ky,10,10
FIXTURE:ufo:mtch:1us-1qe,10,10
FIXTURE:ufo:mtch:1ut-03k,10,10
FIXTURE:ufo:mtch:1ut-09n,10,10
FIXTURE:ufo:mtch:1ut-0em,10,10
FIXTURE:ufo:mtch:1ut-0ra,10,10
FIXTURE:ufo:mtch:1ut-0xh,10,10
FIXTURE:ufo:mtch:1ut-1go,10,10
FIXTURE:ufo:mtch:1ut-1nl,10,10
FIXTURE:ufo:mtch:1ut-1xu,10,10
FIXTURE:ufo:mtch:1ut-29j,10,10
FIXTURE:ufo:mtch:1ut-2et,10,10
FIXTURE:ufo:mtch:1uu-007,10,10
FIXTURE:ufo:mtch:1uu-00k,10,10
FIXTURE:ufo:mtch:1uu-00n,10,10
FIXTURE:ufo:mtch:1uu-01s,10,10
FIXTURE:ufo:mtch:1uu-021,10,10
FIXTURE:ufo:mtch:1uu-02h,10,10
FIXTURE:ufo:mtch:1uu-1ib,10,10
FIXTURE:ufo:mtch:1uv-00x,10,10
FIXTURE:ufo:mtch:1uv-012,10,10
FIXTURE:ufo:mtch:1uv-01x,10,10
FIXTURE:ufo:mtch:1uv-024,10,10
FIXTURE:ufo:mtch:1uv-053,10,10
FIXTURE:ufo:mtch:1uv-0ec,10,10
FIXTURE:ufo:mtch:1uv-0sp,10,10
FIXTURE:ufo:mtch:1uv-0sv,10,10
FIXTURE:ufo:mtch:1uv-157,10,10
FIXTURE:ufo:mtch:1uv-1jy,10,10
FIXTURE:ufo:mtch:1uv-285,10,10
FIXTURE:ufo:mtch:1uw-02h,10,10
FIXTURE:ufo:mtch:1uw-036,10,10
FIXTURE:ufo:mtch:1uw-088,10,10
FIXTURE:ufo:mtch:1uw-0bc,10,10
FIXTURE:ufo:mtch:1uw-0nm,10,10
FIXTURE:ufo:mtch:1uw-0ot,10,10
FIXTURE:ufo:mtch:1uw-0ui,10,10
FIXTURE:ufo:mtch:1uw-1go,10,10
FIXTURE:ufo:mtch:1uw-28c,10,10
FIXTURE:ufo:mtch:1uw-29o,10,10
FIXTURE:ufo:mtch:1ux-06l,10,10
FIXTURE:ufo:mtch:1ux-078,10,10
FIXTURE:ufo:mtch:1ux-0zk,10,10
FIXTURE:ufo:mtch:1ux-1t5,10,10
FIXTURE:ufo:mtch:1uy-0bq,10,10
FIXTURE:ufo:mtch:1uy-0g8,10,10
FIXTURE:ufo:mtch:1uy-0j8,10,10
FIXTURE:ufo:mtch:1uy-1ef,10,10
FIXTURE:ufo:mtch:1uy-1ei,10,10
FIXTURE:ufo:mtch:1uy-1kb,10,10
FIXTURE:ufo:mtch:1uy-277,10,10
FIXTURE:ufo:mtch:1uz-00p,10,10
FIXTURE:ufo:mtch:1uz-04i,10,10
FIXTURE:ufo:mtch:1uz-077,10,10
FIXTURE:ufo:mtch:1uz-09f,10,10
FIXTURE:ufo:mtch:1uz-09x,10,10
FIXTURE:ufo:mtch:1uz-0gr,10,10
FIXTURE:ufo:mtch:1uz-0o9,10,10
FIXTURE:ufo:mtch:1uz-0op,10,10
FIXTURE:ufo:mtch:1uz-0zl,10,10
FIXTURE:ufo:mtch:1uz-152,10,10
FIXTURE:ufo:mtch:1uz-2i9,10,10
FIXTURE:ufo:mtch:1uz-2s1,10,10
FIXTURE:ufo:mtch:1uz-34a,10,10
FIXTURE:ufo:mtch:1v0-0e8,10,10
FIXTURE:ufo:mtch:1v0-0fr,10,10
FIXTURE:ufo:mtch:1v1-00d,10,10
FIXTURE:ufo:mtch:1v1-0c9,10,10
FIXTURE:ufo:mtch:1v1-0cb,10,10
FIXTURE:ufo:mtch:1v1-0e2,10,10
FIXTURE:ufo:mtch:1v1-0gv,10,10
FIXTURE:ufo:mtch:1v1-0zo,10,10
FIXTURE:ufo:mtch:1v1-11g,10,10
FIXTURE:ufo:mtch:1v1-11n,10,10
FIXTURE:ufo:mtch:1v1-11q,10,10
FIXTURE:ufo:mtch:1v1-11r,10,10
FIXTURE:ufo:mtch:1v1-121,10,10
FIXTURE:ufo:mtch:1v1-156,10,10
FIXTURE:ufo:mtch:1v1-1vk,10,10
FIXTURE:ufo:mtch:1v1-25t,10,10
FIXTURE:ufo:mtch:1v1-2hc,10,10
FIXTURE:ufo:mtch:1v1-2jn,10,10
FIXTURE:ufo:mtch:1v2-00d,10,10
FIXTURE:ufo:mtch:1v2-01q,10,10
FIXTURE:ufo:mtch:1v2-08t,10,10
FIXTURE:ufo:mtch:1v2-0ed,10,10
FIXTURE:ufo:mtch:1v2-0f1,10,10
FIXTURE:ufo:mtch:1v2-13v,10,10
FIXTURE:ufo:mtch:1v2-14m,10,10
FIXTURE:ufo:mtch:1v3-017,10,10
FIXTURE:ufo:mtch:1v3-037,10,10
FIXTURE:ufo:mtch:1v3-0bz,10,10
FIXTURE:ufo:mtch:1v3-0d5,10,10
FIXTURE:ufo:mtch:1v3-0fn,10,10
FIXTURE:ufo:mtch:1v3-0u9,10,10
FIXTURE:ufo:mtch:1v3-1nr,10,10
FIXTURE:ufo:mtch:1v3-270,10,10
FIXTURE:ufo:mtch:1v3-2jg,10,10
FIXTURE:ufo:mtch:1v4-02z,10,10
FIXTURE:ufo:mtch:1v4-03i,10,10
FIXTURE:ufo:mtch:1v4-0cm,10,10
FIXTURE:ufo:mtch:1v4-1mm,10,10
FIXTURE:ufo:mtch:1v5-03d,10,10
FIXTURE:ufo:mtch:1v5-03k,10,10
FIXTURE:ufo:mtch:1v5-03y,10,10
FIXTURE:ufo:mtch:1v5-05s,10,10
FIXTURE:ufo:mtch:1v5-0hx,10,10
FIXTURE:ufo:mtch:1v5-0ys,10,10
FIXTURE:ufo:mtch:1v5-0zp,10,10
FIXTURE:ufo:mtch:1v5-25t,10,10
FIXTURE:ufo:mtch:1v6-00i,10,10
FIXTURE:ufo:mtch:1v6-01g,10,10
FIXTURE:ufo:mtch:1v6-046,10,10
FIXTURE:ufo:mtch:1v6-08x,10,10
FIXTURE:ufo:mtch:1v6-0a5,10,10
FIXTURE:ufo:mtch:1v6-0c5,10,10
FIXTURE:ufo:mtch:1v6-0i8,10,10
FIXTURE:ufo:mtch:1v6-0k8,10,10
FIXTURE:ufo:mtch:1v6-0ki,10,10
FIXTURE:ufo:mtch:1v6-11g,10,10
FIXTURE:ufo:mtch:1v6-16y,10,10
FIXTURE:ufo:mtch:1v6-1ca,10,10
FIXTURE:ufo:mtch:1v6-1o8,10,10
FIXTURE:ufo:mtch:1v6-2eo,10,10
FIXTURE:ufo:mtch:1v6-2hr,10,10
FIXTURE:ufo:mtch:1v6-2t5,10,10
FIXTURE:ufo:mtch:1v7-037,10,10
FIXTURE:ufo:mtch:1v7-03k,10,10
FIXTURE:ufo:mtch:1v7-04v,10,10
FIXTURE:ufo:mtch:1v7-06a,10,10
FIXTURE:ufo:mtch:1v7-06f,10,10
FIXTURE:ufo:mtch:1v7-07y,10,10
FIXTURE:ufo:mtch:1v7-08f,10,10
FIXTURE:ufo:mtch:1v7-09i,10,10
FIXTURE:ufo:mtch:1v7-0bz,10,10
FIXTURE:ufo:mtch:1v7-0d0,10,10
FIXTURE:ufo:mtch:1v7-0e6,10,10
FIXTURE:ufo:mtch:1v7-0gf,10,10
FIXTURE:ufo:mtch:1v7-0i9,10,10
FIXTURE:ufo:mtch:1v7-0jh,10,10
FIXTURE:ufo:mtch:1v7-0k6,10,10
FIXTURE:ufo:mtch:1v7-0l4,10,10
FIXTURE:ufo:mtch:1v7-0la,10,10
FIXTURE:ufo:mtch:1v7-0xv,10,10
FIXTURE:ufo:mtch:1v7-1lm,10,10
FIXTURE:ufo:mtch:1v7-1tk,10,10
FIXTURE:ufo:mtch:1v8-01b,10,10
FIXTURE:ufo:mtch:1v8-047,10,10
FIXTURE:ufo:mtch:1v8-04l,10,10
FIXTURE:ufo:mtch:1v8-04u,10,10
FIXTURE:ufo:mtch:1v8-0ip,10,10
FIXTURE:ufo:mtch:1v8-0mq,10,10
FIXTURE:ufo:mtch:1v8-0o0,10,10
FIXTURE:ufo:mtch:1v8-0oi,10,10
FIXTURE:ufo:mtch:1v8-0wk,10,10
FIXTURE:ufo:mtch:1v8-0xi,10,10
FIXTURE:ufo:mtch:1v8-1ip,10,10
FIXTURE:ufo:mtch:1v9-02q,10,10
FIXTURE:ufo:mtch:1v9-0go,10,10
FIXTURE:ufo:mtch:1v9-0gp,10,10
FIXTURE:ufo:mtch:1v9-115,10,10
FIXTURE:ufo:mtch:1v9-1rx,10,10
FIXTURE:ufo:mtch:1v9-28m,10,10
FIXTURE:ufo:mtch:1va-02x,10,10
FIXTURE:ufo:mtch:1va-03y,10,10
FIXTURE:ufo:mtch:1va-083,10,10
FIXTURE:ufo:mtch:1va-0a9,10,10
FIXTURE:ufo:mtch:1va-0ay,10,10
FIXTURE:ufo:mtch:1va-15f,10,10
FIXTURE:ufo:mtch:1va-18v,10,10
FIXTURE:ufo:mtch:1va-1vz,10,10
FIXTURE:ufo:mtch:1va-2z7,10,10
FIXTURE:ufo:mtch:1vb-042,10,10
FIXTURE:ufo:mtch:1vb-1a0,10,10
FIXTURE:ufo:mtch:1vb-1lp,10,10
FIXTURE:ufo:mtch:1vb-1n8,10,10
FIXTURE:ufo:mtch:1vb-2e9,10,10
FIXTURE:ufo:mtch:1vb-2nh,10,10
FIXTURE:ufo:mtch:1vc-01u,10,10
FIXTURE:ufo:mtch:1vc-08h,10,10
FIXTURE:ufo:mtch:1vc-0ay,10,10
FIXTURE:ufo:mtch:1vc-0dj,10,10
FIXTURE:ufo:mtch:1vc-0dt,10,10
FIXTURE:ufo:mtch:1vc-0rj,10,10
FIXTURE:ufo:mtch:1vc-0to,10,10
FIXTURE:ufo:mtch:1vc-1tq,10,10
FIXTURE:ufo:mtch:1vc-1u4,10,10
FIXTURE:ufo:mtch:1vc-2ju,10,10
FIXTURE:ufo:mtch:1vc-2ut,10,10
FIXTURE:ufo:mtch:1vd-028,10,10
FIXTURE:ufo:mtch:1vd-04d,10,10
FIXTURE:ufo:mtch:1vd-05h,10,10
FIXTURE:ufo:mtch:1vd-062,10,10
FIXTURE:ufo:mtch:1vd-093,10,10
FIXTURE:ufo:mtch:1vd-0eh,10,10
FIXTURE:ufo:mtch:1vd-0gw,10,10
FIXTURE:ufo:mtch:1vd-0kz,10,10
FIXTURE:ufo:mtch:1vd-0ov,10,10
FIXTURE:ufo:mtch:1vd-210,10,10
FIXTURE:ufo:mtch:1vd-23u,10,10
FIXTURE:ufo:mtch:1vd-23w,10,10
FIXTURE:ufo:mtch:1vd-23y,10,10
FIXTURE:ufo:mtch:1vd-23z,10,10
FIXTURE:ufo:mtch:1ve-01g,10,10
FIXTURE:ufo:mtch:1ve-01k,10,10
FIXTURE:ufo:mtch:1ve-05z,10,10
FIXTURE:ufo:mtch:1ve-0ag,10,10
FIXTURE:ufo:mtch:1ve-0b2,10,10
FIXTURE:ufo:mtch:1ve-0c8,10,10
FIXTURE:ufo:mtch:1ve-0i0,10,10
FIXTURE:ufo:mtch:1ve-137,10,10
FIXTURE:ufo:mtch:1ve-24z,10,10
FIXTURE:ufo:mtch:1ve-257,10,10
FIXTURE:ufo:mtch:1ve-25o,10,10
FIXTURE:ufo:mtch:1ve-2jx,10,10
FIXTURE:ufo:mtch:1ve-2k2,10,10
FIXTURE:ufo:mtch:1ve-2k7,10,10
FIXTURE:ufo:mtch:1vf-00o,10,10
FIXTURE:ufo:mtch:1vf-042,10,10
FIXTURE:ufo:mtch:1vf-056,10,10
FIXTURE:ufo:mtch:1vf-0f0,10,10
FIXTURE:ufo:mtch:1vf-0fq,10,10
FIXTURE:ufo:mtch:1vf-10e,10,10
FIXTURE:ufo:mtch:1vf-1c6,10,10
FIXTURE:ufo:mtch:1vf-1c7,10,10
FIXTURE:ufo:mtch:1vf-1pp,10,10
FIXTURE:ufo:mtch:1vf-20z,10,10
FIXTURE:ufo:mtch:1vf-21b,10,10
FIXTURE:ufo:mtch:1vf-21c,10,10
FIXTURE:ufo:mtch:1vf-21j,10,10
FIXTURE:ufo:mtch:1vf-2rx,10,10
FIXTURE:ufo:mtch:1vg-013,10,10
FIXTURE:ufo:mtch:1vg-015,10,10
FIXTURE:ufo:mtch:1vg-03j,10,10
FIXTURE:ufo:mtch:1vg-06u,10,10
FIXTURE:ufo:mtch:1vg-0at,10,10
FIXTURE:ufo:mtch:1vg-17w,10,10
FIXTURE:ufo:mtch:1vg-1dk,10,10
FIXTURE:ufo:mtch:1vg-1gg,10,10
FIXTURE:ufo:mtch:1vg-2ed,10,10
FIXTURE:ufo:mtch:1vh-01q,10,10
FIXTURE:ufo:mtch:1vh-024,10,10
FIXTURE:ufo:mtch:1vh-02j,10,10
FIXTURE:ufo:mtch:1vh-09q,10,10
FIXTURE:ufo:mtch:1vh-0fa,10,10
FIXTURE:ufo:mtch:1vh-153,10,10
FIXTURE:ufo:mtch:1vh-1g2,10,10
FIXTURE:ufo:mtch:1vh-1hh,10,10
FIXTURE:ufo:mtch:1vh-2or,10,10
FIXTURE:ufo:mtch:1vh-2oy,10,10
FIXTURE:ufo:mtch:1vh-2pt,10,10
FIXTURE:ufo:mtch:1vi-02c,10,10
FIXTURE:ufo:mtch:1vi-1jz,10,10
FIXTURE:ufo:mtch:1vi-1l6,10,10
FIXTURE:ufo:mtch:1vi-1qi,10,10
FIXTURE:ufo:mtch:1vi-25t,10,10
FIXTURE:ufo:mtch:1vi-26m,10,10
FIXTURE:ufo:mtch:1vi-2et,10,10
FIXTURE:ufo:mtch:1vi-2n0,10,10
FIXTURE:ufo:mtch:1vj-045,10,10
FIXTURE:ufo:mtch:1vj-08n,10,10
FIXTURE:ufo:mtch:1vj-0yr,10,10
FIXTURE:ufo:mtch:1vj-2il,10,10
FIXTURE:ufo:mtch:1vk-01q,10,10
FIXTURE:ufo:mtch:1vk-05v,10,10
FIXTURE:ufo:mtch:1vk-09q,10,10
FIXTURE:ufo:mtch:1vk-0ah,10,10
FIXTURE:ufo:mtch:1vk-0gm,10,10
FIXTURE:ufo:mtch:1vk-10u,10,10
FIXTURE:ufo:mtch:1vk-2j0,10,10
FIXTURE:ufo:mtch:1vl-010,10,10
FIXTURE:ufo:mtch:1vl-05v,10,10
FIXTURE:ufo:mtch:1vl-0ed,10,10
FIXTURE:ufo:mtch:1vl-0gu,10,10
FIXTURE:ufo:mtch:1vl-0sd,10,10
FIXTURE:ufo:mtch:1vl-0yn,10,10
FIXTURE:ufo:mtch:1vl-1r7,10,10
FIXTURE:ufo:mtch:1vl-1z8,10,10
FIXTURE:ufo:mtch:1vl-2pj,10,10
FIXTURE:ufo:mtch:1vl-3h1,10,10
FIXTURE:ufo:mtch:1vl-3k4,10,10
FIXTURE:ufo:mtch:1vm-00d,10,10
FIXTURE:ufo:mtch:1vm-05y,10,10
FIXTURE:ufo:mtch:1vm-08c,10,10
FIXTURE:ufo:mtch:1vm-0jr,10,10
FIXTURE:ufo:mtch:1vm-1sy,10,10
FIXTURE:ufo:mtch:1vm-2ot,10,10
FIXTURE:ufo:mtch:1ur-01j,9,9
FIXTURE:ufo:mtch:1ur-01v,9,9
FIXTURE:ufo:mtch:1us-02l,9,9
FIXTURE:ufo:mtch:1us-05f,9,9
FIXTURE:ufo:mtch:1us-06n,9,9
FIXTURE:ufo:mtch:1us-0fd,9,9
FIXTURE:ufo:mtch:1us-0g7,9,9
FIXTURE:ufo:mtch:1us-0gm,9,9
FIXTURE:ufo:mtch:1us-1io,9,9
FIXTURE:ufo:mtch:1us-1k0,9,9
FIXTURE:ufo:mtch:1us-1kn,9,9
FIXTURE:ufo:mtch:1us-1m6,9,9
FIXTURE:ufo:mtch:1us-1uu,9,9
FIXTURE:ufo:mtch:1us-1uy,9,9
FIXTURE:ufo:mtch:1us-2t1,9,9
FIXTURE:ufo:mtch:1ut-01s,9,9
FIXTURE:ufo:mtch:1ut-04k,9,9
FIXTURE:ufo:mtch:1ut-05o,9,9
FIXTURE:ufo:mtch:1ut-09y,9,9
FIXTURE:ufo:mtch:1ut-0qy,9,9
FIXTURE:ufo:mtch:1ut-0qz,9,9
FIXTURE:ufo:mtch:1ut-1fj,9,9
FIXTURE:ufo:mtch:1ut-1g9,9,9
FIXTURE:ufo:mtch:1ut-1gu,9,9
FIXTURE:ufo:mtch:1ut-1i6,9,9
FIXTURE:ufo:mtch:1ut-1o0,9,9
FIXTURE:ufo:mtch:1ut-1o1,9,9
FIXTURE:ufo:mtch:1ut-29m,9,9
FIXTURE:ufo:mtch:1ut-2er,9,9
FIXTURE:ufo:mtch:1ut-2ey,9,9
FIXTURE:ufo:mtch:1ut-2f2,9,9
FIXTURE:ufo:mtch:1uu-017,9,9
FIXTURE:ufo:mtch:1uu-0z9,9,9
FIXTURE:ufo:mtch:1uu-2i9,9,9
FIXTURE:ufo:mtch:1uv-01g,9,9
FIXTURE:ufo:mtch:1uv-020,9,9
FIXTURE:ufo:mtch:1uv-0ci,9,9
FIXTURE:ufo:mtch:1uv-0xx,9,9
FIXTURE:ufo:mtch:1uv-1pi,9,9
FIXTURE:ufo:mtch:1uw-01h,9,9
FIXTURE:ufo:mtch:1uw-01y,9,9
FIXTURE:ufo:mtch:1uw-02m,9,9
FIXTURE:ufo:mtch:1uw-03r,9,9
FIXTURE:ufo:mtch:1uw-0cj,9,9
FIXTURE:ufo:mtch:1uw-0ky,9,9
FIXTURE:ufo:mtch:1uw-0pi,9,9
FIXTURE:ufo:mtch:1uw-19d,9,9
FIXTURE:ufo:mtch:1uw-1ir,9,9
FIXTURE:ufo:mtch:1uw-29i,9,9
FIXTURE:ufo:mtch:1ux-06x,9,9
FIXTURE:ufo:mtch:1ux-0iv,9,9
FIXTURE:ufo:mtch:1ux-0oj,9,9
FIXTURE:ufo:mtch:1ux-24w,9,9
FIXTURE:ufo:mtch:1ux-278,9,9
FIXTURE:ufo:mtch:1uy-00p,9,9
FIXTURE:ufo:mtch:1uy-014,9,9
FIXTURE:ufo:mtch:1uy-01l,9,9
FIXTURE:ufo:mtch:1uy-040,9,9
FIXTURE:ufo:mtch:1uy-052,9,9
FIXTURE:ufo:mtch:1uy-065,9,9
FIXTURE:ufo:mtch:1uy-0ax,9,9
FIXTURE:ufo:mtch:1uy-0kc,9,9
FIXTURE:ufo:mtch:1uy-106,9,9
FIXTURE:ufo:mtch:1uy-12f,9,9
FIXTURE:ufo:mtch:1uy-12i,9,9
FIXTURE:ufo:mtch:1uy-1d0,9,9
FIXTURE:ufo:mtch:1uy-1eo,9,9
FIXTURE:ufo:mtch:1uy-1h1,9,9
FIXTURE:ufo:mtch:1uy-1wi,9,9
FIXTURE:ufo:mtch:1uy-27p,9,9
FIXTURE:ufo:mtch:1uy-2fn,9,9
FIXTURE:ufo:mtch:1uz-02h,9,9
FIXTURE:ufo:mtch:1uz-04g,9,9
FIXTURE:ufo:mtch:1uz-07e,9,9
FIXTURE:ufo:mtch:1uz-08s,9,9
FIXTURE:ufo:mtch:1uz-0bk,9,9
FIXTURE:ufo:mtch:1uz-0hp,9,9
FIXTURE:ufo:mtch:1uz-0ie,9,9
FIXTURE:ufo:mtch:1uz-0ji,9,9
FIXTURE:ufo:mtch:1uz-0ma,9,9
FIXTURE:ufo:mtch:1uz-0pq,9,9
FIXTURE:ufo:mtch:1uz-0rx,9,9
FIXTURE:ufo:mtch:1uz-0y0,9,9
FIXTURE:ufo:mtch:1uz-11l,9,9
FIXTURE:ufo:mtch:1uz-23v,9,9
FIXTURE:ufo:mtch:1v0-02q,9,9
FIXTURE:ufo:mtch:1v0-04b,9,9
FIXTURE:ufo:mtch:1v0-052,9,9
FIXTURE:ufo:mtch:1v0-07q,9,9
FIXTURE:ufo:mtch:1v0-07r,9,9
FIXTURE:ufo:mtch:1v0-089,9,9
FIXTURE:ufo:mtch:1v0-14j,9,9
FIXTURE:ufo:mtch:1v0-2px,9,9
FIXTURE:ufo:mtch:1v1-00p,9,9
FIXTURE:ufo:mtch:1v1-06b,9,9
FIXTURE:ufo:mtch:1v1-0cd,9,9
FIXTURE:ufo:mtch:1v1-0i4,9,9
FIXTURE:ufo:mtch:1v1-10f,9,9
FIXTURE:ufo:mtch:1v1-192,9,9
FIXTURE:ufo:mtch:1v1-1ep,9,9
FIXTURE:ufo:mtch:1v1-1hc,9,9
FIXTURE:ufo:mtch:1v1-1kx,9,9
FIXTURE:ufo:mtch:1v1-1q3,9,9
FIXTURE:ufo:mtch:1v1-1ve,9,9
FIXTURE:ufo:mtch:1v2-01p,9,9
FIXTURE:ufo:mtch:1v2-07e,9,9
FIXTURE:ufo:mtch:1v2-08h,9,9
FIXTURE:ufo:mtch:1v2-0tl,9,9
FIXTURE:ufo:mtch:1v2-0tm,9,9
FIXTURE:ufo:mtch:1v2-12z,9,9
FIXTURE:ufo:mtch:1v2-138,9,9
FIXTURE:ufo:mtch:1v2-147,9,9
FIXTURE:ufo:mtch:1v2-1c9,9,9
FIXTURE:ufo:mtch:1v2-252,9,9
FIXTURE:ufo:mtch:1v3-01q,9,9
FIXTURE:ufo:mtch:1v3-01r,9,9
FIXTURE:ufo:mtch:1v3-09b,9,9
FIXTURE:ufo:mtch:1v3-0tv,9,9
FIXTURE:ufo:mtch:1v3-123,9,9
FIXTURE:ufo:mtch:1v3-1re,9,9
FIXTURE:ufo:mtch:1v3-2ns,9,9
FIXTURE:ufo:mtch:1v3-2w0,9,9
FIXTURE:ufo:mtch:1v3-2w6,9,9
FIXTURE:ufo:mtch:1v4-03f,9,9
FIXTURE:ufo:mtch:1v4-08s,9,9
FIXTURE:ufo:mtch:1v4-0oa,9,9
FIXTURE:ufo:mtch:1v4-0v1,9,9
FIXTURE:ufo:mtch:1v4-0wd,9,9
FIXTURE:ufo:mtch:1v4-1wh,9,9
FIXTURE:ufo:mtch:1v5-02o,9,9
FIXTURE:ufo:mtch:1v5-06l,9,9
FIXTURE:ufo:mtch:1v5-0df,9,9
FIXTURE:ufo:mtch:1v5-0fw,9,9
FIXTURE:ufo:mtch:1v5-0yi,9,9
FIXTURE:ufo:mtch:1v5-0zs,9,9
FIXTURE:ufo:mtch:1v5-1bo,9,9
FIXTURE:ufo:mtch:1v5-1d7,9,9
FIXTURE:ufo:mtch:1v5-1sc,9,9
FIXTURE:ufo:mtch:1v5-1th,9,9
FIXTURE:ufo:mtch:1v5-24x,9,9
FIXTURE:ufo:mtch:1v5-28k,9,9
FIXTURE:ufo:mtch:1v6-00h,9,9
FIXTURE:ufo:mtch:1v6-00s,9,9
FIXTURE:ufo:mtch:1v6-012,9,9
FIXTURE:ufo:mtch:1v6-03z,9,9
FIXTURE:ufo:mtch:1v6-04m,9,9
FIXTURE:ufo:mtch:1v6-08b,9,9
FIXTURE:ufo:mtch:1v6-0at,9,9
FIXTURE:ufo:mtch:1v6-0m2,9,9
FIXTURE:ufo:mtch:1v6-0on,9,9
FIXTURE:ufo:mtch:1v6-0vg,9,9
FIXTURE:ufo:mtch:1v6-211,9,9
FIXTURE:ufo:mtch:1v6-24l,9,9
FIXTURE:ufo:mtch:1v6-2hg,9,9
FIXTURE:ufo:mtch:1v6-2i1,9,9
FIXTURE:ufo:mtch:1v6-2iv,9,9
FIXTURE:ufo:mtch:1v6-2ry,9,9
FIXTURE:ufo:mtch:1v6-3bx,9,9
FIXTURE:ufo:mtch:1v7-01t,9,9
FIXTURE:ufo:mtch:1v7-02y,9,9
FIXTURE:ufo:mtch:1v7-038,9,9
FIXTURE:ufo:mtch:1v7-04p,9,9
FIXTURE:ufo:mtch:1v7-0bj,9,9
FIXTURE:ufo:mtch:1v7-0cc,9,9
FIXTURE:ufo:mtch:1v7-0cy,9,9
FIXTURE:ufo:mtch:1v7-0e8,9,9
FIXTURE:ufo:mtch:1v7-0m3,9,9
FIXTURE:ufo:mtch:1v7-0ok,9,9
FIXTURE:ufo:mtch:1v7-0x4,9,9
FIXTURE:ufo:mtch:1v7-0xb,9,9
FIXTURE:ufo:mtch:1v7-0xl,9,9
FIXTURE:ufo:mtch:1v7-1h8,9,9
FIXTURE:ufo:mtch:1v7-1il,9,9
FIXTURE:ufo:mtch:1v8-01d,9,9
FIXTURE:ufo:mtch:1v8-03x,9,9
FIXTURE:ufo:mtch:1v8-06x,9,9
FIXTURE:ufo:mtch:1v8-0ns,9,9
FIXTURE:ufo:mtch:1v8-0vz,9,9
FIXTURE:ufo:mtch:1v8-0xe,9,9
FIXTURE:ufo:mtch:1v8-0xf,9,9
FIXTURE:ufo:mtch:1v8-13l,9,9
FIXTURE:ufo:mtch:1v8-14q,9,9
FIXTURE:ufo:mtch:1v8-1k7,9,9
FIXTURE:ufo:mtch:1v8-25b,9,9
FIXTURE:ufo:mtch:1v9-01g,9,9
FIXTURE:ufo:mtch:1v9-022,9,9
FIXTURE:ufo:mtch:1v9-081,9,9
FIXTURE:ufo:mtch:1v9-08d,9,9
FIXTURE:ufo:mtch:1v9-08f,9,9
FIXTURE:ufo:mtch:1v9-08r,9,9
FIXTURE:ufo:mtch:1v9-0gz,9,9
FIXTURE:ufo:mtch:1v9-14j,9,9
FIXTURE:ufo:mtch:1v9-156,9,9
FIXTURE:ufo:mtch:1v9-16a,9,9
FIXTURE:ufo:mtch:1v9-1if,9,9
FIXTURE:ufo:mtch:1va-00f,9,9
FIXTURE:ufo:mtch:1va-036,9,9
FIXTURE:ufo:mtch:1va-03k,9,9
FIXTURE:ufo:mtch:1va-04j,9,9
FIXTURE:ufo:mtch:1va-06u,9,9
FIXTURE:ufo:mtch:1va-06w,9,9
FIXTURE:ufo:mtch:1va-078,9,9
FIXTURE:ufo:mtch:1va-07b,9,9
FIXTURE:ufo:mtch:1va-07c,9,9
FIXTURE:ufo:mtch:1va-07h,9,9
FIXTURE:ufo:mtch:1va-07i,9,9
FIXTURE:ufo:mtch:1va-09p,9,9
FIXTURE:ufo:mtch:1va-0cx,9,9
FIXTURE:ufo:mtch:1va-0do,9,9
FIXTURE:ufo:mtch:1va-0l6,9,9
FIXTURE:ufo:mtch:1va-0mv,9,9
FIXTURE:ufo:mtch:1va-0v2,9,9
FIXTURE:ufo:mtch:1va-11m,9,9
FIXTURE:ufo:mtch:1va-1y0,9,9
FIXTURE:ufo:mtch:1va-1yv,9,9
FIXTURE:ufo:mtch:1va-2li,9,9
FIXTURE:ufo:mtch:1vb-000,9,9
FIXTURE:ufo:mtch:1vb-02b,9,9
FIXTURE:ufo:mtch:1vb-055,9,9
FIXTURE:ufo:mtch:1vb-1p2,9,9
FIXTURE:ufo:mtch:1vb-2hq,9,9
FIXTURE:ufo:mtch:1vb-2js,9,9
FIXTURE:ufo:mtch:1vc-01s,9,9
FIXTURE:ufo:mtch:1vc-046,9,9
FIXTURE:ufo:mtch:1vc-07i,9,9
FIXTURE:ufo:mtch:1vc-0lr,9,9
FIXTURE:ufo:mtch:1vc-0zq,9,9
FIXTURE:ufo:mtch:1vc-182,9,9
FIXTURE:ufo:mtch:1vc-1dd,9,9
FIXTURE:ufo:mtch:1vc-1uo,9,9
FIXTURE:ufo:mtch:1vc-1xn,9,9
FIXTURE:ufo:mtch:1vc-1y6,9,9
FIXTURE:ufo:mtch:1vc-274,9,9
FIXTURE:ufo:mtch:1vc-279,9,9
FIXTURE:ufo:mtch:1vc-2s5,9,9
FIXTURE:ufo:mtch:1vd-031,9,9
FIXTURE:ufo:mtch:1vd-04g,9,9
FIXTURE:ufo:mtch:1vd-04s,9,9
FIXTURE:ufo:mtch:1vd-058,9,9
FIXTURE:ufo:mtch:1vd-082,9,9
FIXTURE:ufo:mtch:1vd-0iw,9,9
FIXTURE:ufo:mtch:1vd-0lx,9,9
FIXTURE:ufo:mtch:1vd-244,9,9
FIXTURE:ufo:mtch:1vd-2ko,9,9
FIXTURE:ufo:mtch:1ve-003,9,9
FIXTURE:ufo:mtch:1ve-055,9,9
FIXTURE:ufo:mtch:1ve-0ng,9,9
FIXTURE:ufo:mtch:1ve-0oe,9,9
FIXTURE:ufo:mtch:1ve-0vu,9,9
FIXTURE:ufo:mtch:1ve-13b,9,9
FIXTURE:ufo:mtch:1ve-13z,9,9
FIXTURE:ufo:mtch:1ve-2jp,9,9
FIXTURE:ufo:mtch:1ve-2jw,9,9
FIXTURE:ufo:mtch:1vf-00k,9,9
FIXTURE:ufo:mtch:1vf-01u,9,9
FIXTURE:ufo:mtch:1vf-04o,9,9
FIXTURE:ufo:mtch:1vf-0f1,9,9
FIXTURE:ufo:mtch:1vf-19g,9,9
FIXTURE:ufo:mtch:1vf-1cd,9,9
FIXTURE:ufo:mtch:1vf-1pu,9,9
FIXTURE:ufo:mtch:1vf-1pv,9,9
FIXTURE:ufo:mtch:1vf-1sw,9,9
FIXTURE:ufo:mtch:1vf-207,9,9
FIXTURE:ufo:mtch:1vf-20d,9,9
FIXTURE:ufo:mtch:1vf-20m,9,9
FIXTURE:ufo:mtch:1vf-25h,9,9
FIXTURE:ufo:mtch:1vg-00h,9,9
FIXTURE:ufo:mtch:1vg-00y,9,9
FIXTURE:ufo:mtch:1vg-014,9,9
FIXTURE:ufo:mtch:1vg-016,9,9
FIXTURE:ufo:mtch:1vg-04q,9,9
FIXTURE:ufo:mtch:1vg-05k,9,9
FIXTURE:ufo:mtch:1vg-0tl,9,9
FIXTURE:ufo:mtch:1vg-1gi,9,9
FIXTURE:ufo:mtch:1vg-2qw,9,9
FIXTURE:ufo:mtch:1vh-021,9,9
FIXTURE:ufo:mtch:1vh-078,9,9
FIXTURE:ufo:mtch:1vh-08j,9,9
FIXTURE:ufo:mtch:1vh-0f6,9,9
FIXTURE:ufo:mtch:1vh-0q7,9,9
FIXTURE:ufo:mtch:1vh-1i4,9,9
FIXTURE:ufo:mtch:1vh-1i9,9,9
FIXTURE:ufo:mtch:1vh-1jb,9,9
FIXTURE:ufo:mtch:1vh-2bd,9,9
FIXTURE:ufo:mtch:1vh-2st,9,9
FIXTURE:ufo:mtch:1vh-34a,9,9
FIXTURE:ufo:mtch:1vi-02g,9,9
FIXTURE:ufo:mtch:1vi-060,9,9
FIXTURE:ufo:mtch:1vi-064,9,9
FIXTURE:ufo:mtch:1vi-07o,9,9
FIXTURE:ufo:mtch:1vi-09u,9,9
FIXTURE:ufo:mtch:1vi-18o,9,9
FIXTURE:ufo:mtch:1vi-1b3,9,9
FIXTURE:ufo:mtch:1vi-1ju,9,9
FIXTURE:ufo:mtch:1vi-1tf,9,9
FIXTURE:ufo:mtch:1vi-1zi,9,9
FIXTURE:ufo:mtch:1vi-2gq,9,9
FIXTURE:ufo:mtch:1vi-2k5,9,9
FIXTURE:ufo:mtch:1vj-05e,9,9
FIXTURE:ufo:mtch:1vj-062,9,9
FIXTURE:ufo:mtch:1vj-0jl,9,9
FIXTURE:ufo:mtch:1vj-0l0,9,9
FIXTURE:ufo:mtch:1vj-18y,9,9
FIXTURE:ufo:mtch:1vj-1ew,9,9
FIXTURE:ufo:mtch:1vj-1vk,9,9
FIXTURE:ufo:mtch:1vk-02m,9,9
FIXTURE:ufo:mtch:1vk-04i,9,9
FIXTURE:ufo:mtch:1vk-07t,9,9
FIXTURE:ufo:mtch:1vk-0l5,9,9
FIXTURE:ufo:mtch:1vk-0yv,9,9
FIXTURE:ufo:mtch:1vk-1a9,9,9
FIXTURE:ufo:mtch:1vk-1rv,9,9
FIXTURE:ufo:mtch:1vk-1ts,9,9
FIXTURE:ufo:mtch:1vk-1wf,9,9
FIXTURE:ufo:mtch:1vk-20q,9,9
FIXTURE:ufo:mtch:1vk-285,9,9
FIXTURE:ufo:mtch:1vk-2ij,9,9
FIXTURE:ufo:mtch:1vk-35q,9,9
FIXTURE:ufo:mtch:1vl-03z,9,9
FIXTURE:ufo:mtch:1vl-072,9,9
FIXTURE:ufo:mtch:1vl-0cs,9,9
FIXTURE:ufo:mtch:1vl-0es,9,9
FIXTURE:ufo:mtch:1vl-0s3,9,9
FIXTURE:ufo:mtch:1vl-0wn,9,9
FIXTURE:ufo:mtch:1vl-0wt,9,9
FIXTURE:ufo:mtch:1vl-0xp,9,9
FIXTURE:ufo:mtch:1vl-14w,9,9
FIXTURE:ufo:mtch:1vl-34h,9,9
FIXTURE:ufo:mtch:1vm-02s,9,9
FIXTURE:ufo:mtch:1vm-062,9,9
FIXTURE:ufo:mtch:1vm-07a,9,9
FIXTURE:ufo:mtch:1vm-0jq,9,9
FIXTURE:ufo:mtch:1vm-1dx,9,9
FIXTURE:ufo:mtch:1vm-23q,9,9
FIXTURE:ufo:mtch:1tr-07i,8,8
FIXTURE:ufo:mtch:1us-01c,8,8
FIXTURE:ufo:mtch:1us-03u,8,8
FIXTURE:ufo:mtch:1us-06a,8,8
FIXTURE:ufo:mtch:1us-06g,8,8
FIXTURE:ufo:mtch:1us-098,8,8
FIXTURE:ufo:mtch:1us-0e6,8,8
FIXTURE:ufo:mtch:1us-0gg,8,8
FIXTURE:ufo:mtch:1us-0hv,8,8
FIXTURE:ufo:mtch:1us-109,8,8
FIXTURE:ufo:mtch:1us-1im,8,8
FIXTURE:ufo:mtch:1us-1kt,8,8
FIXTURE:ufo:mtch:1us-1m3,8,8
FIXTURE:ufo:mtch:1us-1mq,8,8
FIXTURE:ufo:mtch:1us-23r,8,8
FIXTURE:ufo:mtch:1ut-020,8,8
FIXTURE:ufo:mtch:1ut-02u,8,8
FIXTURE:ufo:mtch:1ut-02y,8,8
FIXTURE:ufo:mtch:1ut-038,8,8
FIXTURE:ufo:mtch:1ut-052,8,8
FIXTURE:ufo:mtch:1ut-063,8,8
FIXTURE:ufo:mtch:1ut-092,8,8
FIXTURE:ufo:mtch:1ut-0gk,8,8
FIXTURE:ufo:mtch:1ut-0is,8,8
FIXTURE:ufo:mtch:1ut-0mi,8,8
FIXTURE:ufo:mtch:1ut-0nh,8,8
FIXTURE:ufo:mtch:1ut-0ni,8,8
FIXTURE:ufo:mtch:1ut-0oz,8,8
FIXTURE:ufo:mtch:1ut-0r2,8,8
FIXTURE:ufo:mtch:1ut-0r8,8,8
FIXTURE:ufo:mtch:1ut-1hm,8,8
FIXTURE:ufo:mtch:1ut-1xp,8,8
FIXTURE:ufo:mtch:1ut-2a8,8,8
FIXTURE:ufo:mtch:1ut-2f0,8,8
FIXTURE:ufo:mtch:1ut-2up,8,8
FIXTURE:ufo:mtch:1uu-01o,8,8
FIXTURE:ufo:mtch:1uu-03a,8,8
FIXTURE:ufo:mtch:1uu-03s,8,8
FIXTURE:ufo:mtch:1uu-0ae,8,8
FIXTURE:ufo:mtch:1uu-0ay,8,8
FIXTURE:ufo:mtch:1uu-0bf,8,8
FIXTURE:ufo:mtch:1uu-0bh,8,8
FIXTURE:ufo:mtch:1uu-0bi,8,8
FIXTURE:ufo:mtch:1uu-0dm,8,8
FIXTURE:ufo:mtch:1uu-0dq,8,8
FIXTURE:ufo:mtch:1uu-0vo,8,8
FIXTURE:ufo:mtch:1uu-0vy,8,8
FIXTURE:ufo:mtch:1uu-17y,8,8
FIXTURE:ufo:mtch:1uu-1lv,8,8
FIXTURE:ufo:mtch:1uu-1w6,8,8
FIXTURE:ufo:mtch:1uu-2ba,8,8
FIXTURE:ufo:mtch:1uv-00y,8,8
FIXTURE:ufo:mtch:1uv-023,8,8
FIXTURE:ufo:mtch:1uv-0s4,8,8
FIXTURE:ufo:mtch:1uv-0sy,8,8
FIXTURE:ufo:mtch:1uv-0xq,8,8
FIXTURE:ufo:mtch:1uv-0xs,8,8
FIXTURE:ufo:mtch:1uv-149,8,8
FIXTURE:ufo:mtch:1uv-14j,8,8
FIXTURE:ufo:mtch:1uv-14u,8,8
FIXTURE:ufo:mtch:1uv-15i,8,8
FIXTURE:ufo:mtch:1uv-1cr,8,8
FIXTURE:ufo:mtch:1uv-1js,8,8
FIXTURE:ufo:mtch:1uw-021,8,8
FIXTURE:ufo:mtch:1uw-02j,8,8
FIXTURE:ufo:mtch:1uw-02t,8,8
FIXTURE:ufo:mtch:1uw-037,8,8
FIXTURE:ufo:mtch:1uw-08m,8,8
FIXTURE:ufo:mtch:1uw-0aj,8,8
FIXTURE:ufo:mtch:1uw-0g0,8,8
FIXTURE:ufo:mtch:1uw-0kz,8,8
FIXTURE:ufo:mtch:1uw-0l0,8,8
FIXTURE:ufo:mtch:1uw-0x5,8,8
FIXTURE:ufo:mtch:1uw-0xu,8,8
FIXTURE:ufo:mtch:1uw-1ia,8,8
FIXTURE:ufo:mtch:1uw-1pv,8,8
FIXTURE:ufo:mtch:1uw-1vj,8,8
FIXTURE:ufo:mtch:1uw-1w6,8,8
FIXTURE:ufo:mtch:1uw-236,8,8
FIXTURE:ufo:mtch:1uw-27d,8,8
FIXTURE:ufo:mtch:1uw-2ak,8,8
FIXTURE:ufo:mtch:1uw-2b3,8,8
FIXTURE:ufo:mtch:1uw-2cq,8,8
FIXTURE:ufo:mtch:1ux-00x,8,8
FIXTURE:ufo:mtch:1ux-01f,8,8
FIXTURE:ufo:mtch:1ux-05w,8,8
FIXTURE:ufo:mtch:1ux-0iw,8,8
FIXTURE:ufo:mtch:1ux-0kr,8,8
FIXTURE:ufo:mtch:1ux-0sh,8,8
FIXTURE:ufo:mtch:1ux-151,8,8
FIXTURE:ufo:mtch:1ux-1ku,8,8
FIXTURE:ufo:mtch:1ux-1tv,8,8
FIXTURE:ufo:mtch:1uy-00x,8,8
FIXTURE:ufo:mtch:1uy-019,8,8
FIXTURE:ufo:mtch:1uy-01v,8,8
FIXTURE:ufo:mtch:1uy-020,8,8
FIXTURE:ufo:mtch:1uy-02t,8,8
FIXTURE:ufo:mtch:1uy-03d,8,8
FIXTURE:ufo:mtch:1uy-063,8,8
FIXTURE:ufo:mtch:1uy-07e,8,8
FIXTURE:ufo:mtch:1uy-07l,8,8
FIXTURE:ufo:mtch:1uy-0a0,8,8
FIXTURE:ufo:mtch:1uy-0ap,8,8
FIXTURE:ufo:mtch:1uy-0bi,8,8
FIXTURE:ufo:mtch:1uy-0bm,8,8
FIXTURE:ufo:mtch:1uy-0br,8,8
FIXTURE:ufo:mtch:1uy-0ct,8,8
FIXTURE:ufo:mtch:1uy-0j5,8,8
FIXTURE:ufo:mtch:1uy-0jb,8,8
FIXTURE:ufo:mtch:1uy-0wm,8,8
FIXTURE:ufo:mtch:1uy-0wp,8,8
FIXTURE:ufo:mtch:1uy-12w,8,8
FIXTURE:ufo:mtch:1uy-13i,8,8
FIXTURE:ufo:mtch:1uy-1jw,8,8
FIXTURE:ufo:mtch:1uy-26w,8,8
FIXTURE:ufo:mtch:1uy-2b4,8,8
FIXTURE:ufo:mtch:1uy-2fj,8,8
FIXTURE:ufo:mtch:1uy-2fo,8,8
FIXTURE:ufo:mtch:1uy-2gc,8,8
FIXTURE:ufo:mtch:1uy-2hx,8,8
FIXTURE:ufo:mtch:1uz-00s,8,8
FIXTURE:ufo:mtch:1uz-01q,8,8
FIXTURE:ufo:mtch:1uz-03p,8,8
FIXTURE:ufo:mtch:1uz-03s,8,8
FIXTURE:ufo:mtch:1uz-08j,8,8
FIXTURE:ufo:mtch:1uz-0a8,8,8
FIXTURE:ufo:mtch:1uz-0bn,8,8
FIXTURE:ufo:mtch:1uz-0of,8,8
FIXTURE:ufo:mtch:1uz-0ue,8,8
FIXTURE:ufo:mtch:1uz-0xw,8,8
FIXTURE:ufo:mtch:1uz-14h,8,8
FIXTURE:ufo:mtch:1uz-1iu,8,8
FIXTURE:ufo:mtch:1uz-1z0,8,8
FIXTURE:ufo:mtch:1uz-22u,8,8
FIXTURE:ufo:mtch:1uz-2f9,8,8
FIXTURE:ufo:mtch:1uz-2gl,8,8
FIXTURE:ufo:mtch:1uz-2je,8,8
FIXTURE:ufo:mtch:1uz-3dg,8,8
FIXTURE:ufo:mtch:1uz-3gd,8,8
FIXTURE:ufo:mtch:1uz-3j2,8,8
FIXTURE:ufo:mtch:1v0-02j,8,8
FIXTURE:ufo:mtch:1v0-03b,8,8
FIXTURE:ufo:mtch:1v0-047,8,8
FIXTURE:ufo:mtch:1v0-055,8,8
FIXTURE:ufo:mtch:1v0-05f,8,8
FIXTURE:ufo:mtch:1v0-05g,8,8
FIXTURE:ufo:mtch:1v0-079,8,8
FIXTURE:ufo:mtch:1v0-08c,8,8
FIXTURE:ufo:mtch:1v0-0al,8,8
FIXTURE:ufo:mtch:1v0-0k4,8,8
FIXTURE:ufo:mtch:1v0-0ka,8,8
FIXTURE:ufo:mtch:1v0-0qx,8,8
FIXTURE:ufo:mtch:1v0-27o,8,8
FIXTURE:ufo:mtch:1v0-2bt,8,8
FIXTURE:ufo:mtch:1v1-00g,8,8
FIXTURE:ufo:mtch:1v1-00z,8,8
FIXTURE:ufo:mtch:1v1-01n,8,8
FIXTURE:ufo:mtch:1v1-0c4,8,8
FIXTURE:ufo:mtch:1v1-0cl,8,8
FIXTURE:ufo:mtch:1v1-0w3,8,8
FIXTURE:ufo:mtch:1v1-109,8,8
FIXTURE:ufo:mtch:1v1-111,8,8
FIXTURE:ufo:mtch:1v1-115,8,8
FIXTURE:ufo:mtch:1v1-11t,8,8
FIXTURE:ufo:mtch:1v1-124,8,8
FIXTURE:ufo:mtch:1v1-1e8,8,8
FIXTURE:ufo:mtch:1v1-1hf,8,8
FIXTURE:ufo:mtch:1v1-1i3,8,8
FIXTURE:ufo:mtch:1v1-1wb,8,8
FIXTURE:ufo:mtch:1v1-25r,8,8
FIXTURE:ufo:mtch:1v2-02o,8,8
FIXTURE:ufo:mtch:1v2-044,8,8
FIXTURE:ufo:mtch:1v2-073,8,8
FIXTURE:ufo:mtch:1v2-07o,8,8
FIXTURE:ufo:mtch:1v2-08p,8,8
FIXTURE:ufo:mtch:1v2-0mt,8,8
FIXTURE:ufo:mtch:1v2-0rw,8,8
FIXTURE:ufo:mtch:1v2-0tp,8,8
FIXTURE:ufo:mtch:1v2-11n,8,8
FIXTURE:ufo:mtch:1v2-11s,8,8
FIXTURE:ufo:mtch:1v2-151,8,8
FIXTURE:ufo:mtch:1v2-16z,8,8
FIXTURE:ufo:mtch:1v2-1ea,8,8
FIXTURE:ufo:mtch:1v2-25t,8,8
FIXTURE:ufo:mtch:1v2-26b,8,8
FIXTURE:ufo:mtch:1v3-024,8,8
FIXTURE:ufo:mtch:1v3-02i,8,8
FIXTURE:ufo:mtch:1v3-03q,8,8
FIXTURE:ufo:mtch:1v3-03r,8,8
FIXTURE:ufo:mtch:1v3-043,8,8
FIXTURE:ufo:mtch:1v3-095,8,8
FIXTURE:ufo:mtch:1v3-09c,8,8
FIXTURE:ufo:mtch:1v3-0ai,8,8
FIXTURE:ufo:mtch:1v3-0fp,8,8
FIXTURE:ufo:mtch:1v3-0of,8,8
FIXTURE:ufo:mtch:1v3-1lm,8,8
FIXTURE:ufo:mtch:1v3-1m4,8,8
FIXTURE:ufo:mtch:1v3-1o2,8,8
FIXTURE:ufo:mtch:1v3-1uz,8,8
FIXTURE:ufo:mtch:1v3-22r,8,8
FIXTURE:ufo:mtch:1v3-271,8,8
FIXTURE:ufo:mtch:1v3-276,8,8
FIXTURE:ufo:mtch:1v3-27o,8,8
FIXTURE:ufo:mtch:1v3-2mp,8,8
FIXTURE:ufo:mtch:1v4-060,8,8
FIXTURE:ufo:mtch:1v4-07a,8,8
FIXTURE:ufo:mtch:1v4-0bv,8,8
FIXTURE:ufo:mtch:1v4-0or,8,8
FIXTURE:ufo:mtch:1v4-0p5,8,8
FIXTURE:ufo:mtch:1v4-0rt,8,8
FIXTURE:ufo:mtch:1v4-0uw,8,8
FIXTURE:ufo:mtch:1v4-0z3,8,8
FIXTURE:ufo:mtch:1v4-1md,8,8
FIXTURE:ufo:mtch:1v4-21y,8,8
FIXTURE:ufo:mtch:1v4-2ax,8,8
FIXTURE:ufo:mtch:1v4-2nc,8,8
FIXTURE:ufo:mtch:1v5-01r,8,8
FIXTURE:ufo:mtch:1v5-01u,8,8
FIXTURE:ufo:mtch:1v5-020,8,8
FIXTURE:ufo:mtch:1v5-0bu,8,8
FIXTURE:ufo:mtch:1v5-0fm,8,8
FIXTURE:ufo:mtch:1v5-0y5,8,8
FIXTURE:ufo:mtch:1v5-0z7,8,8
FIXTURE:ufo:mtch:1v5-105,8,8
FIXTURE:ufo:mtch:1v5-106,8,8
FIXTURE:ufo:mtch:1v5-10k,8,8
FIXTURE:ufo:mtch:1v5-1bl,8,8
FIXTURE:ufo:mtch:1v5-1ca,8,8
FIXTURE:ufo:mtch:1v5-25c,8,8
FIXTURE:ufo:mtch:1v5-28l,8,8
FIXTURE:ufo:mtch:1v5-28p,8,8
FIXTURE:ufo:mtch:1v5-2ok,8,8
FIXTURE:ufo:mtch:1v5-2wg,8,8
FIXTURE:ufo:mtch:1v6-09h,8,8
FIXTURE:ufo:mtch:1v6-0a3,8,8
FIXTURE:ufo:mtch:1v6-0a4,8,8
FIXTURE:ufo:mtch:1v6-0he,8,8
FIXTURE:ufo:mtch:1v6-0ia,8,8
FIXTURE:ufo:mtch:1v6-0ju,8,8
FIXTURE:ufo:mtch:1v6-0kc,8,8
FIXTURE:ufo:mtch:1v6-0lp,8,8
FIXTURE:ufo:mtch:1v6-0vk,8,8
FIXTURE:ufo:mtch:1v6-0y8,8,8
FIXTURE:ufo:mtch:1v6-0ym,8,8
FIXTURE:ufo:mtch:1v6-16z,8,8
FIXTURE:ufo:mtch:1v6-1f9,8,8
FIXTURE:ufo:mtch:1v6-1mo,8,8
FIXTURE:ufo:mtch:1v6-1nl,8,8
FIXTURE:ufo:mtch:1v6-26h,8,8
FIXTURE:ufo:mtch:1v6-2dv,8,8
FIXTURE:ufo:mtch:1v6-2ei,8,8
FIXTURE:ufo:mtch:1v6-2fe,8,8
FIXTURE:ufo:mtch:1v6-2iz,8,8
FIXTURE:ufo:mtch:1v6-2ku,8,8
FIXTURE:ufo:mtch:1v6-36c,8,8
FIXTURE:ufo:mtch:1v6-398,8,8
FIXTURE:ufo:mtch:1v7-015,8,8
FIXTURE:ufo:mtch:1v7-01k,8,8
FIXTURE:ufo:mtch:1v7-01w,8,8
FIXTURE:ufo:mtch:1v7-02r,8,8
FIXTURE:ufo:mtch:1v7-03g,8,8
FIXTURE:ufo:mtch:1v7-060,8,8
FIXTURE:ufo:mtch:1v7-07q,8,8
FIXTURE:ufo:mtch:1v7-088,8,8
FIXTURE:ufo:mtch:1v7-08k,8,8
FIXTURE:ufo:mtch:1v7-0al,8,8
FIXTURE:ufo:mtch:1v7-0aq,8,8
FIXTURE:ufo:mtch:1v7-0av,8,8
FIXTURE:ufo:mtch:1v7-0d5,8,8
FIXTURE:ufo:mtch:1v7-0d9,8,8
FIXTURE:ufo:mtch:1v7-0h7,8,8
FIXTURE:ufo:mtch:1v7-0hk,8,8
FIXTURE:ufo:mtch:1v7-0lh,8,8
FIXTURE:ufo:mtch:1v7-1h3,8,8
FIXTURE:ufo:mtch:1v7-1if,8,8
FIXTURE:ufo:mtch:1v7-1yy,8,8
FIXTURE:ufo:mtch:1v7-280,8,8
FIXTURE:ufo:mtch:1v8-04e,8,8
FIXTURE:ufo:mtch:1v8-0ts,8,8
FIXTURE:ufo:mtch:1v8-0v3,8,8
FIXTURE:ufo:mtch:1v8-0xh,8,8
FIXTURE:ufo:mtch:1v8-15e,8,8
FIXTURE:ufo:mtch:1v8-1fb,8,8
FIXTURE:ufo:mtch:1v8-1v4,8,8
FIXTURE:ufo:mtch:1v8-24s,8,8
FIXTURE:ufo:mtch:1v9-00k,8,8
FIXTURE:ufo:mtch:1v9-017,8,8
FIXTURE:ufo:mtch:1v9-018,8,8
FIXTURE:ufo:mtch:1v9-024,8,8
FIXTURE:ufo:mtch:1v9-02v,8,8
FIXTURE:ufo:mtch:1v9-088,8,8
FIXTURE:ufo:mtch:1v9-08c,8,8
FIXTURE:ufo:mtch:1v9-0kv,8,8
FIXTURE:ufo:mtch:1v9-122,8,8
FIXTURE:ufo:mtch:1v9-12u,8,8
FIXTURE:ufo:mtch:1v9-13b,8,8
FIXTURE:ufo:mtch:1v9-26a,8,8
FIXTURE:ufo:mtch:1v9-28n,8,8
FIXTURE:ufo:mtch:1va-00t,8,8
FIXTURE:ufo:mtch:1va-01i,8,8
FIXTURE:ufo:mtch:1va-023,8,8
FIXTURE:ufo:mtch:1va-02k,8,8
FIXTURE:ufo:mtch:1va-03d,8,8
FIXTURE:ufo:mtch:1va-04f,8,8
FIXTURE:ufo:mtch:1va-06p,8,8
FIXTURE:ufo:mtch:1va-07l,8,8
FIXTURE:ufo:mtch:1va-08f,8,8
FIXTURE:ufo:mtch:1va-0a1,8,8
FIXTURE:ufo:mtch:1va-0a3,8,8
FIXTURE:ufo:mtch:1va-0a6,8,8
FIXTURE:ufo:mtch:1va-0ag,8,8
FIXTURE:ufo:mtch:1va-0cy,8,8
FIXTURE:ufo:mtch:1va-0ia,8,8
FIXTURE:ufo:mtch:1va-0ib,8,8
FIXTURE:ufo:mtch:1va-0uq,8,8
FIXTURE:ufo:mtch:1va-142,8,8
FIXTURE:ufo:mtch:1va-2wo,8,8
FIXTURE:ufo:mtch:1va-2zn,8,8
FIXTURE:ufo:mtch:1va-2zp,8,8
FIXTURE:ufo:mtch:1vb-001,8,8
FIXTURE:ufo:mtch:1vb-03h,8,8
FIXTURE:ufo:mtch:1vb-0ey,8,8
FIXTURE:ufo:mtch:1vb-199,8,8
FIXTURE:ufo:mtch:1vb-1o6,8,8
FIXTURE:ufo:mtch:1vb-2dj,8,8
FIXTURE:ufo:mtch:1vb-2er,8,8
FIXTURE:ufo:mtch:1vc-00i,8,8
FIXTURE:ufo:mtch:1vc-069,8,8
FIXTURE:ufo:mtch:1vc-06j,8,8
FIXTURE:ufo:mtch:1vc-07y,8,8
FIXTURE:ufo:mtch:1vc-085,8,8
FIXTURE:ufo:mtch:1vc-091,8,8
FIXTURE:ufo:mtch:1vc-09a,8,8
FIXTURE:ufo:mtch:1vc-09t,8,8
FIXTURE:ufo:mtch:1vc-0e9,8,8
FIXTURE:ufo:mtch:1vc-0ej,8,8
FIXTURE:ufo:mtch:1vc-0lt,8,8
FIXTURE:ufo:mtch:1vc-0lu,8,8
FIXTURE:ufo:mtch:1vc-0lv,8,8
FIXTURE:ufo:mtch:1vc-0sy,8,8
FIXTURE:ufo:mtch:1vc-0zl,8,8
FIXTURE:ufo:mtch:1vc-0zu,8,8
FIXTURE:ufo:mtch:1vc-17y,8,8
FIXTURE:ufo:mtch:1vc-1f0,8,8
FIXTURE:ufo:mtch:1vc-1f9,8,8
FIXTURE:ufo:mtch:1vc-1fa,8,8
FIXTURE:ufo:mtch:1vc-1fb,8,8
FIXTURE:ufo:mtch:1vc-1fg,8,8
FIXTURE:ufo:mtch:1vc-1fi,8,8
FIXTURE:ufo:mtch:1vc-21h,8,8
FIXTURE:ufo:mtch:1vd-00u,8,8
FIXTURE:ufo:mtch:1vd-01t,8,8
FIXTURE:ufo:mtch:1vd-033,8,8
FIXTURE:ufo:mtch:1vd-035,8,8
FIXTURE:ufo:mtch:1vd-07m,8,8
FIXTURE:ufo:mtch:1vd-083,8,8
FIXTURE:ufo:mtch:1vd-0al,8,8
FIXTURE:ufo:mtch:1vd-0bk,8,8
FIXTURE:ufo:mtch:1vd-0c1,8,8
FIXTURE:ufo:mtch:1vd-0ej,8,8
FIXTURE:ufo:mtch:1vd-0kb,8,8
FIXTURE:ufo:mtch:1vd-0m1,8,8
FIXTURE:ufo:mtch:1vd-0q6,8,8
FIXTURE:ufo:mtch:1vd-0vb,8,8
FIXTURE:ufo:mtch:1vd-0vc,8,8
FIXTURE:ufo:mtch:1vd-0yj,8,8
FIXTURE:ufo:mtch:1vd-10a,8,8
FIXTURE:ufo:mtch:1vd-124,8,8
FIXTURE:ufo:mtch:1vd-1gd,8,8
FIXTURE:ufo:mtch:1vd-1ge,8,8
FIXTURE:ufo:mtch:1vd-1zx,8,8
FIXTURE:ufo:mtch:1vd-25u,8,8
FIXTURE:ufo:mtch:1vd-25w,8,8
FIXTURE:ufo:mtch:1vd-2ns,8,8
FIXTURE:ufo:mtch:1vd-3d6,8,8
FIXTURE:ufo:mtch:1ve-000,8,8
FIXTURE:ufo:mtch:1ve-00m,8,8
FIXTURE:ufo:mtch:1ve-01i,8,8
FIXTURE:ufo:mtch:1ve-01j,8,8
FIXTURE:ufo:mtch:1ve-01n,8,8
FIXTURE:ufo:mtch:1ve-03u,8,8
FIXTURE:ufo:mtch:1ve-03w,8,8
FIXTURE:ufo:mtch:1ve-06z,8,8
FIXTURE:ufo:mtch:1ve-077,8,8
FIXTURE:ufo:mtch:1ve-07n,8,8
FIXTURE:ufo:mtch:1ve-07q,8,8
FIXTURE:ufo:mtch:1ve-0a9,8,8
FIXTURE:ufo:mtch:1ve-0c9,8,8
FIXTURE:ufo:mtch:1ve-0dw,8,8
FIXTURE:ufo:mtch:1ve-0fo,8,8
FIXTURE:ufo:mtch:1ve-0h1,8,8
FIXTURE:ufo:mtch:1ve-135,8,8
FIXTURE:ufo:mtch:1ve-1cs,8,8
FIXTURE:ufo:mtch:1ve-1d4,8,8
FIXTURE:ufo:mtch:1ve-251,8,8
FIXTURE:ufo:mtch:1ve-27s,8,8
FIXTURE:ufo:mtch:1ve-280,8,8
FIXTURE:ufo:mtch:1ve-2x4,8,8
FIXTURE:ufo:mtch:1vf-01r,8,8
FIXTURE:ufo:mtch:1vf-02l,8,8
FIXTURE:ufo:mtch:1vf-034,8,8
FIXTURE:ufo:mtch:1vf-05h,8,8
FIXTURE:ufo:mtch:1vf-0ew,8,8
FIXTURE:ufo:mtch:1vf-0fk,8,8
FIXTURE:ufo:mtch:1vf-0fr,8,8
FIXTURE:ufo:mtch:1vf-10k,8,8
FIXTURE:ufo:mtch:1vf-10o,8,8
FIXTURE:ufo:mtch:1vf-18b,8,8
FIXTURE:ufo:mtch:1vf-19f,8,8
FIXTURE:ufo:mtch:1vf-19k,8,8
FIXTURE:ufo:mtch:1vf-1ao,8,8
FIXTURE:ufo:mtch:1vf-1b6,8,8
FIXTURE:ufo:mtch:1vf-1cu,8,8
FIXTURE:ufo:mtch:1vf-1zm,8,8
FIXTURE:ufo:mtch:1vf-20b,8,8
FIXTURE:ufo:mtch:1vf-20s,8,8
FIXTURE:ufo:mtch:1vf-20v,8,8
FIXTURE:ufo:mtch:1vf-215,8,8
FIXTURE:ufo:mtch:1vf-21o,8,8
FIXTURE:ufo:mtch:1vf-2nk,8,8
FIXTURE:ufo:mtch:1vg-010,8,8
FIXTURE:ufo:mtch:1vg-012,8,8
FIXTURE:ufo:mtch:1vg-03v,8,8
FIXTURE:ufo:mtch:1vg-0bk,8,8
FIXTURE:ufo:mtch:1vg-0bm,8,8
FIXTURE:ufo:mtch:1vg-0bn,8,8
FIXTURE:ufo:mtch:1vg-0fn,8,8
FIXTURE:ufo:mtch:1vg-0ob,8,8
FIXTURE:ufo:mtch:1vg-0ue,8,8
FIXTURE:ufo:mtch:1vg-1dg,8,8
FIXTURE:ufo:mtch:1vg-1gs,8,8
FIXTURE:ufo:mtch:1vg-1xt,8,8
FIXTURE:ufo:mtch:1vg-2su,8,8
FIXTURE:ufo:mtch:1vg-2x6,8,8
FIXTURE:ufo:mtch:1vh-00h,8,8
FIXTURE:ufo:mtch:1vh-028,8,8
FIXTURE:ufo:mtch:1vh-03v,8,8
FIXTURE:ufo:mtch:1vh-05r,8,8
FIXTURE:ufo:mtch:1vh-0a0,8,8
FIXTURE:ufo:mtch:1vh-0er,8,8
FIXTURE:ufo:mtch:1vh-0q5,8,8
FIXTURE:ufo:mtch:1vh-0q8,8,8
FIXTURE:ufo:mtch:1vh-18z,8,8
FIXTURE:ufo:mtch:1vh-19g,8,8
FIXTURE:ufo:mtch:1vh-1ae,8,8
FIXTURE:ufo:mtch:1vh-2z7,8,8
FIXTURE:ufo:mtch:1vi-018,8,8
FIXTURE:ufo:mtch:1vi-01i,8,8
FIXTURE:ufo:mtch:1vi-03j,8,8
FIXTURE:ufo:mtch:1vi-04u,8,8
FIXTURE:ufo:mtch:1vi-059,8,8
FIXTURE:ufo:mtch:1vi-06w,8,8
FIXTURE:ufo:mtch:1vi-09h,8,8
FIXTURE:ufo:mtch:1vi-0di,8,8
FIXTURE:ufo:mtch:1vi-11j,8,8
FIXTURE:ufo:mtch:1vi-12q,8,8
FIXTURE:ufo:mtch:1vi-12s,8,8
FIXTURE:ufo:mtch:1vi-16f,8,8
FIXTURE:ufo:mtch:1vi-16r,8,8
FIXTURE:ufo:mtch:1vi-1f3,8,8
FIXTURE:ufo:mtch:1vi-1jf,8,8
FIXTURE:ufo:mtch:1vi-1jp,8,8
FIXTURE:ufo:mtch:1vi-1js,8,8
FIXTURE:ufo:mtch:1vi-1k0,8,8
FIXTURE:ufo:mtch:1vi-2e8,8,8
FIXTURE:ufo:mtch:1vi-2ea,8,8
FIXTURE:ufo:mtch:1vi-2gh,8,8
FIXTURE:ufo:mtch:1vj-028,8,8
FIXTURE:ufo:mtch:1vj-046,8,8
FIXTURE:ufo:mtch:1vj-078,8,8
FIXTURE:ufo:mtch:1vj-085,8,8
FIXTURE:ufo:mtch:1vj-091,8,8
FIXTURE:ufo:mtch:1vj-09u,8,8
FIXTURE:ufo:mtch:1vj-0eo,8,8
FIXTURE:ufo:mtch:1vj-0mj,8,8
FIXTURE:ufo:mtch:1vj-1ag,8,8
FIXTURE:ufo:mtch:1vj-1hi,8,8
FIXTURE:ufo:mtch:1vj-1ur,8,8
FIXTURE:ufo:mtch:1vk-012,8,8
FIXTURE:ufo:mtch:1vk-02n,8,8
FIXTURE:ufo:mtch:1vk-057,8,8
FIXTURE:ufo:mtch:1vk-071,8,8
FIXTURE:ufo:mtch:1vk-07j,8,8
FIXTURE:ufo:mtch:1vk-095,8,8
FIXTURE:ufo:mtch:1vk-09p,8,8
FIXTURE:ufo:mtch:1vk-09v,8,8
FIXTURE:ufo:mtch:1vk-0at,8,8
FIXTURE:ufo:mtch:1vk-0bh,8,8
FIXTURE:ufo:mtch:1vk-0d0,8,8
FIXTURE:ufo:mtch:1vk-0d2,8,8
FIXTURE:ufo:mtch:1vk-0e6,8,8
FIXTURE:ufo:mtch:1vk-0fv,8,8
FIXTURE:ufo:mtch:1vk-0gk,8,8
FIXTURE:ufo:mtch:1vk-0jr,8,8
FIXTURE:ufo:mtch:1vk-0nn,8,8
FIXTURE:ufo:mtch:1vk-0no,8,8
FIXTURE:ufo:mtch:1vk-0o1,8,8
FIXTURE:ufo:mtch:1vk-0y7,8,8
FIXTURE:ufo:mtch:1vk-1tj,8,8
FIXTURE:ufo:mtch:1vk-1ws,8,8
FIXTURE:ufo:mtch:1vk-1wu,8,8
FIXTURE:ufo:mtch:1vl-063,8,8
FIXTURE:ufo:mtch:1vl-06w,8,8
FIXTURE:ufo:mtch:1vl-07t,8,8
FIXTURE:ufo:mtch:1vl-08g,8,8
FIXTURE:ufo:mtch:1vl-08h,8,8
FIXTURE:ufo:mtch:1vl-09n,8,8
FIXTURE:ufo:mtch:1vl-0gl,8,8
FIXTURE:ufo:mtch:1vl-0hc,8,8
FIXTURE:ufo:mtch:1vl-0kj,8,8
FIXTURE:ufo:mtch:1vl-0l1,8,8
FIXTURE:ufo:mtch:1vl-0mf,8,8
FIXTURE:ufo:mtch:1vl-0xq,8,8
FIXTURE:ufo:mtch:1vl-0y5,8,8
FIXTURE:ufo:mtch:1vl-0yf,8,8
FIXTURE:ufo:mtch:1vl-0yh,8,8
FIXTURE:ufo:mtch:1vl-0yk,8,8
FIXTURE:ufo:mtch:1vl-159,8,8
FIXTURE:ufo:mtch:1vl-15n,8,8
FIXTURE:ufo:mtch:1vl-2q1,8,8
FIXTURE:ufo:mtch:1vl-3el,8,8
FIXTURE:ufo:mtch:1vl-3h6,8,8
FIXTURE:ufo:mtch:1vm-01p,8,8
FIXTURE:ufo:mtch:1vm-029,8,8
FIXTURE:ufo:mtch:1vm-052,8,8
FIXTURE:ufo:mtch:1vm-054,8,8
FIXTURE:ufo:mtch:1vm-05a,8,8
FIXTURE:ufo:mtch:1vm-0j5,8,8
FIXTURE:ufo:mtch:1vm-1cp,8,8
FIXTURE:ufo:mtch:1vm-1ez,8,8
FIXTURE:ufo:mtch:1vm-23b,8,8
FIXTURE:ufo:mtch:1vm-23n,8,8
FIXTURE:ufo:mtch:1vm-2o9,8,8
FIXTURE:ufo:mtch:1us-00x,7,7
FIXTURE:ufo:mtch:1us-013,7,7
FIXTURE:ufo:mtch:1us-017,7,7
FIXTURE:ufo:mtch:1us-01a,7,7
FIXTURE:ufo:mtch:1us-03s,7,7
FIXTURE:ufo:mtch:1us-09h,7,7
FIXTURE:ufo:mtch:1us-0ee,7,7
FIXTURE:ufo:mtch:1us-0es,7,7
FIXTURE:ufo:mtch:1us-0go,7,7
FIXTURE:ufo:mtch:1us-0gw,7,7
FIXTURE:ufo:mtch:1us-0h5,7,7
FIXTURE:ufo:mtch:1us-0lm,7,7
FIXTURE:ufo:mtch:1us-0uq,7,7
FIXTURE:ufo:mtch:1us-1jy,7,7
FIXTURE:ufo:mtch:1us-1k6,7,7
FIXTURE:ufo:mtch:1us-1ka,7,7
FIXTURE:ufo:mtch:1us-1kx,7,7
FIXTURE:ufo:mtch:1us-1l4,7,7
FIXTURE:ufo:mtch:1us-1mn,7,7
FIXTURE:ufo:mtch:1us-23q,7,7
FIXTURE:ufo:mtch:1us-240,7,7
FIXTURE:ufo:mtch:1us-2df,7,7
FIXTURE:ufo:mtch:1us-2sv,7,7
FIXTURE:ufo:mtch:1us-2sw,7,7
FIXTURE:ufo:mtch:1ut-00r,7,7
FIXTURE:ufo:mtch:1ut-01b,7,7
FIXTURE:ufo:mtch:1ut-01m,7,7
FIXTURE:ufo:mtch:1ut-039,7,7
FIXTURE:ufo:mtch:1ut-064,7,7
FIXTURE:ufo:mtch:1ut-08d,7,7
FIXTURE:ufo:mtch:1ut-08e,7,7
FIXTURE:ufo:mtch:1ut-09e,7,7
FIXTURE:ufo:mtch:1ut-0a1,7,7
FIXTURE:ufo:mtch:1ut-0hl,7,7
FIXTURE:ufo:mtch:1ut-0r1,7,7
FIXTURE:ufo:mtch:1ut-1fu,7,7
FIXTURE:ufo:mtch:1ut-1h2,7,7
FIXTURE:ufo:mtch:1ut-1i5,7,7
FIXTURE:ufo:mtch:1ut-1iu,7,7
FIXTURE:ufo:mtch:1ut-1mi,7,7
FIXTURE:ufo:mtch:1ut-1ow,7,7
FIXTURE:ufo:mtch:1ut-29w,7,7
FIXTURE:ufo:mtch:1ut-2a1,7,7
FIXTURE:ufo:mtch:1ut-2ee,7,7
FIXTURE:ufo:mtch:1ut-2ez,7,7
FIXTURE:ufo:mtch:1uu-003,7,7
FIXTURE:ufo:mtch:1uu-00p,7,7
FIXTURE:ufo:mtch:1uu-04f,7,7
FIXTURE:ufo:mtch:1uu-0ad,7,7
FIXTURE:ufo:mtch:1uu-0va,7,7
FIXTURE:ufo:mtch:1uu-0vb,7,7
FIXTURE:ufo:mtch:1uu-12e,7,7
FIXTURE:ufo:mtch:1uu-1iw,7,7
FIXTURE:ufo:mtch:1uu-1jo,7,7
FIXTURE:ufo:mtch:1uv-011,7,7
FIXTURE:ufo:mtch:1uv-018,7,7
FIXTURE:ufo:mtch:1uv-01m,7,7
FIXTURE:ufo:mtch:1uv-01v,7,7
FIXTURE:ufo:mtch:1uv-02d,7,7
FIXTURE:ufo:mtch:1uv-06d,7,7
FIXTURE:ufo:mtch:1uv-09w,7,7
FIXTURE:ufo:mtch:1uv-0xt,7,7
FIXTURE:ufo:mtch:1uv-112,7,7
FIXTURE:ufo:mtch:1uv-13c,7,7
FIXTURE:ufo:mtch:1uv-13x,7,7
FIXTURE:ufo:mtch:1uv-15y,7,7
FIXTURE:ufo:mtch:1uv-1dd,7,7
FIXTURE:ufo:mtch:1uv-24a,7,7
FIXTURE:ufo:mtch:1uv-24e,7,7
FIXTURE:ufo:mtch:1uw-01c,7,7
FIXTURE:ufo:mtch:1uw-01t,7,7
FIXTURE:ufo:mtch:1uw-01x,7,7
FIXTURE:ufo:mtch:1uw-0k0,7,7
FIXTURE:ufo:mtch:1uw-27w,7,7
FIXTURE:ufo:mtch:1uw-2b2,7,7
FIXTURE:ufo:mtch:1uw-2pe,7,7
FIXTURE:ufo:mtch:1uw-2q9,7,7
FIXTURE:ufo:mtch:1ux-00v,7,7
FIXTURE:ufo:mtch:1ux-02c,7,7
FIXTURE:ufo:mtch:1ux-02w,7,7
FIXTURE:ufo:mtch:1ux-07v,7,7
FIXTURE:ufo:mtch:1ux-0xg,7,7
FIXTURE:ufo:mtch:1ux-12t,7,7
FIXTURE:ufo:mtch:1ux-1ar,7,7
FIXTURE:ufo:mtch:1ux-1q3,7,7
FIXTURE:ufo:mtch:1uy-01x,7,7
FIXTURE:ufo:mtch:1uy-02g,7,7
FIXTURE:ufo:mtch:1uy-03t,7,7
FIXTURE:ufo:mtch:1uy-04p,7,7
FIXTURE:ufo:mtch:1uy-05i,7,7
FIXTURE:ufo:mtch:1uy-097,7,7
FIXTURE:ufo:mtch:1uy-09l,7,7
FIXTURE:ufo:mtch:1uy-0a3,7,7
FIXTURE:ufo:mtch:1uy-0a4,7,7
FIXTURE:ufo:mtch:1uy-0g6,7,7
FIXTURE:ufo:mtch:1uy-0gd,7,7
FIXTURE:ufo:mtch:1uy-0rc,7,7
FIXTURE:ufo:mtch:1uy-0ur,7,7
FIXTURE:ufo:mtch:1uy-0wv,7,7
FIXTURE:ufo:mtch:1uy-12t,7,7
FIXTURE:ufo:mtch:1uy-1oe,7,7
FIXTURE:ufo:mtch:1uy-1q2,7,7
FIXTURE:ufo:mtch:1uy-1ta,7,7
FIXTURE:ufo:mtch:1uy-24m,7,7
FIXTURE:ufo:mtch:1uy-2ui,7,7
FIXTURE:ufo:mtch:1uz-04d,7,7
FIXTURE:ufo:mtch:1uz-097,7,7
FIXTURE:ufo:mtch:1uz-09u,7,7
FIXTURE:ufo:mtch:1uz-0m9,7,7
FIXTURE:ufo:mtch:1uz-0mb,7,7
FIXTURE:ufo:mtch:1uz-0n9,7,7
FIXTURE:ufo:mtch:1uz-0nu,7,7
FIXTURE:ufo:mtch:1uz-0o3,7,7
FIXTURE:ufo:mtch:1uz-0w1,7,7
FIXTURE:ufo:mtch:1uz-0wy,7,7
FIXTURE:ufo:mtch:1uz-0x6,7,7
FIXTURE:ufo:mtch:1uz-0yw,7,7
FIXTURE:ufo:mtch:1uz-11c,7,7
FIXTURE:ufo:mtch:1uz-1vs,7,7
FIXTURE:ufo:mtch:1uz-1z1,7,7
FIXTURE:ufo:mtch:1uz-1za,7,7
FIXTURE:ufo:mtch:1uz-2bq,7,7
FIXTURE:ufo:mtch:1uz-2e8,7,7
FIXTURE:ufo:mtch:1uz-2ed,7,7
FIXTURE:ufo:mtch:1uz-2jf,7,7
FIXTURE:ufo:mtch:1v0-016,7,7
FIXTURE:ufo:mtch:1v0-03c,7,7
FIXTURE:ufo:mtch:1v0-053,7,7
FIXTURE:ufo:mtch:1v0-08m,7,7
FIXTURE:ufo:mtch:1v0-09d,7,7
FIXTURE:ufo:mtch:1v0-0a1,7,7
FIXTURE:ufo:mtch:1v0-0e7,7,7
FIXTURE:ufo:mtch:1v0-0gq,7,7
FIXTURE:ufo:mtch:1v0-0hd,7,7
FIXTURE:ufo:mtch:1v0-1ei,7,7
FIXTURE:ufo:mtch:1v0-2qo,7,7
FIXTURE:ufo:mtch:1v1-00n,7,7
FIXTURE:ufo:mtch:1v1-01m,7,7
FIXTURE:ufo:mtch:1v1-0c7,7,7
FIXTURE:ufo:mtch:1v1-0ch,7,7
FIXTURE:ufo:mtch:1v1-0ci,7,7
FIXTURE:ufo:mtch:1v1-0i8,7,7
FIXTURE:ufo:mtch:1v1-0zs,7,7
FIXTURE:ufo:mtch:1v1-10a,7,7
FIXTURE:ufo:mtch:1v1-10m,7,7
FIXTURE:ufo:mtch:1v1-10t,7,7
FIXTURE:ufo:mtch:1v1-11y,7,7
FIXTURE:ufo:mtch:1v1-195,7,7
FIXTURE:ufo:mtch:1v1-19r,7,7
FIXTURE:ufo:mtch:1v1-1h9,7,7
FIXTURE:ufo:mtch:1v1-1hl,7,7
FIXTURE:ufo:mtch:1v1-1k8,7,7
FIXTURE:ufo:mtch:1v1-1t1,7,7
FIXTURE:ufo:mtch:1v2-00t,7,7
FIXTURE:ufo:mtch:1v2-01n,7,7
FIXTURE:ufo:mtch:1v2-0ff,7,7
FIXTURE:ufo:mtch:1v2-0jy,7,7
FIXTURE:ufo:mtch:1v2-0rt,7,7
FIXTURE:ufo:mtch:1v2-0t5,7,7
FIXTURE:ufo:mtch:1v2-0to,7,7
FIXTURE:ufo:mtch:1v2-13m,7,7
FIXTURE:ufo:mtch:1v2-16d,7,7
FIXTURE:ufo:mtch:1v2-1ad,7,7
FIXTURE:ufo:mtch:1v2-1dw,7,7
FIXTURE:ufo:mtch:1v2-1p7,7,7
FIXTURE:ufo:mtch:1v2-24m,7,7
FIXTURE:ufo:mtch:1v2-25u,7,7
FIXTURE:ufo:mtch:1v2-26n,7,7
FIXTURE:ufo:mtch:1v2-270,7,7
FIXTURE:ufo:mtch:1v2-2i7,7,7
FIXTURE:ufo:mtch:1v2-2io,7,7
FIXTURE:ufo:mtch:1v2-2uq,7,7
FIXTURE:ufo:mtch:1v2-2ur,7,7
FIXTURE:ufo:mtch:1v3-018,7,7
FIXTURE:ufo:mtch:1v3-0cm,7,7
FIXTURE:ufo:mtch:1v3-0n3,7,7
FIXTURE:ufo:mtch:1v3-0nm,7,7
FIXTURE:ufo:mtch:1v3-0px,7,7
FIXTURE:ufo:mtch:1v3-1lo,7,7
FIXTURE:ufo:mtch:1v3-1u7,7,7
FIXTURE:ufo:mtch:1v3-27s,7,7
FIXTURE:ufo:mtch:1v3-28k,7,7
FIXTURE:ufo:mtch:1v3-2iw,7,7
FIXTURE:ufo:mtch:1v3-2jz,7,7
FIXTURE:ufo:mtch:1v3-2k2,7,7
FIXTURE:ufo:mtch:1v4-00k,7,7
FIXTURE:ufo:mtch:1v4-016,7,7
FIXTURE:ufo:mtch:1v4-05n,7,7
FIXTURE:ufo:mtch:1v4-06t,7,7
FIXTURE:ufo:mtch:1v4-070,7,7
FIXTURE:ufo:mtch:1v4-0e7,7,7
FIXTURE:ufo:mtch:1v4-0ji,7,7
FIXTURE:ufo:mtch:1v4-0jm,7,7
FIXTURE:ufo:mtch:1v4-0rl,7,7
FIXTURE:ufo:mtch:1v4-0rv,7,7
FIXTURE:ufo:mtch:1v4-0w9,7,7
FIXTURE:ufo:mtch:1v4-0wq,7,7
FIXTURE:ufo:mtch:1v4-0xl,7,7
FIXTURE:ufo:mtch:1v4-0xo,7,7
FIXTURE:ufo:mtch:1v4-0xr,7,7
FIXTURE:ufo:mtch:1v4-1bj,7,7
FIXTURE:ufo:mtch:1v4-1o5,7,7
FIXTURE:ufo:mtch:1v5-01t,7,7
FIXTURE:ufo:mtch:1v5-01z,7,7
FIXTURE:ufo:mtch:1v5-06m,7,7
FIXTURE:ufo:mtch:1v5-0fv,7,7
FIXTURE:ufo:mtch:1v5-0k8,7,7
FIXTURE:ufo:mtch:1v5-0k9,7,7
FIXTURE:ufo:mtch:1v5-0rs,7,7
FIXTURE:ufo:mtch:1v5-0y7,7,7
FIXTURE:ufo:mtch:1v5-0yj,7,7
FIXTURE:ufo:mtch:1v5-0zl,7,7
FIXTURE:ufo:mtch:1v5-1u2,7,7
FIXTURE:ufo:mtch:1v5-1v6,7,7
FIXTURE:ufo:mtch:1v5-25i,7,7
FIXTURE:ufo:mtch:1v5-28g,7,7
FIXTURE:ufo:mtch:1v5-2ct,7,7
FIXTURE:ufo:mtch:1v5-2wh,7,7
FIXTURE:ufo:mtch:1v6-02e,7,7
FIXTURE:ufo:mtch:1v6-02u,7,7
FIXTURE:ufo:mtch:1v6-045,7,7
FIXTURE:ufo:mtch:1v6-04c,7,7
FIXTURE:ufo:mtch:1v6-04d,7,7
FIXTURE:ufo:mtch:1v6-05e,7,7
FIXTURE:ufo:mtch:1v6-05f,7,7
FIXTURE:ufo:mtch:1v6-086,7,7
FIXTURE:ufo:mtch:1v6-088,7,7
FIXTURE:ufo:mtch:1v6-091,7,7
FIXTURE:ufo:mtch:1v6-0dh,7,7
FIXTURE:ufo:mtch:1v6-0f3,7,7
FIXTURE:ufo:mtch:1v6-0gu,7,7
FIXTURE:ufo:mtch:1v6-0m7,7,7
FIXTURE:ufo:mtch:1v6-0mc,7,7
FIXTURE:ufo:mtch:1v6-0md,7,7
FIXTURE:ufo:mtch:1v6-0p8,7,7
FIXTURE:ufo:mtch:1v6-1ex,7,7
FIXTURE:ufo:mtch:1v6-2f6,7,7
FIXTURE:ufo:mtch:1v6-2i5,7,7
FIXTURE:ufo:mtch:1v6-2ic,7,7
FIXTURE:ufo:mtch:1v6-350,7,7
FIXTURE:ufo:mtch:1v7-01n,7,7
FIXTURE:ufo:mtch:1v7-01s,7,7
FIXTURE:ufo:mtch:1v7-04a,7,7
FIXTURE:ufo:mtch:1v7-04d,7,7
FIXTURE:ufo:mtch:1v7-058,7,7
FIXTURE:ufo:mtch:1v7-06h,7,7
FIXTURE:ufo:mtch:1v7-06l,7,7
FIXTURE:ufo:mtch:1v7-0bn,7,7
FIXTURE:ufo:mtch:1v7-0fq,7,7
FIXTURE:ufo:mtch:1v7-0gk,7,7
FIXTURE:ufo:mtch:1v7-0jg,7,7
FIXTURE:ufo:mtch:1v7-0rg,7,7
FIXTURE:ufo:mtch:1v7-0xk,7,7
FIXTURE:ufo:mtch:1v7-1l7,7,7
FIXTURE:ufo:mtch:1v7-2tj,7,7
FIXTURE:ufo:mtch:1v8-00m,7,7
FIXTURE:ufo:mtch:1v8-00r,7,7
FIXTURE:ufo:mtch:1v8-00z,7,7
FIXTURE:ufo:mtch:1v8-010,7,7
FIXTURE:ufo:mtch:1v8-01f,7,7
FIXTURE:ufo:mtch:1v8-01g,7,7
FIXTURE:ufo:mtch:1v8-02j,7,7
FIXTURE:ufo:mtch:1v8-040,7,7
FIXTURE:ufo:mtch:1v8-0g1,7,7
FIXTURE:ufo:mtch:1v8-0nm,7,7
FIXTURE:ufo:mtch:1v8-0wc,7,7
FIXTURE:ufo:mtch:1v8-0wr,7,7
FIXTURE:ufo:mtch:1v8-104,7,7
FIXTURE:ufo:mtch:1v8-1f6,7,7
FIXTURE:ufo:mtch:1v8-1fo,7,7
FIXTURE:ufo:mtch:1v9-029,7,7
FIXTURE:ufo:mtch:1v9-02t,7,7
FIXTURE:ufo:mtch:1v9-039,7,7
FIXTURE:ufo:mtch:1v9-03b,7,7
FIXTURE:ufo:mtch:1v9-03m,7,7
FIXTURE:ufo:mtch:1v9-04m,7,7
FIXTURE:ufo:mtch:1v9-0dy,7,7
FIXTURE:ufo:mtch:1v9-0ie,7,7
FIXTURE:ufo:mtch:1v9-0xr,7,7
FIXTURE:ufo:mtch:1v9-0yl,7,7
FIXTURE:ufo:mtch:1v9-13r,7,7
FIXTURE:ufo:mtch:1v9-14t,7,7
FIXTURE:ufo:mtch:1v9-14z,7,7
FIXTURE:ufo:mtch:1v9-18s,7,7
FIXTURE:ufo:mtch:1v9-1ro,7,7
FIXTURE:ufo:mtch:1v9-26c,7,7
FIXTURE:ufo:mtch:1v9-28e,7,7
FIXTURE:ufo:mtch:1v9-28p,7,7
FIXTURE:ufo:mtch:1va-00h,7,7
FIXTURE:ufo:mtch:1va-01y,7,7
FIXTURE:ufo:mtch:1va-02j,7,7
FIXTURE:ufo:mtch:1va-02w,7,7
FIXTURE:ufo:mtch:1va-03j,7,7
FIXTURE:ufo:mtch:1va-08m,7,7
FIXTURE:ufo:mtch:1va-09b,7,7
FIXTURE:ufo:mtch:1va-09k,7,7
FIXTURE:ufo:mtch:1va-0cd,7,7
FIXTURE:ufo:mtch:1va-0mq,7,7
FIXTURE:ufo:mtch:1va-1i0,7,7
FIXTURE:ufo:mtch:1va-1u0,7,7
FIXTURE:ufo:mtch:1va-1us,7,7
FIXTURE:ufo:mtch:1va-1vv,7,7
FIXTURE:ufo:mtch:1va-1x5,7,7
FIXTURE:ufo:mtch:1va-1x9,7,7
FIXTURE:ufo:mtch:1va-283,7,7
FIXTURE:ufo:mtch:1va-2z9,7,7
FIXTURE:ufo:mtch:1vb-011,7,7
FIXTURE:ufo:mtch:1vb-01y,7,7
FIXTURE:ufo:mtch:1vb-027,7,7
FIXTURE:ufo:mtch:1vb-02c,7,7
FIXTURE:ufo:mtch:1vb-070,7,7
FIXTURE:ufo:mtch:1vb-0ij,7,7
FIXTURE:ufo:mtch:1vb-0jo,7,7
FIXTURE:ufo:mtch:1vb-0qm,7,7
FIXTURE:ufo:mtch:1vb-201,7,7
FIXTURE:ufo:mtch:1vc-00u,7,7
FIXTURE:ufo:mtch:1vc-065,7,7
FIXTURE:ufo:mtch:1vc-0xv,7,7
FIXTURE:ufo:mtch:1vc-1fc,7,7
FIXTURE:ufo:mtch:1vc-1tb,7,7
FIXTURE:ufo:mtch:1vc-21g,7,7
FIXTURE:ufo:mtch:1vc-29q,7,7
FIXTURE:ufo:mtch:1vd-02z,7,7
FIXTURE:ufo:mtch:1vd-057,7,7
FIXTURE:ufo:mtch:1vd-06q,7,7
FIXTURE:ufo:mtch:1vd-06v,7,7
FIXTURE:ufo:mtch:1vd-091,7,7
FIXTURE:ufo:mtch:1vd-0bi,7,7
FIXTURE:ufo:mtch:1vd-0bn,7,7
FIXTURE:ufo:mtch:1vd-0bs,7,7
FIXTURE:ufo:mtch:1vd-0d7,7,7
FIXTURE:ufo:mtch:1vd-0dl,7,7
FIXTURE:ufo:mtch:1vd-0es,7,7
FIXTURE:ufo:mtch:1vd-0jr,7,7
FIXTURE:ufo:mtch:1vd-0lq,7,7
FIXTURE:ufo:mtch:1vd-0zh,7,7
FIXTURE:ufo:mtch:1vd-112,7,7
FIXTURE:ufo:mtch:1vd-12t,7,7
FIXTURE:ufo:mtch:1vd-27k,7,7
FIXTURE:ufo:mtch:1vd-2dj,7,7
FIXTURE:ufo:mtch:1vd-2kx,7,7
FIXTURE:ufo:mtch:1vd-338,7,7
FIXTURE:ufo:mtch:1vd-33d,7,7
FIXTURE:ufo:mtch:1vd-33f,7,7
FIXTURE:ufo:mtch:1vd-3tl,7,7
FIXTURE:ufo:mtch:1ve-01e,7,7
FIXTURE:ufo:mtch:1ve-02p,7,7
FIXTURE:ufo:mtch:1ve-05j,7,7
FIXTURE:ufo:mtch:1ve-091,7,7
FIXTURE:ufo:mtch:1ve-0ah,7,7
FIXTURE:ufo:mtch:1ve-0dj,7,7
FIXTURE:ufo:mtch:1ve-0ec,7,7
FIXTURE:ufo:mtch:1ve-0li,7,7
FIXTURE:ufo:mtch:1ve-0lk,7,7
FIXTURE:ufo:mtch:1ve-0pt,7,7
FIXTURE:ufo:mtch:1ve-1df,7,7
FIXTURE:ufo:mtch:1ve-1i3,7,7
FIXTURE:ufo:mtch:1ve-255,7,7
FIXTURE:ufo:mtch:1ve-27p,7,7
FIXTURE:ufo:mtch:1ve-2ea,7,7
FIXTURE:ufo:mtch:1ve-2jv,7,7
FIXTURE:ufo:mtch:1ve-2k5,7,7
FIXTURE:ufo:mtch:1ve-2v9,7,7
FIXTURE:ufo:mtch:1vf-018,7,7
FIXTURE:ufo:mtch:1vf-02k,7,7
FIXTURE:ufo:mtch:1vf-02o,7,7
FIXTURE:ufo:mtch:1vf-02r,7,7
FIXTURE:ufo:mtch:1vf-04m,7,7
FIXTURE:ufo:mtch:1vf-05c,7,7
FIXTURE:ufo:mtch:1vf-06w,7,7
FIXTURE:ufo:mtch:1vf-0h4,7,7
FIXTURE:ufo:mtch:1vf-18r,7,7
FIXTURE:ufo:mtch:1vf-198,7,7
FIXTURE:ufo:mtch:1vf-1bb,7,7
FIXTURE:ufo:mtch:1vf-1bo,7,7
FIXTURE:ufo:mtch:1vf-1pe,7,7
FIXTURE:ufo:mtch:1vf-203,7,7
FIXTURE:ufo:mtch:1vf-206,7,7
FIXTURE:ufo:mtch:1vf-20e,7,7
FIXTURE:ufo:mtch:1vf-21g,7,7
FIXTURE:ufo:mtch:1vf-2n2,7,7
FIXTURE:ufo:mtch:1vg-01n,7,7
FIXTURE:ufo:mtch:1vg-027,7,7
FIXTURE:ufo:mtch:1vg-056,7,7
FIXTURE:ufo:mtch:1vg-06g,7,7
FIXTURE:ufo:mtch:1vg-0bg,7,7
FIXTURE:ufo:mtch:1vg-0fm,7,7
FIXTURE:ufo:mtch:1vg-0i2,7,7
FIXTURE:ufo:mtch:1vg-0ti,7,7
FIXTURE:ufo:mtch:1vg-0tm,7,7
FIXTURE:ufo:mtch:1vg-0vj,7,7
FIXTURE:ufo:mtch:1vg-1d0,7,7
FIXTURE:ufo:mtch:1vg-1dh,7,7
FIXTURE:ufo:mtch:1vg-1di,7,7
FIXTURE:ufo:mtch:1vg-1gm,7,7
FIXTURE:ufo:mtch:1vg-1j0,7,7
FIXTURE:ufo:mtch:1vg-1l7,7,7
FIXTURE:ufo:mtch:1vg-1ot,7,7
FIXTURE:ufo:mtch:1vg-27x,7,7
FIXTURE:ufo:mtch:1vg-2be,7,7
FIXTURE:ufo:mtch:1vg-2bm,7,7
FIXTURE:ufo:mtch:1vg-2uy,7,7
FIXTURE:ufo:mtch:1vh-011,7,7
FIXTURE:ufo:mtch:1vh-01e,7,7
FIXTURE:ufo:mtch:1vh-03g,7,7
FIXTURE:ufo:mtch:1vh-06i,7,7
FIXTURE:ufo:mtch:1vh-0ad,7,7
FIXTURE:ufo:mtch:1vh-0ek,7,7
FIXTURE:ufo:mtch:1vh-0eo,7,7
FIXTURE:ufo:mtch:1vh-0m5,7,7
FIXTURE:ufo:mtch:1vh-0ma,7,7
FIXTURE:ufo:mtch:1vh-18w,7,7
FIXTURE:ufo:mtch:1vh-1gc,7,7
FIXTURE:ufo:mtch:1vh-1i5,7,7
FIXTURE:ufo:mtch:1vh-1kh,7,7
FIXTURE:ufo:mtch:1vh-1wx,7,7
FIXTURE:ufo:mtch:1vh-2f9,7,7
FIXTURE:ufo:mtch:1vh-30w,7,7
FIXTURE:ufo:mtch:1vh-33k,7,7
FIXTURE:ufo:mtch:1vi-02j,7,7
FIXTURE:ufo:mtch:1vi-03i,7,7
FIXTURE:ufo:mtch:1vi-058,7,7
FIXTURE:ufo:mtch:1vi-05a,7,7
FIXTURE:ufo:mtch:1vi-06o,7,7
FIXTURE:ufo:mtch:1vi-09s,7,7
FIXTURE:ufo:mtch:1vi-18c,7,7
FIXTURE:ufo:mtch:1vi-18y,7,7
FIXTURE:ufo:mtch:1vi-19m,7,7
FIXTURE:ufo:mtch:1vi-1a4,7,7
FIXTURE:ufo:mtch:1vi-1kr,7,7
FIXTURE:ufo:mtch:1vi-1of,7,7
FIXTURE:ufo:mtch:1vi-1p7,7,7
FIXTURE:ufo:mtch:1vi-1qt,7,7
FIXTURE:ufo:mtch:1vi-1sm,7,7
FIXTURE:ufo:mtch:1vi-2f7,7,7
FIXTURE:ufo:mtch:1vi-2gd,7,7
FIXTURE:ufo:mtch:1vj-00z,7,7
FIXTURE:ufo:mtch:1vj-01h,7,7
FIXTURE:ufo:mtch:1vj-01k,7,7
FIXTURE:ufo:mtch:1vj-01p,7,7
FIXTURE:ufo:mtch:1vj-01r,7,7
FIXTURE:ufo:mtch:1vj-02h,7,7
FIXTURE:ufo:mtch:1vj-038,7,7
FIXTURE:ufo:mtch:1vj-047,7,7
FIXTURE:ufo:mtch:1vj-059,7,7
FIXTURE:ufo:mtch:1vj-07y,7,7
FIXTURE:ufo:mtch:1vj-094,7,7
FIXTURE:ufo:mtch:1vj-0fd,7,7
FIXTURE:ufo:mtch:1vj-0ky,7,7
FIXTURE:ufo:mtch:1vj-0yq,7,7
FIXTURE:ufo:mtch:1vj-105,7,7
FIXTURE:ufo:mtch:1vj-1x1,7,7
FIXTURE:ufo:mtch:1vj-1x2,7,7
FIXTURE:ufo:mtch:1vj-1xi,7,7
FIXTURE:ufo:mtch:1vj-1zv,7,7
FIXTURE:ufo:mtch:1vj-289,7,7
FIXTURE:ufo:mtch:1vj-2a8,7,7
FIXTURE:ufo:mtch:1vj-2hc,7,7
FIXTURE:ufo:mtch:1vj-2hv,7,7
FIXTURE:ufo:mtch:1vk-01k,7,7
FIXTURE:ufo:mtch:1vk-02q,7,7
FIXTURE:ufo:mtch:1vk-03r,7,7
FIXTURE:ufo:mtch:1vk-04y,7,7
FIXTURE:ufo:mtch:1vk-050,7,7
FIXTURE:ufo:mtch:1vk-0cn,7,7
FIXTURE:ufo:mtch:1vk-0nz,7,7
FIXTURE:ufo:mtch:1vk-0q2,7,7
FIXTURE:ufo:mtch:1vk-118,7,7
FIXTURE:ufo:mtch:1vk-1ca,7,7
FIXTURE:ufo:mtch:1vk-1ch,7,7
FIXTURE:ufo:mtch:1vk-1r7,7,7
FIXTURE:ufo:mtch:1vk-1t0,7,7
FIXTURE:ufo:mtch:1vk-2g2,7,7
FIXTURE:ufo:mtch:1vk-2iy,7,7
FIXTURE:ufo:mtch:1vk-2u1,7,7
FIXTURE:ufo:mtch:1vl-007,7,7
FIXTURE:ufo:mtch:1vl-017,7,7
FIXTURE:ufo:mtch:1vl-03i,7,7
FIXTURE:ufo:mtch:1vl-041,7,7
FIXTURE:ufo:mtch:1vl-043,7,7
FIXTURE:ufo:mtch:1vl-08r,7,7
FIXTURE:ufo:mtch:1vl-08u,7,7
FIXTURE:ufo:mtch:1vl-0a8,7,7
FIXTURE:ufo:mtch:1vl-0dg,7,7
FIXTURE:ufo:mtch:1vl-0du,7,7
FIXTURE:ufo:mtch:1vl-0eg,7,7
FIXTURE:ufo:mtch:1vl-0ia,7,7
FIXTURE:ufo:mtch:1vl-0k8,7,7
FIXTURE:ufo:mtch:1vl-0lj,7,7
FIXTURE:ufo:mtch:1vl-0ny,7,7
FIXTURE:ufo:mtch:1vl-0we,7,7
FIXTURE:ufo:mtch:1vl-15j,7,7
FIXTURE:ufo:mtch:1vl-1or,7,7
FIXTURE:ufo:mtch:1vl-1xc,7,7
FIXTURE:ufo:mtch:1vl-20x,7,7
FIXTURE:ufo:mtch:1vl-21g,7,7
FIXTURE:ufo:mtch:1vl-2pc,7,7
FIXTURE:ufo:mtch:1vl-334,7,7
FIXTURE:ufo:mtch:1vm-01t,7,7
FIXTURE:ufo:mtch:1vm-022,7,7
FIXTURE:ufo:mtch:1vm-02y,7,7
FIXTURE:ufo:mtch:1vm-02z,7,7
FIXTURE:ufo:mtch:1vm-053,7,7
FIXTURE:ufo:mtch:1vm-0hm,7,7
FIXTURE:ufo:mtch:1vm-1ap,7,7
FIXTURE:ufo:mtch:1vo-07d,7,7
FIXTURE:ufo:race:1vc-041,7,7
FIXTURE:ufo:mtch:1ur-06j,6,6
FIXTURE:ufo:mtch:1ur-0e8,6,6
FIXTURE:ufo:mtch:1us-016,6,6
FIXTURE:ufo:mtch:1us-01q,6,6
FIXTURE:ufo:mtch:1us-045,6,6
FIXTURE:ufo:mtch:1us-049,6,6
FIXTURE:ufo:mtch:1us-04h,6,6
FIXTURE:ufo:mtch:1us-04p,6,6
FIXTURE:ufo:mtch:1us-05k,6,6
FIXTURE:ufo:mtch:1us-06b,6,6
FIXTURE:ufo:mtch:1us-06f,6,6
FIXTURE:ufo:mtch:1us-09s,6,6
FIXTURE:ufo:mtch:1us-0h7,6,6
FIXTURE:ufo:mtch:1us-0p3,6,6
FIXTURE:ufo:mtch:1us-0ri,6,6
FIXTURE:ufo:mtch:1us-0rm,6,6
FIXTURE:ufo:mtch:1us-1kg,6,6
FIXTURE:ufo:mtch:1us-1lm,6,6
FIXTURE:ufo:mtch:1us-1m8,6,6
FIXTURE:ufo:mtch:1us-1qk,6,6
FIXTURE:ufo:mtch:1us-29j,6,6
FIXTURE:ufo:mtch:1us-2cp,6,6
FIXTURE:ufo:mtch:1us-2d5,6,6
FIXTURE:ufo:mtch:1us-2dh,6,6
FIXTURE:ufo:mtch:1ut-01o,6,6
FIXTURE:ufo:mtch:1ut-01x,6,6
FIXTURE:ufo:mtch:1ut-03w,6,6
FIXTURE:ufo:mtch:1ut-04v,6,6
FIXTURE:ufo:mtch:1ut-05s,6,6
FIXTURE:ufo:mtch:1ut-05v,6,6
FIXTURE:ufo:mtch:1ut-068,6,6
FIXTURE:ufo:mtch:1ut-06l,6,6
FIXTURE:ufo:mtch:1ut-06q,6,6
FIXTURE:ufo:mtch:1ut-08j,6,6
FIXTURE:ufo:mtch:1ut-0ba,6,6
FIXTURE:ufo:mtch:1ut-0cd,6,6
FIXTURE:ufo:mtch:1ut-0ei,6,6
FIXTURE:ufo:mtch:1ut-0eq,6,6
FIXTURE:ufo:mtch:1ut-0i7,6,6
FIXTURE:ufo:mtch:1ut-0iv,6,6
FIXTURE:ufo:mtch:1ut-0ix,6,6
FIXTURE:ufo:mtch:1ut-0ly,6,6
FIXTURE:ufo:mtch:1ut-0mx,6,6
FIXTURE:ufo:mtch:1ut-0nj,6,6
FIXTURE:ufo:mtch:1ut-0pi,6,6
FIXTURE:ufo:mtch:1ut-0pj,6,6
FIXTURE:ufo:mtch:1ut-1fv,6,6
FIXTURE:ufo:mtch:1ut-1hf,6,6
FIXTURE:ufo:mtch:1ut-1hr,6,6
FIXTURE:ufo:mtch:1ut-1ix,6,6
FIXTURE:ufo:mtch:1ut-1n5,6,6
FIXTURE:ufo:mtch:1ut-1nc,6,6
FIXTURE:ufo:mtch:1ut-1oh,6,6
FIXTURE:ufo:mtch:1ut-1z6,6,6
FIXTURE:ufo:mtch:1ut-29i,6,6
FIXTURE:ufo:mtch:1ut-29k,6,6
FIXTURE:ufo:mtch:1ut-29y,6,6
FIXTURE:ufo:mtch:1ut-2aq,6,6
FIXTURE:ufo:mtch:1ut-2fh,6,6
FIXTURE:ufo:mtch:1uu-01r,6,6
FIXTURE:ufo:mtch:1uu-01u,6,6
FIXTURE:ufo:mtch:1uu-03e,6,6
FIXTURE:ufo:mtch:1uu-03m,6,6
FIXTURE:ufo:mtch:1uu-04h,6,6
FIXTURE:ufo:mtch:1uu-0ag,6,6
FIXTURE:ufo:mtch:1uu-0aq,6,6
FIXTURE:ufo:mtch:1uu-0b0,6,6
FIXTURE:ufo:mtch:1uu-0b1,6,6
FIXTURE:ufo:mtch:1uu-0b4,6,6
FIXTURE:ufo:mtch:1uu-0b6,6,6
FIXTURE:ufo:mtch:1uu-0ba,6,6
FIXTURE:ufo:mtch:1uu-0dk,6,6
FIXTURE:ufo:mtch:1uu-0dl,6,6
FIXTURE:ufo:mtch:1uu-0u4,6,6
FIXTURE:ufo:mtch:1uu-0vf,6,6
FIXTURE:ufo:mtch:1uu-0vg,6,6
FIXTURE:ufo:mtch:1uu-0vr,6,6
FIXTURE:ufo:mtch:1uu-0w1,6,6
FIXTURE:ufo:mtch:1uu-0w7,6,6
FIXTURE:ufo:mtch:1uu-0x2,6,6
FIXTURE:ufo:mtch:1uu-12d,6,6
FIXTURE:ufo:mtch:1uu-17z,6,6
FIXTURE:ufo:mtch:1uu-1hv,6,6
FIXTURE:ufo:mtch:1uu-1if,6,6
FIXTURE:ufo:mtch:1uu-1l0,6,6
FIXTURE:ufo:mtch:1uu-1x1,6,6
FIXTURE:ufo:mtch:1uv-04j,6,6
FIXTURE:ufo:mtch:1uv-04p,6,6
FIXTURE:ufo:mtch:1uv-0sx,6,6
FIXTURE:ufo:mtch:1uv-0sz,6,6
FIXTURE:ufo:mtch:1uv-0xv,6,6
FIXTURE:ufo:mtch:1uv-10c,6,6
FIXTURE:ufo:mtch:1uv-137,6,6
FIXTURE:ufo:mtch:1uv-15n,6,6
FIXTURE:ufo:mtch:1uv-1ku,6,6
FIXTURE:ufo:mtch:1uv-1mm,6,6
FIXTURE:ufo:mtch:1uv-1o6,6,6
FIXTURE:ufo:mtch:1uv-1o9,6,6
FIXTURE:ufo:mtch:1uv-1oj,6,6
FIXTURE:ufo:mtch:1uv-1oq,6,6
FIXTURE:ufo:mtch:1uv-221,6,6
FIXTURE:ufo:mtch:1uv-25k,6,6
FIXTURE:ufo:mtch:1uv-26j,6,6
FIXTURE:ufo:mtch:1uv-2hn,6,6
FIXTURE:ufo:mtch:1uw-00g,6,6
FIXTURE:ufo:mtch:1uw-00x,6,6
FIXTURE:ufo:mtch:1uw-01g,6,6
FIXTURE:ufo:mtch:1uw-069,6,6
FIXTURE:ufo:mtch:1uw-0ab,6,6
FIXTURE:ufo:mtch:1uw-0cv,6,6
FIXTURE:ufo:mtch:1uw-0ex,6,6
FIXTURE:ufo:mtch:1uw-0fp,6,6
FIXTURE:ufo:mtch:1uw-0ji,6,6
FIXTURE:ufo:mtch:1uw-0nh,6,6
FIXTURE:ufo:mtch:1uw-0ni,6,6
FIXTURE:ufo:mtch:1uw-0nk,6,6
FIXTURE:ufo:mtch:1uw-0no,6,6
FIXTURE:ufo:mtch:1uw-19v,6,6
FIXTURE:ufo:mtch:1uw-1c4,6,6
FIXTURE:ufo:mtch:1uw-1pp,6,6
FIXTURE:ufo:mtch:1uw-1pu,6,6
FIXTURE:ufo:mtch:1uw-1ty,6,6
FIXTURE:ufo:mtch:1uw-27j,6,6
FIXTURE:ufo:mtch:1uw-28b,6,6
FIXTURE:ufo:mtch:1uw-28g,6,6
FIXTURE:ufo:mtch:1ux-00h,6,6
FIXTURE:ufo:mtch:1ux-01d,6,6
FIXTURE:ufo:mtch:1ux-028,6,6
FIXTURE:ufo:mtch:1ux-05x,6,6
FIXTURE:ufo:mtch:1ux-06h,6,6
FIXTURE:ufo:mtch:1ux-08s,6,6
FIXTURE:ufo:mtch:1ux-09x,6,6
FIXTURE:ufo:mtch:1ux-0e6,6,6
FIXTURE:ufo:mtch:1ux-0fk,6,6
FIXTURE:ufo:mtch:1ux-13m,6,6
FIXTURE:ufo:mtch:1ux-1p9,6,6
FIXTURE:ufo:mtch:1ux-251,6,6
FIXTURE:ufo:mtch:1ux-2ce,6,6
FIXTURE:ufo:mtch:1ux-2gg,6,6
FIXTURE:ufo:mtch:1uy-00c,6,6
FIXTURE:ufo:mtch:1uy-011,6,6
FIXTURE:ufo:mtch:1uy-01i,6,6
FIXTURE:ufo:mtch:1uy-01y,6,6
FIXTURE:ufo:mtch:1uy-035,6,6
FIXTURE:ufo:mtch:1uy-03g,6,6
FIXTURE:ufo:mtch:1uy-046,6,6
FIXTURE:ufo:mtch:1uy-04k,6,6
FIXTURE:ufo:mtch:1uy-07w,6,6
FIXTURE:ufo:mtch:1uy-07y,6,6
FIXTURE:ufo:mtch:1uy-08k,6,6
FIXTURE:ufo:mtch:1uy-08y,6,6
FIXTURE:ufo:mtch:1uy-095,6,6
FIXTURE:ufo:mtch:1uy-09i,6,6
FIXTURE:ufo:mtch:1uy-0d1,6,6
FIXTURE:ufo:mtch:1uy-0e5,6,6
FIXTURE:ufo:mtch:1uy-0e6,6,6
FIXTURE:ufo:mtch:1uy-0h7,6,6
FIXTURE:ufo:mtch:1uy-0kf,6,6
FIXTURE:ufo:mtch:1uy-0pd,6,6
FIXTURE:ufo:mtch:1uy-12p,6,6
FIXTURE:ufo:mtch:1uy-12s,6,6
FIXTURE:ufo:mtch:1uy-1ms,6,6
FIXTURE:ufo:mtch:1uy-1mz,6,6
FIXTURE:ufo:mtch:1uy-1ts,6,6
FIXTURE:ufo:mtch:1uy-2dn,6,6
FIXTURE:ufo:mtch:1uy-2g7,6,6
FIXTURE:ufo:mtch:1uy-2gx,6,6
FIXTURE:ufo:mtch:1uy-2lf,6,6
FIXTURE:ufo:mtch:1uy-2ug,6,6
FIXTURE:ufo:mtch:1uz-01r,6,6
FIXTURE:ufo:mtch:1uz-028,6,6
FIXTURE:ufo:mtch:1uz-03r,6,6
FIXTURE:ufo:mtch:1uz-03t,6,6
FIXTURE:ufo:mtch:1uz-03u,6,6
FIXTURE:ufo:mtch:1uz-055,6,6
FIXTURE:ufo:mtch:1uz-06g,6,6
FIXTURE:ufo:mtch:1uz-07p,6,6
FIXTURE:ufo:mtch:1uz-0fn,6,6
FIXTURE:ufo:mtch:1uz-0gm,6,6
FIXTURE:ufo:mtch:1uz-0lz,6,6
FIXTURE:ufo:mtch:1uz-0nc,6,6
FIXTURE:ufo:mtch:1uz-0oy,6,6
FIXTURE:ufo:mtch:1uz-0qq,6,6
FIXTURE:ufo:mtch:1uz-0um,6,6
FIXTURE:ufo:mtch:1uz-0v6,6,6
FIXTURE:ufo:mtch:1uz-0wo,6,6
FIXTURE:ufo:mtch:1uz-15a,6,6
FIXTURE:ufo:mtch:1uz-1bz,6,6
FIXTURE:ufo:mtch:1uz-1zv,6,6
FIXTURE:ufo:mtch:1uz-239,6,6
FIXTURE:ufo:mtch:1uz-28j,6,6
FIXTURE:ufo:mtch:1uz-28x,6,6
FIXTURE:ufo:mtch:1uz-2aq,6,6
FIXTURE:ufo:mtch:1uz-2d6,6,6
FIXTURE:ufo:mtch:1uz-2dn,6,6
FIXTURE:ufo:mtch:1uz-2ey,6,6
FIXTURE:ufo:mtch:1uz-2gp,6,6
FIXTURE:ufo:mtch:1uz-2hw,6,6
FIXTURE:ufo:mtch:1uz-2s4,6,6
FIXTURE:ufo:mtch:1uz-2ye,6,6
FIXTURE:ufo:mtch:1v0-01g,6,6
FIXTURE:ufo:mtch:1v0-01h,6,6
FIXTURE:ufo:mtch:1v0-02c,6,6
FIXTURE:ufo:mtch:1v0-02n,6,6
FIXTURE:ufo:mtch:1v0-02r,6,6
FIXTURE:ufo:mtch:1v0-02y,6,6
FIXTURE:ufo:mtch:1v0-031,6,6
FIXTURE:ufo:mtch:1v0-04o,6,6
FIXTURE:ufo:mtch:1v0-051,6,6
FIXTURE:ufo:mtch:1v0-064,6,6
FIXTURE:ufo:mtch:1v0-06s,6,6
FIXTURE:ufo:mtch:1v0-076,6,6
FIXTURE:ufo:mtch:1v0-07l,6,6
FIXTURE:ufo:mtch:1v0-07p,6,6
FIXTURE:ufo:mtch:1v0-07v,6,6
FIXTURE:ufo:mtch:1v0-08u,6,6
FIXTURE:ufo:mtch:1v0-0bw,6,6
FIXTURE:ufo:mtch:1v0-0c6,6,6
FIXTURE:ufo:mtch:1v0-0d4,6,6
FIXTURE:ufo:mtch:1v0-0ey,6,6
FIXTURE:ufo:mtch:1v0-0gi,6,6
FIXTURE:ufo:mtch:1v0-0il,6,6
FIXTURE:ufo:mtch:1v0-0ja,6,6
FIXTURE:ufo:mtch:1v0-0kc,6,6
FIXTURE:ufo:mtch:1v0-0ls,6,6
FIXTURE:ufo:mtch:1v0-0lt,6,6
FIXTURE:ufo:mtch:1v0-11i,6,6
FIXTURE:ufo:mtch:1v0-21i,6,6
FIXTURE:ufo:mtch:1v0-22a,6,6
FIXTURE:ufo:mtch:1v0-2ex,6,6
FIXTURE:ufo:mtch:1v1-00u,6,6
FIXTURE:ufo:mtch:1v1-015,6,6
FIXTURE:ufo:mtch:1v1-024,6,6
FIXTURE:ufo:mtch:1v1-04a,6,6
FIXTURE:ufo:mtch:1v1-06u,6,6
FIXTURE:ufo:mtch:1v1-08n,6,6
FIXTURE:ufo:mtch:1v1-0e3,6,6
FIXTURE:ufo:mtch:1v1-0w4,6,6
FIXTURE:ufo:mtch:1v1-0wr,6,6
FIXTURE:ufo:mtch:1v1-10x,6,6
FIXTURE:ufo:mtch:1v1-11l,6,6
FIXTURE:ufo:mtch:1v1-125,6,6
FIXTURE:ufo:mtch:1v1-12a,6,6
FIXTURE:ufo:mtch:1v1-193,6,6
FIXTURE:ufo:mtch:1v1-19h,6,6
FIXTURE:ufo:mtch:1v1-1hh,6,6
FIXTURE:ufo:mtch:1v1-1i1,6,6
FIXTURE:ufo:mtch:1v1-1vg,6,6
FIXTURE:ufo:mtch:1v1-1vt,6,6
FIXTURE:ufo:mtch:1v2-02m,6,6
FIXTURE:ufo:mtch:1v2-072,6,6
FIXTURE:ufo:mtch:1v2-07h,6,6
FIXTURE:ufo:mtch:1v2-08r,6,6
FIXTURE:ufo:mtch:1v2-09d,6,6
FIXTURE:ufo:mtch:1v2-0l4,6,6
FIXTURE:ufo:mtch:1v2-112,6,6
FIXTURE:ufo:mtch:1v2-12l,6,6
FIXTURE:ufo:mtch:1v2-13s,6,6
FIXTURE:ufo:mtch:1v2-13x,6,6
FIXTURE:ufo:mtch:1v2-173,6,6
FIXTURE:ufo:mtch:1v2-1a4,6,6
FIXTURE:ufo:mtch:1v2-1ed,6,6
FIXTURE:ufo:mtch:1v2-1g1,6,6
FIXTURE:ufo:mtch:1v2-24x,6,6
FIXTURE:ufo:mtch:1v2-259,6,6
FIXTURE:ufo:mtch:1v2-25k,6,6
FIXTURE:ufo:mtch:1v2-2cz,6,6
FIXTURE:ufo:mtch:1v2-2u6,6,6
FIXTURE:ufo:mtch:1v3-00t,6,6
FIXTURE:ufo:mtch:1v3-02j,6,6
FIXTURE:ufo:mtch:1v3-03v,6,6
FIXTURE:ufo:mtch:1v3-05n,6,6
FIXTURE:ufo:mtch:1v3-062,6,6
FIXTURE:ufo:mtch:1v3-06y,6,6
FIXTURE:ufo:mtch:1v3-07d,6,6
FIXTURE:ufo:mtch:1v3-087,6,6
FIXTURE:ufo:mtch:1v3-09x,6,6
FIXTURE:ufo:mtch:1v3-0d1,6,6
FIXTURE:ufo:mtch:1v3-0q3,6,6
FIXTURE:ufo:mtch:1v3-0xe,6,6
FIXTURE:ufo:mtch:1v3-1fn,6,6
FIXTURE:ufo:mtch:1v3-1la,6,6
FIXTURE:ufo:mtch:1v3-1sq,6,6
FIXTURE:ufo:mtch:1v3-244,6,6
FIXTURE:ufo:mtch:1v3-25u,6,6
FIXTURE:ufo:mtch:1v3-27c,6,6
FIXTURE:ufo:mtch:1v3-295,6,6
FIXTURE:ufo:mtch:1v3-2jy,6,6
FIXTURE:ufo:mtch:1v3-2rt,6,6
FIXTURE:ufo:mtch:1v4-014,6,6
FIXTURE:ufo:mtch:1v4-01t,6,6
FIXTURE:ufo:mtch:1v4-02w,6,6
FIXTURE:ufo:mtch:1v4-06a,6,6
FIXTURE:ufo:mtch:1v4-0wj,6,6
FIXTURE:ufo:mtch:1v4-0wm,6,6
FIXTURE:ufo:mtch:1v4-0xe,6,6
FIXTURE:ufo:mtch:1v4-0xq,6,6
FIXTURE:ufo:mtch:1v4-0xs,6,6
FIXTURE:ufo:mtch:1v4-0y0,6,6
FIXTURE:ufo:mtch:1v4-0yq,6,6
FIXTURE:ufo:mtch:1v4-10r,6,6
FIXTURE:ufo:mtch:1v4-2g4,6,6
FIXTURE:ufo:mtch:1v5-01h,6,6
FIXTURE:ufo:mtch:1v5-01v,6,6
FIXTURE:ufo:mtch:1v5-03j,6,6
FIXTURE:ufo:mtch:1v5-03q,6,6
FIXTURE:ufo:mtch:1v5-078,6,6
FIXTURE:ufo:mtch:1v5-09w,6,6
FIXTURE:ufo:mtch:1v5-0cy,6,6
FIXTURE:ufo:mtch:1v5-0gi,6,6
FIXTURE:ufo:mtch:1v5-0k6,6,6
FIXTURE:ufo:mtch:1v5-0kb,6,6
FIXTURE:ufo:mtch:1v5-0kd,6,6
FIXTURE:ufo:mtch:1v5-0m4,6,6
FIXTURE:ufo:mtch:1v5-0yr,6,6
FIXTURE:ufo:mtch:1v5-10a,6,6
FIXTURE:ufo:mtch:1v5-10d,6,6
FIXTURE:ufo:mtch:1v5-10m,6,6
FIXTURE:ufo:mtch:1v5-10q,6,6
FIXTURE:ufo:mtch:1v5-10v,6,6
FIXTURE:ufo:mtch:1v5-1cm,6,6
FIXTURE:ufo:mtch:1v5-1jy,6,6
FIXTURE:ufo:mtch:1v5-1s5,6,6
FIXTURE:ufo:mtch:1v5-1sx,6,6
FIXTURE:ufo:mtch:1v5-1u4,6,6
FIXTURE:ufo:mtch:1v5-1ut,6,6
FIXTURE:ufo:mtch:1v5-207,6,6
FIXTURE:ufo:mtch:1v5-25d,6,6
FIXTURE:ufo:mtch:1v5-28j,6,6
FIXTURE:ufo:mtch:1v5-2k5,6,6
FIXTURE:ufo:mtch:1v5-2wj,6,6
FIXTURE:ufo:mtch:1v6-01u,6,6
FIXTURE:ufo:mtch:1v6-03p,6,6
FIXTURE:ufo:mtch:1v6-049,6,6
FIXTURE:ufo:mtch:1v6-06f,6,6
FIXTURE:ufo:mtch:1v6-06j,6,6
FIXTURE:ufo:mtch:1v6-07u,6,6
FIXTURE:ufo:mtch:1v6-08c,6,6
FIXTURE:ufo:mtch:1v6-092,6,6
FIXTURE:ufo:mtch:1v6-09v,6,6
FIXTURE:ufo:mtch:1v6-09y,6,6
FIXTURE:ufo:mtch:1v6-0ab,6,6
FIXTURE:ufo:mtch:1v6-0f1,6,6
FIXTURE:ufo:mtch:1v6-0g9,6,6
FIXTURE:ufo:mtch:1v6-0gi,6,6
FIXTURE:ufo:mtch:1v6-0in,6,6
FIXTURE:ufo:mtch:1v6-0lh,6,6
FIXTURE:ufo:mtch:1v6-0mg,6,6
FIXTURE:ufo:mtch:1v6-0mi,6,6
FIXTURE:ufo:mtch:1v6-0p6,6,6
FIXTURE:ufo:mtch:1v6-0pa,6,6
FIXTURE:ufo:mtch:1v6-0vl,6,6
FIXTURE:ufo:mtch:1v6-0w7,6,6
FIXTURE:ufo:mtch:1v6-0yf,6,6
FIXTURE:ufo:mtch:1v6-11f,6,6
FIXTURE:ufo:mtch:1v6-11p,6,6
FIXTURE:ufo:mtch:1v6-16n,6,6
FIXTURE:ufo:mtch:1v6-188,6,6
FIXTURE:ufo:mtch:1v6-18c,6,6
FIXTURE:ufo:mtch:1v6-1ju,6,6
FIXTURE:ufo:mtch:1v6-1mz,6,6
FIXTURE:ufo:mtch:1v6-1n5,6,6
FIXTURE:ufo:mtch:1v6-1nw,6,6
FIXTURE:ufo:mtch:1v6-1pi,6,6
FIXTURE:ufo:mtch:1v6-251,6,6
FIXTURE:ufo:mtch:1v6-26b,6,6
FIXTURE:ufo:mtch:1v6-28j,6,6
FIXTURE:ufo:mtch:1v6-28w,6,6
FIXTURE:ufo:mtch:1v6-2ew,6,6
FIXTURE:ufo:mtch:1v6-2f3,6,6
FIXTURE:ufo:mtch:1v6-2fh,6,6
FIXTURE:ufo:mtch:1v6-2h1,6,6
FIXTURE:ufo:mtch:1v6-2i7,6,6
FIXTURE:ufo:mtch:1v6-2sn,6,6
FIXTURE:ufo:mtch:1v6-2sr,6,6
FIXTURE:ufo:mtch:1v6-2su,6,6
FIXTURE:ufo:mtch:1v6-2yj,6,6
FIXTURE:ufo:mtch:1v6-34e,6,6
FIXTURE:ufo:mtch:1v6-34k,6,6
FIXTURE:ufo:mtch:1v6-34n,6,6
FIXTURE:ufo:mtch:1v6-37k,6,6
FIXTURE:ufo:mtch:1v6-38n,6,6
FIXTURE:ufo:mtch:1v6-393,6,6
FIXTURE:ufo:mtch:1v6-395,6,6
FIXTURE:ufo:mtch:1v7-000,6,6
FIXTURE:ufo:mtch:1v7-049,6,6
FIXTURE:ufo:mtch:1v7-04t,6,6
FIXTURE:ufo:mtch:1v7-059,6,6
FIXTURE:ufo:mtch:1v7-06b,6,6
FIXTURE:ufo:mtch:1v7-06j,6,6
FIXTURE:ufo:mtch:1v7-073,6,6
FIXTURE:ufo:mtch:1v7-087,6,6
FIXTURE:ufo:mtch:1v7-08c,6,6
FIXTURE:ufo:mtch:1v7-08n,6,6
FIXTURE:ufo:mtch:1v7-09j,6,6
FIXTURE:ufo:mtch:1v7-09x,6,6
FIXTURE:ufo:mtch:1v7-0cv,6,6
FIXTURE:ufo:mtch:1v7-0ff,6,6
FIXTURE:ufo:mtch:1v7-0g1,6,6
FIXTURE:ufo:mtch:1v7-0gc,6,6
FIXTURE:ufo:mtch:1v7-0of,6,6
FIXTURE:ufo:mtch:1v7-0qr,6,6
FIXTURE:ufo:mtch:1v7-0xw,6,6
FIXTURE:ufo:mtch:1v7-11p,6,6
FIXTURE:ufo:mtch:1v7-1vb,6,6
FIXTURE:ufo:mtch:1v7-1wn,6,6
FIXTURE:ufo:mtch:1v7-1wr,6,6
FIXTURE:ufo:mtch:1v7-1yz,6,6
FIXTURE:ufo:mtch:1v8-01t,6,6
FIXTURE:ufo:mtch:1v8-01z,6,6
FIXTURE:ufo:mtch:1v8-023,6,6
FIXTURE:ufo:mtch:1v8-041,6,6
FIXTURE:ufo:mtch:1v8-06w,6,6
FIXTURE:ufo:mtch:1v8-084,6,6
FIXTURE:ufo:mtch:1v8-0bt,6,6
FIXTURE:ufo:mtch:1v8-0g9,6,6
FIXTURE:ufo:mtch:1v8-0gj,6,6
FIXTURE:ufo:mtch:1v8-0gq,6,6
FIXTURE:ufo:mtch:1v8-0it,6,6
FIXTURE:ufo:mtch:1v8-0nz,6,6
FIXTURE:ufo:mtch:1v8-0ul,6,6
FIXTURE:ufo:mtch:1v8-0ur,6,6
FIXTURE:ufo:mtch:1v8-0vr,6,6
FIXTURE:ufo:mtch:1v8-0vw,6,6
FIXTURE:ufo:mtch:1v8-0x1,6,6
FIXTURE:ufo:mtch:1v8-0x5,6,6
FIXTURE:ufo:mtch:1v8-0xg,6,6
FIXTURE:ufo:mtch:1v8-13e,6,6
FIXTURE:ufo:mtch:1v8-1c4,6,6
FIXTURE:ufo:mtch:1v8-1d7,6,6
FIXTURE:ufo:mtch:1v8-1ew,6,6
FIXTURE:ufo:mtch:1v8-1f5,6,6
FIXTURE:ufo:mtch:1v8-1fd,6,6
FIXTURE:ufo:mtch:1v8-1g4,6,6
FIXTURE:ufo:mtch:1v8-1jz,6,6
FIXTURE:ufo:mtch:1v8-1uj,6,6
FIXTURE:ufo:mtch:1v8-24q,6,6
FIXTURE:ufo:mtch:1v8-25f,6,6
FIXTURE:ufo:mtch:1v8-2p2,6,6
FIXTURE:ufo:mtch:1v9-014,6,6
FIXTURE:ufo:mtch:1v9-03r,6,6
FIXTURE:ufo:mtch:1v9-04z,6,6
FIXTURE:ufo:mtch:1v9-060,6,6
FIXTURE:ufo:mtch:1v9-08q,6,6
FIXTURE:ufo:mtch:1v9-0an,6,6
FIXTURE:ufo:mtch:1v9-0i9,6,6
FIXTURE:ufo:mtch:1v9-0jk,6,6
FIXTURE:ufo:mtch:1v9-0sh,6,6
FIXTURE:ufo:mtch:1v9-112,6,6
FIXTURE:ufo:mtch:1v9-13y,6,6
FIXTURE:ufo:mtch:1v9-1f3,6,6
FIXTURE:ufo:mtch:1v9-1mc,6,6
FIXTURE:ufo:mtch:1v9-1qf,6,6
FIXTURE:ufo:mtch:1v9-1r5,6,6
FIXTURE:ufo:mtch:1v9-1tu,6,6
FIXTURE:ufo:mtch:1v9-1yv,6,6
FIXTURE:ufo:mtch:1v9-211,6,6
FIXTURE:ufo:mtch:1v9-23u,6,6
FIXTURE:ufo:mtch:1v9-268,6,6
FIXTURE:ufo:mtch:1v9-2ju,6,6
FIXTURE:ufo:mtch:1v9-2ql,6,6
FIXTURE:ufo:mtch:1v9-2ro,6,6
FIXTURE:ufo:mtch:1va-00d,6,6
FIXTURE:ufo:mtch:1va-01z,6,6
FIXTURE:ufo:mtch:1va-03g,6,6
FIXTURE:ufo:mtch:1va-071,6,6
FIXTURE:ufo:mtch:1va-074,6,6
FIXTURE:ufo:mtch:1va-07k,6,6
FIXTURE:ufo:mtch:1va-080,6,6
FIXTURE:ufo:mtch:1va-09u,6,6
FIXTURE:ufo:mtch:1va-09z,6,6
FIXTURE:ufo:mtch:1va-0a2,6,6
FIXTURE:ufo:mtch:1va-0ad,6,6
FIXTURE:ufo:mtch:1va-0ai,6,6
FIXTURE:ufo:mtch:1va-0ao,6,6
FIXTURE:ufo:mtch:1va-0av,6,6
FIXTURE:ufo:mtch:1va-0c7,6,6
FIXTURE:ufo:mtch:1va-0gc,6,6
FIXTURE:ufo:mtch:1va-0gk,6,6
FIXTURE:ufo:mtch:1va-0mr,6,6
FIXTURE:ufo:mtch:1va-0nr,6,6
FIXTURE:ufo:mtch:1va-0nw,6,6
FIXTURE:ufo:mtch:1va-0o8,6,6
FIXTURE:ufo:mtch:1va-0ob,6,6
FIXTURE:ufo:mtch:1va-0oc,6,6
FIXTURE:ufo:mtch:1va-0pc,6,6
FIXTURE:ufo:mtch:1va-0tt,6,6
FIXTURE:ufo:mtch:1va-195,6,6
FIXTURE:ufo:mtch:1va-1b0,6,6
FIXTURE:ufo:mtch:1va-1d3,6,6
FIXTURE:ufo:mtch:1va-1fp,6,6
FIXTURE:ufo:mtch:1va-1x8,6,6
FIXTURE:ufo:mtch:1va-2as,6,6
FIXTURE:ufo:mtch:1va-2c3,6,6
FIXTURE:ufo:mtch:1va-2eo,6,6
FIXTURE:ufo:mtch:1vb-02w,6,6
FIXTURE:ufo:mtch:1vb-034,6,6
FIXTURE:ufo:mtch:1vb-07u,6,6
FIXTURE:ufo:mtch:1vb-08y,6,6
FIXTURE:ufo:mtch:1vb-09a,6,6
FIXTURE:ufo:mtch:1vb-16i,6,6
FIXTURE:ufo:mtch:1vb-18c,6,6
FIXTURE:ufo:mtch:1vb-18p,6,6
FIXTURE:ufo:mtch:1vb-1lw,6,6
FIXTURE:ufo:mtch:1vb-1ni,6,6
FIXTURE:ufo:mtch:1vb-1or,6,6
FIXTURE:ufo:mtch:1vb-2o5,6,6
FIXTURE:ufo:mtch:1vb-2oy,6,6
FIXTURE:ufo:mtch:1vb-2pp,6,6
FIXTURE:ufo:mtch:1vb-2qw,6,6
FIXTURE:ufo:mtch:1vc-00o,6,6
FIXTURE:ufo:mtch:1vc-02n,6,6
FIXTURE:ufo:mtch:1vc-02q,6,6
FIXTURE:ufo:mtch:1vc-03u,6,6
FIXTURE:ufo:mtch:1vc-07x,6,6
FIXTURE:ufo:mtch:1vc-0a9,6,6
FIXTURE:ufo:mtch:1vc-0bs,6,6
FIXTURE:ufo:mtch:1vc-0bw,6,6
FIXTURE:ufo:mtch:1vc-0cs,6,6
FIXTURE:ufo:mtch:1vc-0d2,6,6
FIXTURE:ufo:mtch:1vc-0d5,6,6
FIXTURE:ufo:mtch:1vc-0de,6,6
FIXTURE:ufo:mtch:1vc-0ey,6,6
FIXTURE:ufo:mtch:1vc-0k1,6,6
FIXTURE:ufo:mtch:1vc-0ls,6,6
FIXTURE:ufo:mtch:1vc-0sp,6,6
FIXTURE:ufo:mtch:1vc-0zg,6,6
FIXTURE:ufo:mtch:1vc-0zt,6,6
FIXTURE:ufo:mtch:1vc-1ci,6,6
FIXTURE:ufo:mtch:1vc-1d1,6,6
FIXTURE:ufo:mtch:1vc-1tv,6,6
FIXTURE:ufo:mtch:1vc-1ws,6,6
FIXTURE:ufo:mtch:1vc-1xl,6,6
FIXTURE:ufo:mtch:1vc-1xz,6,6
FIXTURE:ufo:mtch:1vc-1y9,6,6
FIXTURE:ufo:mtch:1vc-1ya,6,6
FIXTURE:ufo:mtch:1vc-2qi,6,6
FIXTURE:ufo:mtch:1vd-03b,6,6
FIXTURE:ufo:mtch:1vd-041,6,6
FIXTURE:ufo:mtch:1vd-049,6,6
FIXTURE:ufo:mtch:1vd-04p,6,6
FIXTURE:ufo:mtch:1vd-059,6,6
FIXTURE:ufo:mtch:1vd-07b,6,6
FIXTURE:ufo:mtch:1vd-07j,6,6
FIXTURE:ufo:mtch:1vd-07s,6,6
FIXTURE:ufo:mtch:1vd-0af,6,6
FIXTURE:ufo:mtch:1vd-0ba,6,6
FIXTURE:ufo:mtch:1vd-0go,6,6
FIXTURE:ufo:mtch:1vd-0gu,6,6
FIXTURE:ufo:mtch:1vd-0kc,6,6
FIXTURE:ufo:mtch:1vd-0lf,6,6
FIXTURE:ufo:mtch:1vd-0lj,6,6
FIXTURE:ufo:mtch:1vd-0tz,6,6
FIXTURE:ufo:mtch:1vd-0up,6,6
FIXTURE:ufo:mtch:1vd-0xb,6,6
FIXTURE:ufo:mtch:1vd-1x2,6,6
FIXTURE:ufo:mtch:1vd-1zg,6,6
FIXTURE:ufo:mtch:1vd-24b,6,6
FIXTURE:ufo:mtch:1vd-24d,6,6
FIXTURE:ufo:mtch:1vd-26i,6,6
FIXTURE:ufo:mtch:1vd-29w,6,6
FIXTURE:ufo:mtch:1vd-2h4,6,6
FIXTURE:ufo:mtch:1vd-2ks,6,6
FIXTURE:ufo:mtch:1vd-2lf,6,6
FIXTURE:ufo:mtch:1vd-2nh,6,6
FIXTURE:ufo:mtch:1vd-2pk,6,6
FIXTURE:ufo:mtch:1ve-007,6,6
FIXTURE:ufo:mtch:1ve-02r,6,6
FIXTURE:ufo:mtch:1ve-032,6,6
FIXTURE:ufo:mtch:1ve-038,6,6
FIXTURE:ufo:mtch:1ve-03x,6,6
FIXTURE:ufo:mtch:1ve-053,6,6
FIXTURE:ufo:mtch:1ve-05m,6,6
FIXTURE:ufo:mtch:1ve-05v,6,6
FIXTURE:ufo:mtch:1ve-064,6,6
FIXTURE:ufo:mtch:1ve-06o,6,6
FIXTURE:ufo:mtch:1ve-06q,6,6
FIXTURE:ufo:mtch:1ve-099,6,6
FIXTURE:ufo:mtch:1ve-0b7,6,6
FIXTURE:ufo:mtch:1ve-0bm,6,6
FIXTURE:ufo:mtch:1ve-0c5,6,6
FIXTURE:ufo:mtch:1ve-0dk,6,6
FIXTURE:ufo:mtch:1ve-0ii,6,6
FIXTURE:ufo:mtch:1ve-0lt,6,6
FIXTURE:ufo:mtch:1ve-0o6,6,6
FIXTURE:ufo:mtch:1ve-0qg,6,6
FIXTURE:ufo:mtch:1ve-0r8,6,6
FIXTURE:ufo:mtch:1ve-1f2,6,6
FIXTURE:ufo:mtch:1ve-1vq,6,6
FIXTURE:ufo:mtch:1ve-26o,6,6
FIXTURE:ufo:mtch:1ve-27x,6,6
FIXTURE:ufo:mtch:1ve-2fn,6,6
FIXTURE:ufo:mtch:1ve-2gu,6,6
FIXTURE:ufo:mtch:1ve-2xb,6,6
FIXTURE:ufo:mtch:1vf-00f,6,6
FIXTURE:ufo:mtch:1vf-01k,6,6
FIXTURE:ufo:mtch:1vf-025,6,6
FIXTURE:ufo:mtch:1vf-030,6,6
FIXTURE:ufo:mtch:1vf-033,6,6
FIXTURE:ufo:mtch:1vf-03z,6,6
FIXTURE:ufo:mtch:1vf-046,6,6
FIXTURE:ufo:mtch:1vf-04z,6,6
FIXTURE:ufo:mtch:1vf-0ci,6,6
FIXTURE:ufo:mtch:1vf-0h6,6,6
FIXTURE:ufo:mtch:1vf-18c,6,6
FIXTURE:ufo:mtch:1vf-18s,6,6
FIXTURE:ufo:mtch:1vf-190,6,6
FIXTURE:ufo:mtch:1vf-197,6,6
FIXTURE:ufo:mtch:1vf-19l,6,6
FIXTURE:ufo:mtch:1vf-19s,6,6
FIXTURE:ufo:mtch:1vf-19u,6,6
FIXTURE:ufo:mtch:1vf-1b2,6,6
FIXTURE:ufo:mtch:1vf-1b8,6,6
FIXTURE:ufo:mtch:1vf-1b9,6,6
FIXTURE:ufo:mtch:1vf-1ba,6,6
FIXTURE:ufo:mtch:1vf-1bp,6,6
FIXTURE:ufo:mtch:1vf-1ck,6,6
FIXTURE:ufo:mtch:1vf-1jh,6,6
FIXTURE:ufo:mtch:1vf-1nu,6,6
FIXTURE:ufo:mtch:1vf-1pj,6,6
FIXTURE:ufo:mtch:1vf-1ve,6,6
FIXTURE:ufo:mtch:1vf-20f,6,6
FIXTURE:ufo:mtch:1vf-20g,6,6
FIXTURE:ufo:mtch:1vf-20j,6,6
FIXTURE:ufo:mtch:1vf-20o,6,6
FIXTURE:ufo:mtch:1vf-20r,6,6
FIXTURE:ufo:mtch:1vf-20x,6,6
FIXTURE:ufo:mtch:1vf-21m,6,6
FIXTURE:ufo:mtch:1vf-25f,6,6
FIXTURE:ufo:mtch:1vg-00g,6,6
FIXTURE:ufo:mtch:1vg-01b,6,6
FIXTURE:ufo:mtch:1vg-01d,6,6
FIXTURE:ufo:mtch:1vg-025,6,6
FIXTURE:ufo:mtch:1vg-061,6,6
FIXTURE:ufo:mtch:1vg-08s,6,6
FIXTURE:ufo:mtch:1vg-0bi,6,6
FIXTURE:ufo:mtch:1vg-0do,6,6
FIXTURE:ufo:mtch:1vg-0sa,6,6
FIXTURE:ufo:mtch:1vg-0sc,6,6
FIXTURE:ufo:mtch:1vg-0u0,6,6
FIXTURE:ufo:mtch:1vg-10x,6,6
FIXTURE:ufo:mtch:1vg-14l,6,6
FIXTURE:ufo:mtch:1vg-166,6,6
FIXTURE:ufo:mtch:1vg-180,6,6
FIXTURE:ufo:mtch:1vg-19k,6,6
FIXTURE:ufo:mtch:1vg-1g4,6,6
FIXTURE:ufo:mtch:1vg-1gc,6,6
FIXTURE:ufo:mtch:1vg-1gf,6,6
FIXTURE:ufo:mtch:1vg-1qn,6,6
FIXTURE:ufo:mtch:1vg-1rc,6,6
FIXTURE:ufo:mtch:1vg-1sy,6,6
FIXTURE:ufo:mtch:1vh-00v,6,6
FIXTURE:ufo:mtch:1vh-015,6,6
FIXTURE:ufo:mtch:1vh-02h,6,6
FIXTURE:ufo:mtch:1vh-02v,6,6
FIXTURE:ufo:mtch:1vh-030,6,6
FIXTURE:ufo:mtch:1vh-038,6,6
FIXTURE:ufo:mtch:1vh-03x,6,6
FIXTURE:ufo:mtch:1vh-099,6,6
FIXTURE:ufo:mtch:1vh-09k,6,6
FIXTURE:ufo:mtch:1vh-0ax,6,6
FIXTURE:ufo:mtch:1vh-0f9,6,6
FIXTURE:ufo:mtch:1vh-0jd,6,6
FIXTURE:ufo:mtch:1vh-0qk,6,6
FIXTURE:ufo:mtch:1vh-0r9,6,6
FIXTURE:ufo:mtch:1vh-14h,6,6
FIXTURE:ufo:mtch:1vh-190,6,6
FIXTURE:ufo:mtch:1vh-1a7,6,6
FIXTURE:ufo:mtch:1vh-1at,6,6
FIXTURE:ufo:mtch:1vh-1b6,6,6
FIXTURE:ufo:mtch:1vh-1io,6,6
FIXTURE:ufo:mtch:1vh-1wt,6,6
FIXTURE:ufo:mtch:1vh-1xd,6,6
FIXTURE:ufo:mtch:1vh-1y9,6,6
FIXTURE:ufo:mtch:1vh-1yz,6,6
FIXTURE:ufo:mtch:1vh-23t,6,6
FIXTURE:ufo:mtch:1vh-2dy,6,6
FIXTURE:ufo:mtch:1vh-2f2,6,6
FIXTURE:ufo:mtch:1vh-2it,6,6
FIXTURE:ufo:mtch:1vh-2qt,6,6
FIXTURE:ufo:mtch:1vh-2w8,6,6
FIXTURE:ufo:mtch:1vh-34b,6,6
FIXTURE:ufo:mtch:1vi-00n,6,6
FIXTURE:ufo:mtch:1vi-00p,6,6
FIXTURE:ufo:mtch:1vi-00w,6,6
FIXTURE:ufo:mtch:1vi-00y,6,6
FIXTURE:ufo:mtch:1vi-022,6,6
FIXTURE:ufo:mtch:1vi-023,6,6
FIXTURE:ufo:mtch:1vi-02h,6,6
FIXTURE:ufo:mtch:1vi-02m,6,6
FIXTURE:ufo:mtch:1vi-02z,6,6
FIXTURE:ufo:mtch:1vi-04q,6,6
FIXTURE:ufo:mtch:1vi-06n,6,6
FIXTURE:ufo:mtch:1vi-07d,6,6
FIXTURE:ufo:mtch:1vi-0jl,6,6
FIXTURE:ufo:mtch:1vi-0jp,6,6
FIXTURE:ufo:mtch:1vi-10c,6,6
FIXTURE:ufo:mtch:1vi-17k,6,6
FIXTURE:ufo:mtch:1vi-17p,6,6
FIXTURE:ufo:mtch:1vi-17v,6,6
FIXTURE:ufo:mtch:1vi-19n,6,6
FIXTURE:ufo:mtch:1vi-1e1,6,6
FIXTURE:ufo:mtch:1vi-1jm,6,6
FIXTURE:ufo:mtch:1vi-1k7,6,6
FIXTURE:ufo:mtch:1vi-1oc,6,6
FIXTURE:ufo:mtch:1vi-1oi,6,6
FIXTURE:ufo:mtch:1vi-1s9,6,6
FIXTURE:ufo:mtch:1vi-1sp,6,6
FIXTURE:ufo:mtch:1vi-23y,6,6
FIXTURE:ufo:mtch:1vi-25f,6,6
FIXTURE:ufo:mtch:1vi-25w,6,6
FIXTURE:ufo:mtch:1vi-26e,6,6
FIXTURE:ufo:mtch:1vi-26r,6,6
FIXTURE:ufo:mtch:1vi-2f9,6,6
FIXTURE:ufo:mtch:1vi-2ge,6,6
FIXTURE:ufo:mtch:1vi-2gk,6,6
FIXTURE:ufo:mtch:1vi-2uj,6,6
FIXTURE:ufo:mtch:1vj-01j,6,6
FIXTURE:ufo:mtch:1vj-01x,6,6
FIXTURE:ufo:mtch:1vj-023,6,6
FIXTURE:ufo:mtch:1vj-02i,6,6
FIXTURE:ufo:mtch:1vj-04d,6,6
FIXTURE:ufo:mtch:1vj-04m,6,6
FIXTURE:ufo:mtch:1vj-08q,6,6
FIXTURE:ufo:mtch:1vj-0a4,6,6
FIXTURE:ufo:mtch:1vj-0ea,6,6
FIXTURE:ufo:mtch:1vj-0en,6,6
FIXTURE:ufo:mtch:1vj-0f8,6,6
FIXTURE:ufo:mtch:1vj-0jn,6,6
FIXTURE:ufo:mtch:1vj-0l3,6,6
FIXTURE:ufo:mtch:1vj-0m4,6,6
FIXTURE:ufo:mtch:1vj-0mq,6,6
FIXTURE:ufo:mtch:1vj-0yp,6,6
FIXTURE:ufo:mtch:1vj-0yx,6,6
FIXTURE:ufo:mtch:1vj-0z2,6,6
FIXTURE:ufo:mtch:1vj-106,6,6
FIXTURE:ufo:mtch:1vj-1f0,6,6
FIXTURE:ufo:mtch:1vj-1ge,6,6
FIXTURE:ufo:mtch:1vj-1id,6,6
FIXTURE:ufo:mtch:1vj-1ov,6,6
FIXTURE:ufo:mtch:1vj-1u5,6,6
FIXTURE:ufo:mtch:1vj-297,6,6
FIXTURE:ufo:mtch:1vj-298,6,6
FIXTURE:ufo:mtch:1vj-2mv,6,6
FIXTURE:ufo:mtch:1vj-2wk,6,6
FIXTURE:ufo:mtch:1vk-011,6,6
FIXTURE:ufo:mtch:1vk-040,6,6
FIXTURE:ufo:mtch:1vk-045,6,6
FIXTURE:ufo:mtch:1vk-06k,6,6
FIXTURE:ufo:mtch:1vk-06m,6,6
FIXTURE:ufo:mtch:1vk-08g,6,6
FIXTURE:ufo:mtch:1vk-08u,6,6
FIXTURE:ufo:mtch:1vk-096,6,6
FIXTURE:ufo:mtch:1vk-0ib,6,6
FIXTURE:ufo:mtch:1vk-0ic,6,6
FIXTURE:ufo:mtch:1vk-0jf,6,6
FIXTURE:ufo:mtch:1vk-0jz,6,6
FIXTURE:ufo:mtch:1vk-0kr,6,6
FIXTURE:ufo:mtch:1vk-0lh,6,6
FIXTURE:ufo:mtch:1vk-0lj,6,6
FIXTURE:ufo:mtch:1vk-0lk,6,6
FIXTURE:ufo:mtch:1vk-0lx,6,6
FIXTURE:ufo:mtch:1vk-0ly,6,6
FIXTURE:ufo:mtch:1vk-0ml,6,6
FIXTURE:ufo:mtch:1vk-0nb,6,6
FIXTURE:ufo:mtch:1vk-0nc,6,6
FIXTURE:ufo:mtch:1vk-0o5,6,6
FIXTURE:ufo:mtch:1vk-0o6,6,6
FIXTURE:ufo:mtch:1vk-0o8,6,6
FIXTURE:ufo:mtch:1vk-0om,6,6
FIXTURE:ufo:mtch:1vk-0pw,6,6
FIXTURE:ufo:mtch:1vk-0qj,6,6
FIXTURE:ufo:mtch:1vk-0ur,6,6
FIXTURE:ufo:mtch:1vk-0xp,6,6
FIXTURE:ufo:mtch:1vk-1r2,6,6
FIXTURE:ufo:mtch:1vk-1x2,6,6
FIXTURE:ufo:mtch:1vk-27t,6,6
FIXTURE:ufo:mtch:1vk-282,6,6
FIXTURE:ufo:mtch:1vk-283,6,6
FIXTURE:ufo:mtch:1vk-2fx,6,6
FIXTURE:ufo:mtch:1vk-2h3,6,6
FIXTURE:ufo:mtch:1vk-2ie,6,6
FIXTURE:ufo:mtch:1vk-2jc,6,6
FIXTURE:ufo:mtch:1vk-2ju,6,6
FIXTURE:ufo:mtch:1vk-2k3,6,6
FIXTURE:ufo:mtch:1vk-2w8,6,6
FIXTURE:ufo:mtch:1vk-3ae,6,6
FIXTURE:ufo:mtch:1vk-3am,6,6
FIXTURE:ufo:mtch:1vk-3hy,6,6
FIXTURE:ufo:mtch:1vl-001,6,6
FIXTURE:ufo:mtch:1vl-013,6,6
FIXTURE:ufo:mtch:1vl-018,6,6
FIXTURE:ufo:mtch:1vl-024,6,6
FIXTURE:ufo:mtch:1vl-028,6,6
FIXTURE:ufo:mtch:1vl-02x,6,6
FIXTURE:ufo:mtch:1vl-058,6,6
FIXTURE:ufo:mtch:1vl-089,6,6
FIXTURE:ufo:mtch:1vl-08d,6,6
FIXTURE:ufo:mtch:1vl-0g0,6,6
FIXTURE:ufo:mtch:1vl-0he,6,6
FIXTURE:ufo:mtch:1vl-0iu,6,6
FIXTURE:ufo:mtch:1vl-0ju,6,6
FIXTURE:ufo:mtch:1vl-0la,6,6
FIXTURE:ufo:mtch:1vl-0lo,6,6
FIXTURE:ufo:mtch:1vl-0my,6,6
FIXTURE:ufo:mtch:1vl-0t4,6,6
FIXTURE:ufo:mtch:1vl-0w4,6,6
FIXTURE:ufo:mtch:1vl-0xg,6,6
FIXTURE:ufo:mtch:1vl-0xo,6,6
FIXTURE:ufo:mtch:1vl-0y0,6,6
FIXTURE:ufo:mtch:1vl-0y1,6,6
FIXTURE:ufo:mtch:1vl-0y9,6,6
FIXTURE:ufo:mtch:1vl-11f,6,6
FIXTURE:ufo:mtch:1vl-11x,6,6
FIXTURE:ufo:mtch:1vl-13j,6,6
FIXTURE:ufo:mtch:1vl-14v,6,6
FIXTURE:ufo:mtch:1vl-1pl,6,6
FIXTURE:ufo:mtch:1vl-212,6,6
FIXTURE:ufo:mtch:1vl-2ba,6,6
FIXTURE:ufo:mtch:1vl-2cz,6,6
FIXTURE:ufo:mtch:1vl-2p6,6,6
FIXTURE:ufo:mtch:1vl-2pd,6,6
FIXTURE:ufo:mtch:1vl-2zz,6,6
FIXTURE:ufo:mtch:1vl-3ej,6,6
FIXTURE:ufo:mtch:1vm-00c,6,6
FIXTURE:ufo:mtch:1vm-01x,6,6
FIXTURE:ufo:mtch:1vm-030,6,6
FIXTURE:ufo:mtch:1vm-03b,6,6
FIXTURE:ufo:mtch:1vm-05l,6,6
FIXTURE:ufo:mtch:1vm-0cm,6,6
FIXTURE:ufo:mtch:1vm-0cu,6,6
FIXTURE:ufo:mtch:1vm-0ek,6,6
FIXTURE:ufo:mtch:1vm-0iq,6,6
FIXTURE:ufo:mtch:1vm-0l5,6,6
FIXTURE:ufo:mtch:1vm-0yh,6,6
FIXTURE:ufo:mtch:1vm-1bx,6,6
FIXTURE:ufo:mtch:1vm-1cy,6,6
FIXTURE:ufo:mtch:1vm-1fb,6,6
FIXTURE:ufo:mtch:1vm-1fl,6,6
FIXTURE:ufo:mtch:1vm-1sl,6,6
FIXTURE:ufo:mtch:1vm-27c,6,6
FIXTURE:ufo:mtch:1vm-27r,6,6
FIXTURE:ufo:mtch:1vm-2l4,6,6
FIXTURE:ufo:mtch:1vm-2o3,6,6
FIXTURE:ufo:mtch:1vm-2o4,6,6
FIXTURE:ufo:mtch:1vm-2o8,6,6
FIXTURE:ufo:mtch:1vm-2og,6,6
FIXTURE:ufo:mtch:1vm-2oq,6,6
FIXTURE:ufo:mtch:1vn-017,6,6
FIXTURE:ufo:mtch:1vo-036,6,6
FIXTURE:ufo:mtch:1vo-05c,6,6
FIXTURE:ufo:mtch:1vp-016,6,6
FIXTURE:ufo:mtch:1vp-01k,6,6
FIXTURE:ufo:mtch:1vp-02o,6,6
FIXTURE:ufo:mtch:1vr-02b,6,6
FIXTURE:ufo:race:1uz-0ys,6,6
FIXTURE:ufo:mtch:1us-00f,5,5
FIXTURE:ufo:mtch:1us-00m,5,5
FIXTURE:ufo:mtch:1us-03v,5,5
FIXTURE:ufo:mtch:1us-04m,5,5
FIXTURE:ufo:mtch:1us-05v,5,5
FIXTURE:ufo:mtch:1us-077,5,5
FIXTURE:ufo:mtch:1us-0a5,5,5
FIXTURE:ufo:mtch:1us-0ct,5,5
FIXTURE:ufo:mtch:1us-0mc,5,5
FIXTURE:ufo:mtch:1us-0r1,5,5
FIXTURE:ufo:mtch:1us-0ul,5,5
FIXTURE:ufo:mtch:1us-1iy,5,5
FIXTURE:ufo:mtch:1us-1k1,5,5
FIXTURE:ufo:mtch:1us-1kc,5,5
FIXTURE:ufo:mtch:1us-1ma,5,5
FIXTURE:ufo:mtch:1us-1mh,5,5
FIXTURE:ufo:mtch:1us-1qf,5,5
FIXTURE:ufo:mtch:1us-23z,5,5
FIXTURE:ufo:mtch:1us-2cd,5,5
FIXTURE:ufo:mtch:1us-2qy,5,5
FIXTURE:ufo:mtch:1us-2r2,5,5
FIXTURE:ufo:mtch:1us-2u3,5,5
FIXTURE:ufo:mtch:1us-3hc,5,5
FIXTURE:ufo:mtch:1ut-00p,5,5
FIXTURE:ufo:mtch:1ut-051,5,5
FIXTURE:ufo:mtch:1ut-05j,5,5
FIXTURE:ufo:mtch:1ut-07q,5,5
FIXTURE:ufo:mtch:1ut-09c,5,5
FIXTURE:ufo:mtch:1ut-0aw,5,5
FIXTURE:ufo:mtch:1ut-0ci,5,5
FIXTURE:ufo:mtch:1ut-0dp,5,5
FIXTURE:ufo:mtch:1ut-0gh,5,5
FIXTURE:ufo:mtch:1ut-0gi,5,5
FIXTURE:ufo:mtch:1ut-0ji,5,5
FIXTURE:ufo:mtch:1ut-0jl,5,5
FIXTURE:ufo:mtch:1ut-0sy,5,5
FIXTURE:ufo:mtch:1ut-19k,5,5
FIXTURE:ufo:mtch:1ut-1fw,5,5
FIXTURE:ufo:mtch:1ut-1g6,5,5
FIXTURE:ufo:mtch:1ut-1ge,5,5
FIXTURE:ufo:mtch:1ut-1gi,5,5
FIXTURE:ufo:mtch:1ut-1gm,5,5
FIXTURE:ufo:mtch:1ut-1he,5,5
FIXTURE:ufo:mtch:1ut-1hh,5,5
FIXTURE:ufo:mtch:1ut-1hz,5,5
FIXTURE:ufo:mtch:1ut-1i3,5,5
FIXTURE:ufo:mtch:1ut-1i8,5,5
FIXTURE:ufo:mtch:1ut-1if,5,5
FIXTURE:ufo:mtch:1ut-1it,5,5
FIXTURE:ufo:mtch:1ut-1j3,5,5
FIXTURE:ufo:mtch:1ut-1nd,5,5
FIXTURE:ufo:mtch:1ut-1xk,5,5
FIXTURE:ufo:mtch:1ut-1xl,5,5
FIXTURE:ufo:mtch:1ut-2a2,5,5
FIXTURE:ufo:mtch:1ut-2ec,5,5
FIXTURE:ufo:mtch:1uu-01t,5,5
FIXTURE:ufo:mtch:1uu-029,5,5
FIXTURE:ufo:mtch:1uu-04r,5,5
FIXTURE:ufo:mtch:1uu-0ah,5,5
FIXTURE:ufo:mtch:1uu-0ai,5,5
FIXTURE:ufo:mtch:1uu-0ax,5,5
FIXTURE:ufo:mtch:1uu-0b2,5,5
FIXTURE:ufo:mtch:1uu-0u6,5,5
FIXTURE:ufo:mtch:1uu-0uc,5,5
FIXTURE:ufo:mtch:1uu-0ul,5,5
FIXTURE:ufo:mtch:1uu-0v8,5,5
FIXTURE:ufo:mtch:1uu-0vt,5,5
FIXTURE:ufo:mtch:1uu-0wa,5,5
FIXTURE:ufo:mtch:1uu-0wc,5,5
FIXTURE:ufo:mtch:1uu-0x1,5,5
FIXTURE:ufo:mtch:1uu-11k,5,5
FIXTURE:ufo:mtch:1uu-180,5,5
FIXTURE:ufo:mtch:1uu-1yr,5,5
FIXTURE:ufo:mtch:1uu-26y,5,5
FIXTURE:ufo:mtch:1uu-28a,5,5
FIXTURE:ufo:mtch:1uv-00t,5,5
FIXTURE:ufo:mtch:1uv-02c,5,5
FIXTURE:ufo:mtch:1uv-03r,5,5
FIXTURE:ufo:mtch:1uv-05r,5,5
FIXTURE:ufo:mtch:1uv-0xr,5,5
FIXTURE:ufo:mtch:1uv-12o,5,5
FIXTURE:ufo:mtch:1uv-13q,5,5
FIXTURE:ufo:mtch:1uv-141,5,5
FIXTURE:ufo:mtch:1uv-147,5,5
FIXTURE:ufo:mtch:1uv-14d,5,5
FIXTURE:ufo:mtch:1uv-1cj,5,5
FIXTURE:ufo:mtch:1uv-1ck,5,5
FIXTURE:ufo:mtch:1uv-1vh,5,5
FIXTURE:ufo:mtch:1uv-22o,5,5
FIXTURE:ufo:mtch:1uv-237,5,5
FIXTURE:ufo:mtch:1uv-2f6,5,5
FIXTURE:ufo:mtch:1uv-2oi,5,5
FIXTURE:ufo:mtch:1uw-00i,5,5
FIXTURE:ufo:mtch:1uw-026,5,5
FIXTURE:ufo:mtch:1uw-03t,5,5
FIXTURE:ufo:mtch:1uw-059,5,5
FIXTURE:ufo:mtch:1uw-0bi,5,5
FIXTURE:ufo:mtch:1uw-0i8,5,5
FIXTURE:ufo:mtch:1uw-0np,5,5
FIXTURE:ufo:mtch:1uw-0ou,5,5
FIXTURE:ufo:mtch:1uw-0pl,5,5
FIXTURE:ufo:mtch:1uw-0xy,5,5
FIXTURE:ufo:mtch:1uw-11o,5,5
FIXTURE:ufo:mtch:1uw-11q,5,5
FIXTURE:ufo:mtch:1uw-18t,5,5
FIXTURE:ufo:mtch:1uw-1a9,5,5
FIXTURE:ufo:mtch:1uw-1aj,5,5
FIXTURE:ufo:mtch:1uw-1b7,5,5
FIXTURE:ufo:mtch:1uw-1b9,5,5
FIXTURE:ufo:mtch:1uw-1t1,5,5
FIXTURE:ufo:mtch:1uw-1w0,5,5
FIXTURE:ufo:mtch:1uw-1wi,5,5
FIXTURE:ufo:mtch:1uw-2b0,5,5
FIXTURE:ufo:mtch:1uw-2lf,5,5
FIXTURE:ufo:mtch:1ux-00g,5,5
FIXTURE:ufo:mtch:1ux-012,5,5
FIXTURE:ufo:mtch:1ux-01h,5,5
FIXTURE:ufo:mtch:1ux-06t,5,5
FIXTURE:ufo:mtch:1ux-071,5,5
FIXTURE:ufo:mtch:1ux-0fs,5,5
FIXTURE:ufo:mtch:1ux-0ft,5,5
FIXTURE:ufo:mtch:1ux-0kq,5,5
FIXTURE:ufo:mtch:1ux-0uk,5,5
FIXTURE:ufo:mtch:1ux-0zh,5,5
FIXTURE:ufo:mtch:1ux-130,5,5
FIXTURE:ufo:mtch:1ux-17t,5,5
FIXTURE:ufo:mtch:1ux-18v,5,5
FIXTURE:ufo:mtch:1ux-1ck,5,5
FIXTURE:ufo:mtch:1ux-1gu,5,5
FIXTURE:ufo:mtch:1ux-27a,5,5
FIXTURE:ufo:mtch:1ux-2ml,5,5
FIXTURE:ufo:mtch:1ux-2p5,5,5
FIXTURE:ufo:mtch:1uy-02b,5,5
FIXTURE:ufo:mtch:1uy-02x,5,5
FIXTURE:ufo:mtch:1uy-034,5,5
FIXTURE:ufo:mtch:1uy-04l,5,5
FIXTURE:ufo:mtch:1uy-055,5,5
FIXTURE:ufo:mtch:1uy-05g,5,5
FIXTURE:ufo:mtch:1uy-064,5,5
FIXTURE:ufo:mtch:1uy-07c,5,5
FIXTURE:ufo:mtch:1uy-07q,5,5
FIXTURE:ufo:mtch:1uy-07z,5,5
FIXTURE:ufo:mtch:1uy-08o,5,5
FIXTURE:ufo:mtch:1uy-09k,5,5
FIXTURE:ufo:mtch:1uy-0a2,5,5
FIXTURE:ufo:mtch:1uy-0j9,5,5
FIXTURE:ufo:mtch:1uy-0pa,5,5
FIXTURE:ufo:mtch:1uy-0ww,5,5
FIXTURE:ufo:mtch:1uy-11w,5,5
FIXTURE:ufo:mtch:1uy-13k,5,5
FIXTURE:ufo:mtch:1uy-143,5,5
FIXTURE:ufo:mtch:1uy-1dc,5,5
FIXTURE:ufo:mtch:1uy-1i8,5,5
FIXTURE:ufo:mtch:1uy-1k8,5,5
FIXTURE:ufo:mtch:1uy-1lj,5,5
FIXTURE:ufo:mtch:1uy-1mx,5,5
FIXTURE:ufo:mtch:1uy-1n4,5,5
FIXTURE:ufo:mtch:1uy-1nk,5,5
FIXTURE:ufo:mtch:1uy-1pk,5,5
FIXTURE:ufo:mtch:1uy-1xl,5,5
FIXTURE:ufo:mtch:1uy-24n,5,5
FIXTURE:ufo:mtch:1uy-26z,5,5
FIXTURE:ufo:mtch:1uy-279,5,5
FIXTURE:ufo:mtch:1uy-27d,5,5
FIXTURE:ufo:mtch:1uy-28r,5,5
FIXTURE:ufo:mtch:1uy-2bl,5,5
FIXTURE:ufo:mtch:1uy-2bn,5,5
FIXTURE:ufo:mtch:1uy-2ed,5,5
FIXTURE:ufo:mtch:1uy-2ek,5,5
FIXTURE:ufo:mtch:1uy-2fy,5,5
FIXTURE:ufo:mtch:1uy-2gq,5,5
FIXTURE:ufo:mtch:1uy-2q1,5,5
FIXTURE:ufo:mtch:1uz-02j,5,5
FIXTURE:ufo:mtch:1uz-04f,5,5
FIXTURE:ufo:mtch:1uz-04k,5,5
FIXTURE:ufo:mtch:1uz-04p,5,5
FIXTURE:ufo:mtch:1uz-07v,5,5
FIXTURE:ufo:mtch:1uz-091,5,5
FIXTURE:ufo:mtch:1uz-095,5,5
FIXTURE:ufo:mtch:1uz-0ab,5,5
FIXTURE:ufo:mtch:1uz-0al,5,5
FIXTURE:ufo:mtch:1uz-0eq,5,5
FIXTURE:ufo:mtch:1uz-0f4,5,5
FIXTURE:ufo:mtch:1uz-0mn,5,5
FIXTURE:ufo:mtch:1uz-0q9,5,5
FIXTURE:ufo:mtch:1uz-0re,5,5
FIXTURE:ufo:mtch:1uz-0ud,5,5
FIXTURE:ufo:mtch:1uz-0w2,5,5
FIXTURE:ufo:mtch:1uz-0w5,5,5
FIXTURE:ufo:mtch:1uz-0xj,5,5
FIXTURE:ufo:mtch:1uz-0yg,5,5
FIXTURE:ufo:mtch:1uz-0zk,5,5
FIXTURE:ufo:mtch:1uz-1bv,5,5
FIXTURE:ufo:mtch:1uz-1is,5,5
FIXTURE:ufo:mtch:1uz-21a,5,5
FIXTURE:ufo:mtch:1uz-21f,5,5
FIXTURE:ufo:mtch:1uz-234,5,5
FIXTURE:ufo:mtch:1uz-23i,5,5
FIXTURE:ufo:mtch:1uz-25p,5,5
FIXTURE:ufo:mtch:1uz-28a,5,5
FIXTURE:ufo:mtch:1uz-28w,5,5
FIXTURE:ufo:mtch:1uz-295,5,5
FIXTURE:ufo:mtch:1uz-29p,5,5
FIXTURE:ufo:mtch:1uz-2ae,5,5
FIXTURE:ufo:mtch:1uz-2aj,5,5
FIXTURE:ufo:mtch:1uz-2cg,5,5
FIXTURE:ufo:mtch:1uz-2d0,5,5
FIXTURE:ufo:mtch:1uz-2de,5,5
FIXTURE:ufo:mtch:1uz-2ei,5,5
FIXTURE:ufo:mtch:1uz-2fy,5,5
FIXTURE:ufo:mtch:1uz-2j9,5,5
FIXTURE:ufo:mtch:1uz-2w4,5,5
FIXTURE:ufo:mtch:1uz-37d,5,5
FIXTURE:ufo:mtch:1v0-012,5,5
FIXTURE:ufo:mtch:1v0-013,5,5
FIXTURE:ufo:mtch:1v0-01f,5,5
FIXTURE:ufo:mtch:1v0-02e,5,5
FIXTURE:ufo:mtch:1v0-02h,5,5
FIXTURE:ufo:mtch:1v0-02m,5,5
FIXTURE:ufo:mtch:1v0-03d,5,5
FIXTURE:ufo:mtch:1v0-08n,5,5
FIXTURE:ufo:mtch:1v0-0e5,5,5
FIXTURE:ufo:mtch:1v0-0ha,5,5
FIXTURE:ufo:mtch:1v0-0j4,5,5
FIXTURE:ufo:mtch:1v0-0p0,5,5
FIXTURE:ufo:mtch:1v0-0r2,5,5
FIXTURE:ufo:mtch:1v0-164,5,5
FIXTURE:ufo:mtch:1v0-16g,5,5
FIXTURE:ufo:mtch:1v0-18q,5,5
FIXTURE:ufo:mtch:1v0-1bn,5,5
FIXTURE:ufo:mtch:1v0-1gu,5,5
FIXTURE:ufo:mtch:1v0-1ie,5,5
FIXTURE:ufo:mtch:1v0-1is,5,5
FIXTURE:ufo:mtch:1v0-1kf,5,5
FIXTURE:ufo:mtch:1v0-1xa,5,5
FIXTURE:ufo:mtch:1v0-1xf,5,5
FIXTURE:ufo:mtch:1v0-226,5,5
FIXTURE:ufo:mtch:1v0-28q,5,5
FIXTURE:ufo:mtch:1v0-2c1,5,5
FIXTURE:ufo:mtch:1v0-2dl,5,5
FIXTURE:ufo:mtch:1v1-00a,5,5
FIXTURE:ufo:mtch:1v1-02s,5,5
FIXTURE:ufo:mtch:1v1-03e,5,5
FIXTURE:ufo:mtch:1v1-03f,5,5
FIXTURE:ufo:mtch:1v1-09h,5,5
FIXTURE:ufo:mtch:1v1-0w2,5,5
FIXTURE:ufo:mtch:1v1-11f,5,5
FIXTURE:ufo:mtch:1v1-11w,5,5
FIXTURE:ufo:mtch:1v1-13h,5,5
FIXTURE:ufo:mtch:1v1-18z,5,5
FIXTURE:ufo:mtch:1v1-1hm,5,5
FIXTURE:ufo:mtch:1v1-1k9,5,5
FIXTURE:ufo:mtch:1v1-1lc,5,5
FIXTURE:ufo:mtch:1v1-1r5,5,5
FIXTURE:ufo:mtch:1v1-243,5,5
FIXTURE:ufo:mtch:1v1-2e9,5,5
FIXTURE:ufo:mtch:1v2-06n,5,5
FIXTURE:ufo:mtch:1v2-070,5,5
FIXTURE:ufo:mtch:1v2-0bz,5,5
FIXTURE:ufo:mtch:1v2-0ec,5,5
FIXTURE:ufo:mtch:1v2-0k5,5,5
FIXTURE:ufo:mtch:1v2-0mo,5,5
FIXTURE:ufo:mtch:1v2-0n0,5,5
FIXTURE:ufo:mtch:1v2-0r8,5,5
FIXTURE:ufo:mtch:1v2-0ta,5,5
FIXTURE:ufo:mtch:1v2-0z4,5,5
FIXTURE:ufo:mtch:1v2-127,5,5
FIXTURE:ufo:mtch:1v2-137,5,5
FIXTURE:ufo:mtch:1v2-13q,5,5
FIXTURE:ufo:mtch:1v2-140,5,5
FIXTURE:ufo:mtch:1v2-14d,5,5
FIXTURE:ufo:mtch:1v2-14n,5,5
FIXTURE:ufo:mtch:1v2-1ae,5,5
FIXTURE:ufo:mtch:1v2-1eg,5,5
FIXTURE:ufo:mtch:1v2-1qe,5,5
FIXTURE:ufo:mtch:1v2-250,5,5
FIXTURE:ufo:mtch:1v2-256,5,5
FIXTURE:ufo:mtch:1v2-25y,5,5
FIXTURE:ufo:mtch:1v2-2cf,5,5
FIXTURE:ufo:mtch:1v2-2d8,5,5
FIXTURE:ufo:mtch:1v3-01a,5,5
FIXTURE:ufo:mtch:1v3-02a,5,5
FIXTURE:ufo:mtch:1v3-02d,5,5
FIXTURE:ufo:mtch:1v3-03g,5,5
FIXTURE:ufo:mtch:1v3-04y,5,5
FIXTURE:ufo:mtch:1v3-05u,5,5
FIXTURE:ufo:mtch:1v3-0a0,5,5
FIXTURE:ufo:mtch:1v3-0a2,5,5
FIXTURE:ufo:mtch:1v3-0al,5,5
FIXTURE:ufo:mtch:1v3-0ay,5,5
FIXTURE:ufo:mtch:1v3-0bq,5,5
FIXTURE:ufo:mtch:1v3-0fw,5,5
FIXTURE:ufo:mtch:1v3-0i1,5,5
FIXTURE:ufo:mtch:1v3-0ni,5,5
FIXTURE:ufo:mtch:1v3-0ob,5,5
FIXTURE:ufo:mtch:1v3-0q2,5,5
FIXTURE:ufo:mtch:1v3-0q7,5,5
FIXTURE:ufo:mtch:1v3-0u0,5,5
FIXTURE:ufo:mtch:1v3-1n6,5,5
FIXTURE:ufo:mtch:1v3-1ni,5,5
FIXTURE:ufo:mtch:1v3-1nk,5,5
FIXTURE:ufo:mtch:1v3-1u2,5,5
FIXTURE:ufo:mtch:1v3-25t,5,5
FIXTURE:ufo:mtch:1v3-26s,5,5
FIXTURE:ufo:mtch:1v3-27l,5,5
FIXTURE:ufo:mtch:1v3-2nl,5,5
FIXTURE:ufo:mtch:1v4-00l,5,5
FIXTURE:ufo:mtch:1v4-020,5,5
FIXTURE:ufo:mtch:1v4-06v,5,5
FIXTURE:ufo:mtch:1v4-0bt,5,5
FIXTURE:ufo:mtch:1v4-0oi,5,5
FIXTURE:ufo:mtch:1v4-0op,5,5
FIXTURE:ufo:mtch:1v4-0p4,5,5
FIXTURE:ufo:mtch:1v4-0ro,5,5
FIXTURE:ufo:mtch:1v4-0ux,5,5
FIXTURE:ufo:mtch:1v4-1nd,5,5
FIXTURE:ufo:mtch:1v4-2az,5,5
FIXTURE:ufo:mtch:1v4-2b5,5,5
FIXTURE:ufo:mtch:1v4-2e7,5,5
FIXTURE:ufo:mtch:1v4-2no,5,5
FIXTURE:ufo:mtch:1v5-01j,5,5
FIXTURE:ufo:mtch:1v5-021,5,5
FIXTURE:ufo:mtch:1v5-02r,5,5
FIXTURE:ufo:mtch:1v5-03p,5,5
FIXTURE:ufo:mtch:1v5-06i,5,5
FIXTURE:ufo:mtch:1v5-07d,5,5
FIXTURE:ufo:mtch:1v5-0ak,5,5
FIXTURE:ufo:mtch:1v5-0c8,5,5
FIXTURE:ufo:mtch:1v5-0cs,5,5
FIXTURE:ufo:mtch:1v5-0d5,5,5
FIXTURE:ufo:mtch:1v5-0dk,5,5
FIXTURE:ufo:mtch:1v5-0kh,5,5
FIXTURE:ufo:mtch:1v5-0ki,5,5
FIXTURE:ufo:mtch:1v5-0wt,5,5
FIXTURE:ufo:mtch:1v5-0xt,5,5
FIXTURE:ufo:mtch:1v5-0yb,5,5
FIXTURE:ufo:mtch:1v5-0zq,5,5
FIXTURE:ufo:mtch:1v5-0zt,5,5
FIXTURE:ufo:mtch:1v5-10l,5,5
FIXTURE:ufo:mtch:1v5-1cc,5,5
FIXTURE:ufo:mtch:1v5-1cj,5,5
FIXTURE:ufo:mtch:1v5-1rs,5,5
FIXTURE:ufo:mtch:1v5-1sd,5,5
FIXTURE:ufo:mtch:1v5-1uo,5,5
FIXTURE:ufo:mtch:1v5-281,5,5
FIXTURE:ufo:mtch:1v5-2c2,5,5
FIXTURE:ufo:mtch:1v5-2ce,5,5
FIXTURE:ufo:mtch:1v5-2fp,5,5
FIXTURE:ufo:mtch:1v5-2j9,5,5
FIXTURE:ufo:mtch:1v5-2sw,5,5
FIXTURE:ufo:mtch:1v5-2t5,5,5
FIXTURE:ufo:mtch:1v6-02q,5,5
FIXTURE:ufo:mtch:1v6-034,5,5
FIXTURE:ufo:mtch:1v6-036,5,5
FIXTURE:ufo:mtch:1v6-042,5,5
FIXTURE:ufo:mtch:1v6-05b,5,5
FIXTURE:ufo:mtch:1v6-05j,5,5
FIXTURE:ufo:mtch:1v6-07v,5,5
FIXTURE:ufo:mtch:1v6-08d,5,5
FIXTURE:ufo:mtch:1v6-0f4,5,5
FIXTURE:ufo:mtch:1v6-0io,5,5
FIXTURE:ufo:mtch:1v6-0kk,5,5
FIXTURE:ufo:mtch:1v6-0pu,5,5
FIXTURE:ufo:mtch:1v6-0td,5,5
FIXTURE:ufo:mtch:1v6-0vh,5,5
FIXTURE:ufo:mtch:1v6-1eh,5,5
FIXTURE:ufo:mtch:1v6-1kh,5,5
FIXTURE:ufo:mtch:1v6-1mp,5,5
FIXTURE:ufo:mtch:1v6-1o6,5,5
FIXTURE:ufo:mtch:1v6-2g7,5,5
FIXTURE:ufo:mtch:1v6-2gi,5,5
FIXTURE:ufo:mtch:1v6-32d,5,5
FIXTURE:ufo:mtch:1v6-346,5,5
FIXTURE:ufo:mtch:1v6-34h,5,5
FIXTURE:ufo:mtch:1v7-02o,5,5
FIXTURE:ufo:mtch:1v7-02t,5,5
FIXTURE:ufo:mtch:1v7-03n,5,5
FIXTURE:ufo:mtch:1v7-04g,5,5
FIXTURE:ufo:mtch:1v7-056,5,5
FIXTURE:ufo:mtch:1v7-065,5,5
FIXTURE:ufo:mtch:1v7-06w,5,5
FIXTURE:ufo:mtch:1v7-06y,5,5
FIXTURE:ufo:mtch:1v7-09o,5,5
FIXTURE:ufo:mtch:1v7-0a0,5,5
FIXTURE:ufo:mtch:1v7-0ai,5,5
FIXTURE:ufo:mtch:1v7-0c6,5,5
FIXTURE:ufo:mtch:1v7-0ez,5,5
FIXTURE:ufo:mtch:1v7-0go,5,5
FIXTURE:ufo:mtch:1v7-0jt,5,5
FIXTURE:ufo:mtch:1v7-0lq,5,5
FIXTURE:ufo:mtch:1v7-0lr,5,5
FIXTURE:ufo:mtch:1v7-0qq,5,5
FIXTURE:ufo:mtch:1v7-0rz,5,5
FIXTURE:ufo:mtch:1v7-110,5,5
FIXTURE:ufo:mtch:1v7-1hh,5,5
FIXTURE:ufo:mtch:1v7-1iq,5,5
FIXTURE:ufo:mtch:1v7-1j9,5,5
FIXTURE:ufo:mtch:1v7-1lh,5,5
FIXTURE:ufo:mtch:1v7-1pv,5,5
FIXTURE:ufo:mtch:1v7-246,5,5
FIXTURE:ufo:mtch:1v7-2q1,5,5
FIXTURE:ufo:mtch:1v7-2rp,5,5
FIXTURE:ufo:mtch:1v8-000,5,5
FIXTURE:ufo:mtch:1v8-00q,5,5
FIXTURE:ufo:mtch:1v8-017,5,5
FIXTURE:ufo:mtch:1v8-01i,5,5
FIXTURE:ufo:mtch:1v8-01j,5,5
FIXTURE:ufo:mtch:1v8-01s,5,5
FIXTURE:ufo:mtch:1v8-04w,5,5
FIXTURE:ufo:mtch:1v8-0fm,5,5
FIXTURE:ufo:mtch:1v8-0fx,5,5
FIXTURE:ufo:mtch:1v8-0fy,5,5
FIXTURE:ufo:mtch:1v8-0g0,5,5
FIXTURE:ufo:mtch:1v8-0gb,5,5
FIXTURE:ufo:mtch:1v8-0gg,5,5
FIXTURE:ufo:mtch:1v8-0gp,5,5
FIXTURE:ufo:mtch:1v8-0mn,5,5
FIXTURE:ufo:mtch:1v8-0nq,5,5
FIXTURE:ufo:mtch:1v8-0nt,5,5
FIXTURE:ufo:mtch:1v8-0nu,5,5
FIXTURE:ufo:mtch:1v8-0vb,5,5
FIXTURE:ufo:mtch:1v8-0wd,5,5
FIXTURE:ufo:mtch:1v8-0wp,5,5
FIXTURE:ufo:mtch:1v8-0ww,5,5
FIXTURE:ufo:mtch:1v8-0wx,5,5
FIXTURE:ufo:mtch:1v8-0x8,5,5
FIXTURE:ufo:mtch:1v8-0yq,5,5
FIXTURE:ufo:mtch:1v8-0yz,5,5
FIXTURE:ufo:mtch:1v8-1et,5,5
FIXTURE:ufo:mtch:1v8-1h0,5,5
FIXTURE:ufo:mtch:1v8-1h3,5,5
FIXTURE:ufo:mtch:1v8-259,5,5
FIXTURE:ufo:mtch:1v8-2cq,5,5
FIXTURE:ufo:mtch:1v8-2en,5,5
FIXTURE:ufo:mtch:1v8-2es,5,5
FIXTURE:ufo:mtch:1v8-2gs,5,5
FIXTURE:ufo:mtch:1v8-2gt,5,5
FIXTURE:ufo:mtch:1v8-2o4,5,5
FIXTURE:ufo:mtch:1v9-01q,5,5
FIXTURE:ufo:mtch:1v9-02y,5,5
FIXTURE:ufo:mtch:1v9-02z,5,5
FIXTURE:ufo:mtch:1v9-0e0,5,5
FIXTURE:ufo:mtch:1v9-0fa,5,5
FIXTURE:ufo:mtch:1v9-0gs,5,5
FIXTURE:ufo:mtch:1v9-0gy,5,5
FIXTURE:ufo:mtch:1v9-0h2,5,5
FIXTURE:ufo:mtch:1v9-0j1,5,5
FIXTURE:ufo:mtch:1v9-0jc,5,5
FIXTURE:ufo:mtch:1v9-0kl,5,5
FIXTURE:ufo:mtch:1v9-0kq,5,5
FIXTURE:ufo:mtch:1v9-0lj,5,5
FIXTURE:ufo:mtch:1v9-11q,5,5
FIXTURE:ufo:mtch:1v9-12j,5,5
FIXTURE:ufo:mtch:1v9-132,5,5
FIXTURE:ufo:mtch:1v9-13a,5,5
FIXTURE:ufo:mtch:1v9-149,5,5
FIXTURE:ufo:mtch:1v9-16b,5,5
FIXTURE:ufo:mtch:1v9-1pr,5,5
FIXTURE:ufo:mtch:1v9-1rn,5,5
FIXTURE:ufo:mtch:1v9-1sb,5,5
FIXTURE:ufo:mtch:1v9-1u2,5,5
FIXTURE:ufo:mtch:1v9-28f,5,5
FIXTURE:ufo:mtch:1v9-28k,5,5
FIXTURE:ufo:mtch:1v9-28o,5,5
FIXTURE:ufo:mtch:1v9-2ct,5,5
FIXTURE:ufo:mtch:1v9-2er,5,5
FIXTURE:ufo:mtch:1v9-2ip,5,5
FIXTURE:ufo:mtch:1v9-2ue,5,5
FIXTURE:ufo:mtch:1va-0g3,5,5
FIXTURE:ufo:mtch:1va-0i1,5,5
FIXTURE:ufo:mtch:1va-0id,5,5
FIXTURE:ufo:mtch:1va-0t3,5,5
FIXTURE:ufo:mtch:1va-0uh,5,5
FIXTURE:ufo:mtch:1va-0va,5,5
FIXTURE:ufo:mtch:1va-11e,5,5
FIXTURE:ufo:mtch:1va-13u,5,5
FIXTURE:ufo:mtch:1va-196,5,5
FIXTURE:ufo:mtch:1va-1ef,5,5
FIXTURE:ufo:mtch:1va-1ep,5,5
FIXTURE:ufo:mtch:1va-1p8,5,5
FIXTURE:ufo:mtch:1va-2d9,5,5
FIXTURE:ufo:mtch:1va-2h5,5,5
FIXTURE:ufo:mtch:1vb-01e,5,5
FIXTURE:ufo:mtch:1vb-02g,5,5
FIXTURE:ufo:mtch:1vb-0k6,5,5
FIXTURE:ufo:mtch:1vb-13o,5,5
FIXTURE:ufo:mtch:1vb-17p,5,5
FIXTURE:ufo:mtch:1vb-195,5,5
FIXTURE:ufo:mtch:1vb-1kb,5,5
FIXTURE:ufo:mtch:1vb-1kp,5,5
FIXTURE:ufo:mtch:1vb-1lh,5,5
FIXTURE:ufo:mtch:1vb-1nd,5,5
FIXTURE:ufo:mtch:1vb-1q5,5,5
FIXTURE:ufo:mtch:1vb-2e1,5,5
FIXTURE:ufo:mtch:1vb-2lj,5,5
FIXTURE:ufo:mtch:1vb-2qr,5,5
FIXTURE:ufo:mtch:1vc-04p,5,5
FIXTURE:ufo:mtch:1vc-063,5,5
FIXTURE:ufo:mtch:1vc-09g,5,5
FIXTURE:ufo:mtch:1vc-0a6,5,5
FIXTURE:ufo:mtch:1vc-0bx,5,5
FIXTURE:ufo:mtch:1vc-0ci,5,5
FIXTURE:ufo:mtch:1vc-0el,5,5
FIXTURE:ufo:mtch:1vc-0kb,5,5
FIXTURE:ufo:mtch:1vc-0lq,5,5
FIXTURE:ufo:mtch:1vc-0nn,5,5
FIXTURE:ufo:mtch:1vc-0ns,5,5
FIXTURE:ufo:mtch:1vc-0rl,5,5
FIXTURE:ufo:mtch:1vc-185,5,5
FIXTURE:ufo:mtch:1vc-1da,5,5
FIXTURE:ufo:mtch:1vc-1dl,5,5
FIXTURE:ufo:mtch:1vc-1it,5,5
FIXTURE:ufo:mtch:1vc-1y3,5,5
FIXTURE:ufo:mtch:1vc-1y8,5,5
FIXTURE:ufo:mtch:1vc-1z5,5,5
FIXTURE:ufo:mtch:1vc-29o,5,5
FIXTURE:ufo:mtch:1vc-2m3,5,5
FIXTURE:ufo:mtch:1vd-034,5,5
FIXTURE:ufo:mtch:1vd-03x,5,5
FIXTURE:ufo:mtch:1vd-03y,5,5
FIXTURE:ufo:mtch:1vd-04h,5,5
FIXTURE:ufo:mtch:1vd-04y,5,5
FIXTURE:ufo:mtch:1vd-050,5,5
FIXTURE:ufo:mtch:1vd-053,5,5
FIXTURE:ufo:mtch:1vd-05l,5,5
FIXTURE:ufo:mtch:1vd-07g,5,5
FIXTURE:ufo:mtch:1vd-07x,5,5
FIXTURE:ufo:mtch:1vd-087,5,5
FIXTURE:ufo:mtch:1vd-08y,5,5
FIXTURE:ufo:mtch:1vd-0a4,5,5
FIXTURE:ufo:mtch:1vd-0a9,5,5
FIXTURE:ufo:mtch:1vd-0b0,5,5
FIXTURE:ufo:mtch:1vd-0b8,5,5
FIXTURE:ufo:mtch:1vd-0bc,5,5
FIXTURE:ufo:mtch:1vd-0bj,5,5
FIXTURE:ufo:mtch:1vd-0d6,5,5
FIXTURE:ufo:mtch:1vd-0g3,5,5
FIXTURE:ufo:mtch:1vd-0jt,5,5
FIXTURE:ufo:mtch:1vd-0lm,5,5
FIXTURE:ufo:mtch:1vd-0lw,5,5
FIXTURE:ufo:mtch:1vd-0mw,5,5
FIXTURE:ufo:mtch:1vd-0qv,5,5
FIXTURE:ufo:mtch:1vd-0ti,5,5
FIXTURE:ufo:mtch:1vd-0u8,5,5
FIXTURE:ufo:mtch:1vd-0wx,5,5
FIXTURE:ufo:mtch:1vd-0x0,5,5
FIXTURE:ufo:mtch:1vd-0zg,5,5
FIXTURE:ufo:mtch:1vd-10p,5,5
FIXTURE:ufo:mtch:1vd-10u,5,5
FIXTURE:ufo:mtch:1vd-166,5,5
FIXTURE:ufo:mtch:1vd-1ty,5,5
FIXTURE:ufo:mtch:1vd-261,5,5
FIXTURE:ufo:mtch:1vd-29j,5,5
FIXTURE:ufo:mtch:1vd-2if,5,5
FIXTURE:ufo:mtch:1vd-2jx,5,5
FIXTURE:ufo:mtch:1vd-2mb,5,5
FIXTURE:ufo:mtch:1vd-2me,5,5
FIXTURE:ufo:mtch:1vd-31k,5,5
FIXTURE:ufo:mtch:1vd-3a5,5,5
FIXTURE:ufo:mtch:1ve-04g,5,5
FIXTURE:ufo:mtch:1ve-070,5,5
FIXTURE:ufo:mtch:1ve-07c,5,5
FIXTURE:ufo:mtch:1ve-081,5,5
FIXTURE:ufo:mtch:1ve-0ba,5,5
FIXTURE:ufo:mtch:1ve-0bv,5,5
FIXTURE:ufo:mtch:1ve-0eb,5,5
FIXTURE:ufo:mtch:1ve-0nf,5,5
FIXTURE:ufo:mtch:1ve-0ra,5,5
FIXTURE:ufo:mtch:1ve-0vt,5,5
FIXTURE:ufo:mtch:1ve-13y,5,5
FIXTURE:ufo:mtch:1ve-1e0,5,5
FIXTURE:ufo:mtch:1ve-1ei,5,5
FIXTURE:ufo:mtch:1ve-24y,5,5
FIXTURE:ufo:mtch:1ve-2f0,5,5
FIXTURE:ufo:mtch:1ve-2k8,5,5
FIXTURE:ufo:mtch:1ve-2ka,5,5
FIXTURE:ufo:mtch:1ve-2kd,5,5
FIXTURE:ufo:mtch:1vf-002,5,5
FIXTURE:ufo:mtch:1vf-00e,5,5
FIXTURE:ufo:mtch:1vf-00i,5,5
FIXTURE:ufo:mtch:1vf-00p,5,5
FIXTURE:ufo:mtch:1vf-05b,5,5
FIXTURE:ufo:mtch:1vf-068,5,5
FIXTURE:ufo:mtch:1vf-08a,5,5
FIXTURE:ufo:mtch:1vf-0eq,5,5
FIXTURE:ufo:mtch:1vf-0ex,5,5
FIXTURE:ufo:mtch:1vf-0f4,5,5
FIXTURE:ufo:mtch:1vf-0fn,5,5
FIXTURE:ufo:mtch:1vf-0mr,5,5
FIXTURE:ufo:mtch:1vf-180,5,5
FIXTURE:ufo:mtch:1vf-1al,5,5
FIXTURE:ufo:mtch:1vf-1be,5,5
FIXTURE:ufo:mtch:1vf-1bi,5,5
FIXTURE:ufo:mtch:1vf-1c9,5,5
FIXTURE:ufo:mtch:1vf-1cn,5,5
FIXTURE:ufo:mtch:1vf-1lj,5,5
FIXTURE:ufo:mtch:1vf-1oc,5,5
FIXTURE:ufo:mtch:1vf-1oz,5,5
FIXTURE:ufo:mtch:1vf-1pn,5,5
FIXTURE:ufo:mtch:1vf-1po,5,5
FIXTURE:ufo:mtch:1vf-201,5,5
FIXTURE:ufo:mtch:1vf-20q,5,5
FIXTURE:ufo:mtch:1vf-21a,5,5
FIXTURE:ufo:mtch:1vf-25j,5,5
FIXTURE:ufo:mtch:1vf-2ee,5,5
FIXTURE:ufo:mtch:1vf-2mn,5,5
FIXTURE:ufo:mtch:1vg-00z,5,5
FIXTURE:ufo:mtch:1vg-03z,5,5
FIXTURE:ufo:mtch:1vg-042,5,5
FIXTURE:ufo:mtch:1vg-05p,5,5
FIXTURE:ufo:mtch:1vg-05r,5,5
FIXTURE:ufo:mtch:1vg-0bz,5,5
FIXTURE:ufo:mtch:1vg-0sw,5,5
FIXTURE:ufo:mtch:1vg-0tp,5,5
FIXTURE:ufo:mtch:1vg-11a,5,5
FIXTURE:ufo:mtch:1vg-17c,5,5
FIXTURE:ufo:mtch:1vg-1cz,5,5
FIXTURE:ufo:mtch:1vg-1gq,5,5
FIXTURE:ufo:mtch:1vg-1oq,5,5
FIXTURE:ufo:mtch:1vg-1or,5,5
FIXTURE:ufo:mtch:1vg-1t9,5,5
FIXTURE:ufo:mtch:1vg-1wf,5,5
FIXTURE:ufo:mtch:1vg-22p,5,5
FIXTURE:ufo:mtch:1vg-2bj,5,5
FIXTURE:ufo:mtch:1vg-2br,5,5
FIXTURE:ufo:mtch:1vg-2n5,5,5
FIXTURE:ufo:mtch:1vh-00k,5,5
FIXTURE:ufo:mtch:1vh-00m,5,5
FIXTURE:ufo:mtch:1vh-01o,5,5
FIXTURE:ufo:mtch:1vh-04k,5,5
FIXTURE:ufo:mtch:1vh-04x,5,5
FIXTURE:ufo:mtch:1vh-05d,5,5
FIXTURE:ufo:mtch:1vh-0e3,5,5
FIXTURE:ufo:mtch:1vh-0fu,5,5
FIXTURE:ufo:mtch:1vh-0ln,5,5
FIXTURE:ufo:mtch:1vh-0mb,5,5
FIXTURE:ufo:mtch:1vh-0qt,5,5
FIXTURE:ufo:mtch:1vh-0s9,5,5
FIXTURE:ufo:mtch:1vh-1fm,5,5
FIXTURE:ufo:mtch:1vh-1fo,5,5
FIXTURE:ufo:mtch:1vh-1g5,5,5
FIXTURE:ufo:mtch:1vh-1ic,5,5
FIXTURE:ufo:mtch:1vh-1ie,5,5
FIXTURE:ufo:mtch:1vh-1tn,5,5
FIXTURE:ufo:mtch:1vh-1xc,5,5
FIXTURE:ufo:mtch:1vh-1zp,5,5
FIXTURE:ufo:mtch:1vh-21e,5,5
FIXTURE:ufo:mtch:1vh-29r,5,5
FIXTURE:ufo:mtch:1vh-2a0,5,5
FIXTURE:ufo:mtch:1vh-2bi,5,5
FIXTURE:ufo:mtch:1vh-2f7,5,5
FIXTURE:ufo:mtch:1vh-2fz,5,5
FIXTURE:ufo:mtch:1vh-2of,5,5
FIXTURE:ufo:mtch:1vi-006,5,5
FIXTURE:ufo:mtch:1vi-00t,5,5
FIXTURE:ufo:mtch:1vi-01f,5,5
FIXTURE:ufo:mtch:1vi-032,5,5
FIXTURE:ufo:mtch:1vi-046,5,5
FIXTURE:ufo:mtch:1vi-06q,5,5
FIXTURE:ufo:mtch:1vi-083,5,5
FIXTURE:ufo:mtch:1vi-08o,5,5
FIXTURE:ufo:mtch:1vi-08w,5,5
FIXTURE:ufo:mtch:1vi-090,5,5
FIXTURE:ufo:mtch:1vi-0de,5,5
FIXTURE:ufo:mtch:1vi-0vn,5,5
FIXTURE:ufo:mtch:1vi-137,5,5
FIXTURE:ufo:mtch:1vi-13d,5,5
FIXTURE:ufo:mtch:1vi-16o,5,5
FIXTURE:ufo:mtch:1vi-16v,5,5
FIXTURE:ufo:mtch:1vi-19w,5,5
FIXTURE:ufo:mtch:1vi-1cf,5,5
FIXTURE:ufo:mtch:1vi-1jn,5,5
FIXTURE:ufo:mtch:1vi-1k4,5,5
FIXTURE:ufo:mtch:1vi-1kp,5,5
FIXTURE:ufo:mtch:1vi-1li,5,5
FIXTURE:ufo:mtch:1vi-1nn,5,5
FIXTURE:ufo:mtch:1vi-1py,5,5
FIXTURE:ufo:mtch:1vi-1yp,5,5
FIXTURE:ufo:mtch:1vi-2dy,5,5
FIXTURE:ufo:mtch:1vi-2dz,5,5
FIXTURE:ufo:mtch:1vj-00k,5,5
FIXTURE:ufo:mtch:1vj-01y,5,5
FIXTURE:ufo:mtch:1vj-026,5,5
FIXTURE:ufo:mtch:1vj-04y,5,5
FIXTURE:ufo:mtch:1vj-06r,5,5
FIXTURE:ufo:mtch:1vj-072,5,5
FIXTURE:ufo:mtch:1vj-075,5,5
FIXTURE:ufo:mtch:1vj-07k,5,5
FIXTURE:ufo:mtch:1vj-08g,5,5
FIXTURE:ufo:mtch:1vj-09c,5,5
FIXTURE:ufo:mtch:1vj-0e7,5,5
FIXTURE:ufo:mtch:1vj-0jo,5,5
FIXTURE:ufo:mtch:1vj-0jw,5,5
FIXTURE:ufo:mtch:1vj-0pe,5,5
FIXTURE:ufo:mtch:1vj-18z,5,5
FIXTURE:ufo:mtch:1vj-1dv,5,5
FIXTURE:ufo:mtch:1vj-1ej,5,5
FIXTURE:ufo:mtch:1vj-1ev,5,5
FIXTURE:ufo:mtch:1vj-1f2,5,5
FIXTURE:ufo:mtch:1vj-1fa,5,5
FIXTURE:ufo:mtch:1vj-1hp,5,5
FIXTURE:ufo:mtch:1vj-1j2,5,5
FIXTURE:ufo:mtch:1vj-1kf,5,5
FIXTURE:ufo:mtch:1vj-1wv,5,5
FIXTURE:ufo:mtch:1vj-28r,5,5
FIXTURE:ufo:mtch:1vj-2k8,5,5
FIXTURE:ufo:mtch:1vj-2sk,5,5
FIXTURE:ufo:mtch:1vj-2uq,5,5
FIXTURE:ufo:mtch:1vk-00p,5,5
FIXTURE:ufo:mtch:1vk-083,5,5
FIXTURE:ufo:mtch:1vk-08f,5,5
FIXTURE:ufo:mtch:1vk-0b2,5,5
FIXTURE:ufo:mtch:1vk-0b9,5,5
FIXTURE:ufo:mtch:1vk-0ci,5,5
FIXTURE:ufo:mtch:1vk-0dt,5,5
FIXTURE:ufo:mtch:1vk-0f6,5,5
FIXTURE:ufo:mtch:1vk-0go,5,5
FIXTURE:ufo:mtch:1vk-0jw,5,5
FIXTURE:ufo:mtch:1vk-0k4,5,5
FIXTURE:ufo:mtch:1vk-0k5,5,5
FIXTURE:ufo:mtch:1vk-0p3,5,5
FIXTURE:ufo:mtch:1vk-0qu,5,5
FIXTURE:ufo:mtch:1vk-0uq,5,5
FIXTURE:ufo:mtch:1vk-16a,5,5
FIXTURE:ufo:mtch:1vk-1qo,5,5
FIXTURE:ufo:mtch:1vk-1w7,5,5
FIXTURE:ufo:mtch:1vk-1yg,5,5
FIXTURE:ufo:mtch:1vk-1zt,5,5
FIXTURE:ufo:mtch:1vk-20j,5,5
FIXTURE:ufo:mtch:1vk-20k,5,5
FIXTURE:ufo:mtch:1vk-286,5,5
FIXTURE:ufo:mtch:1vk-2e4,5,5
FIXTURE:ufo:mtch:1vk-2fc,5,5
FIXTURE:ufo:mtch:1vk-34v,5,5
FIXTURE:ufo:mtch:1vk-35u,5,5
FIXTURE:ufo:mtch:1vk-36g,5,5
FIXTURE:ufo:mtch:1vk-3hw,5,5
FIXTURE:ufo:mtch:1vl-012,5,5
FIXTURE:ufo:mtch:1vl-015,5,5
FIXTURE:ufo:mtch:1vl-019,5,5
FIXTURE:ufo:mtch:1vl-03h,5,5
FIXTURE:ufo:mtch:1vl-06p,5,5
FIXTURE:ufo:mtch:1vl-07u,5,5
FIXTURE:ufo:mtch:1vl-087,5,5
FIXTURE:ufo:mtch:1vl-08s,5,5
FIXTURE:ufo:mtch:1vl-09j,5,5
FIXTURE:ufo:mtch:1vl-0e8,5,5
FIXTURE:ufo:mtch:1vl-0fs,5,5
FIXTURE:ufo:mtch:1vl-0j7,5,5
FIXTURE:ufo:mtch:1vl-0k0,5,5
FIXTURE:ufo:mtch:1vl-0sf,5,5
FIXTURE:ufo:mtch:1vl-1oo,5,5
FIXTURE:ufo:mtch:1vl-210,5,5
FIXTURE:ufo:mtch:1vl-238,5,5
FIXTURE:ufo:mtch:1vl-23c,5,5
FIXTURE:ufo:mtch:1vl-2ac,5,5
FIXTURE:ufo:mtch:1vl-2pf,5,5
FIXTURE:ufo:mtch:1vl-2re,5,5
FIXTURE:ufo:mtch:1vl-3ei,5,5
FIXTURE:ufo:mtch:1vl-3es,5,5
FIXTURE:ufo:mtch:1vl-3jm,5,5
FIXTURE:ufo:mtch:1vm-01c,5,5
FIXTURE:ufo:mtch:1vm-02e,5,5
FIXTURE:ufo:mtch:1vm-02u,5,5
FIXTURE:ufo:mtch:1vm-037,5,5
FIXTURE:ufo:mtch:1vm-03i,5,5
FIXTURE:ufo:mtch:1vm-04n,5,5
FIXTURE:ufo:mtch:1vm-05c,5,5
FIXTURE:ufo:mtch:1vm-060,5,5
FIXTURE:ufo:mtch:1vm-069,5,5
FIXTURE:ufo:mtch:1vm-0hn,5,5
FIXTURE:ufo:mtch:1vm-0nj,5,5
FIXTURE:ufo:mtch:1vm-1d2,5,5
FIXTURE:ufo:mtch:1vm-27g,5,5
FIXTURE:ufo:mtch:1vm-2o5,5,5
FIXTURE:ufo:mtch:1vm-2ov,5,5
FIXTURE:ufo:mtch:1ur-00e,4,4
FIXTURE:ufo:mtch:1ur-038,4,4
FIXTURE:ufo:mtch:1us-00e,4,4
FIXTURE:ufo:mtch:1us-00r,4,4
FIXTURE:ufo:mtch:1us-00t,4,4
FIXTURE:ufo:mtch:1us-01s,4,4
FIXTURE:ufo:mtch:1us-02k,4,4
FIXTURE:ufo:mtch:1us-03r,4,4
FIXTURE:ufo:mtch:1us-046,4,4
FIXTURE:ufo:mtch:1us-04b,4,4
FIXTURE:ufo:mtch:1us-04d,4,4
FIXTURE:ufo:mtch:1us-05c,4,4
FIXTURE:ufo:mtch:1us-05e,4,4
FIXTURE:ufo:mtch:1us-05n,4,4
FIXTURE:ufo:mtch:1us-06p,4,4
FIXTURE:ufo:mtch:1us-07c,4,4
FIXTURE:ufo:mtch:1us-07e,4,4
FIXTURE:ufo:mtch:1us-08l,4,4
FIXTURE:ufo:mtch:1us-0a0,4,4
FIXTURE:ufo:mtch:1us-0c6,4,4
FIXTURE:ufo:mtch:1us-0e7,4,4
FIXTURE:ufo:mtch:1us-0el,4,4
FIXTURE:ufo:mtch:1us-0hg,4,4
FIXTURE:ufo:mtch:1us-0hj,4,4
FIXTURE:ufo:mtch:1us-0hu,4,4
FIXTURE:ufo:mtch:1us-0hw,4,4
FIXTURE:ufo:mtch:1us-0me,4,4
FIXTURE:ufo:mtch:1us-0nt,4,4
FIXTURE:ufo:mtch:1us-0ok,4,4
FIXTURE:ufo:mtch:1us-0oz,4,4
FIXTURE:ufo:mtch:1us-0p5,4,4
FIXTURE:ufo:mtch:1us-0pn,4,4
FIXTURE:ufo:mtch:1us-0rg,4,4
FIXTURE:ufo:mtch:1us-0sl,4,4
FIXTURE:ufo:mtch:1us-0t4,4,4
FIXTURE:ufo:mtch:1us-0tn,4,4
FIXTURE:ufo:mtch:1us-0ur,4,4
FIXTURE:ufo:mtch:1us-1ii,4,4
FIXTURE:ufo:mtch:1us-1ij,4,4
FIXTURE:ufo:mtch:1us-1j0,4,4
FIXTURE:ufo:mtch:1us-1k4,4,4
FIXTURE:ufo:mtch:1us-1kb,4,4
FIXTURE:ufo:mtch:1us-1kk,4,4
FIXTURE:ufo:mtch:1us-1kp,4,4
FIXTURE:ufo:mtch:1us-1ks,4,4
FIXTURE:ufo:mtch:1us-1ku,4,4
FIXTURE:ufo:mtch:1us-1la,4,4
FIXTURE:ufo:mtch:1us-1m4,4,4
FIXTURE:ufo:mtch:1us-1m9,4,4
FIXTURE:ufo:mtch:1us-1mi,4,4
FIXTURE:ufo:mtch:1us-1s0,4,4
FIXTURE:ufo:mtch:1us-1s2,4,4
FIXTURE:ufo:mtch:1us-1sn,4,4
FIXTURE:ufo:mtch:1us-23t,4,4
FIXTURE:ufo:mtch:1us-23w,4,4
FIXTURE:ufo:mtch:1us-2jn,4,4
FIXTURE:ufo:mtch:1us-2mc,4,4
FIXTURE:ufo:mtch:1us-2nn,4,4
FIXTURE:ufo:mtch:1us-2nx,4,4
FIXTURE:ufo:mtch:1us-2qw,4,4
FIXTURE:ufo:mtch:1us-2r3,4,4
FIXTURE:ufo:mtch:1us-2sg,4,4
FIXTURE:ufo:mtch:1us-2t3,4,4
FIXTURE:ufo:mtch:1us-2zx,4,4
FIXTURE:ufo:mtch:1us-35y,4,4
FIXTURE:ufo:mtch:1us-39o,4,4
FIXTURE:ufo:mtch:1us-3dx,4,4
FIXTURE:ufo:mtch:1us-3g5,4,4
FIXTURE:ufo:mtch:1us-3g7,4,4
FIXTURE:ufo:mtch:1ut-00n,4,4
FIXTURE:ufo:mtch:1ut-00q,4,4
FIXTURE:ufo:mtch:1ut-01k,4,4
FIXTURE:ufo:mtch:1ut-01n,4,4
FIXTURE:ufo:mtch:1ut-024,4,4
FIXTURE:ufo:mtch:1ut-02q,4,4
FIXTURE:ufo:mtch:1ut-02r,4,4
FIXTURE:ufo:mtch:1ut-03v,4,4
FIXTURE:ufo:mtch:1ut-04d,4,4
FIXTURE:ufo:mtch:1ut-04e,4,4
FIXTURE:ufo:mtch:1ut-04p,4,4
FIXTURE:ufo:mtch:1ut-04r,4,4
FIXTURE:ufo:mtch:1ut-056,4,4
FIXTURE:ufo:mtch:1ut-05h,4,4
FIXTURE:ufo:mtch:1ut-07y,4,4
FIXTURE:ufo:mtch:1ut-08l,4,4
FIXTURE:ufo:mtch:1ut-08p,4,4
FIXTURE:ufo:mtch:1ut-0b2,4,4
FIXTURE:ufo:mtch:1ut-0ex,4,4
FIXTURE:ufo:mtch:1ut-0ho,4,4
FIXTURE:ufo:mtch:1ut-0iw,4,4
FIXTURE:ufo:mtch:1ut-0ky,4,4
FIXTURE:ufo:mtch:1ut-0ng,4,4
FIXTURE:ufo:mtch:1ut-0p3,4,4
FIXTURE:ufo:mtch:1ut-0qc,4,4
FIXTURE:ufo:mtch:1ut-0r3,4,4
FIXTURE:ufo:mtch:1ut-0r5,4,4
FIXTURE:ufo:mtch:1ut-0wd,4,4
FIXTURE:ufo:mtch:1ut-1ff,4,4
FIXTURE:ufo:mtch:1ut-1fy,4,4
FIXTURE:ufo:mtch:1ut-1gl,4,4
FIXTURE:ufo:mtch:1ut-1h4,4,4
FIXTURE:ufo:mtch:1ut-1h5,4,4
FIXTURE:ufo:mtch:1ut-1h7,4,4
FIXTURE:ufo:mtch:1ut-1h9,4,4
FIXTURE:ufo:mtch:1ut-1hb,4,4
FIXTURE:ufo:mtch:1ut-1hs,4,4
FIXTURE:ufo:mtch:1ut-1ic,4,4
FIXTURE:ufo:mtch:1ut-1ir,4,4
FIXTURE:ufo:mtch:1ut-1jb,4,4
FIXTURE:ufo:mtch:1ut-1jg,4,4
FIXTURE:ufo:mtch:1ut-1k4,4,4
FIXTURE:ufo:mtch:1ut-1mj,4,4
FIXTURE:ufo:mtch:1ut-1og,4,4
FIXTURE:ufo:mtch:1ut-1qx,4,4
FIXTURE:ufo:mtch:1ut-1x5,4,4
FIXTURE:ufo:mtch:1ut-1xh,4,4
FIXTURE:ufo:mtch:1ut-1xw,4,4
FIXTURE:ufo:mtch:1ut-1y3,4,4
FIXTURE:ufo:mtch:1ut-1y4,4,4
FIXTURE:ufo:mtch:1ut-1yr,4,4
FIXTURE:ufo:mtch:1ut-203,4,4
FIXTURE:ufo:mtch:1ut-29q,4,4
FIXTURE:ufo:mtch:1ut-29r,4,4
FIXTURE:ufo:mtch:1ut-2da,4,4
FIXTURE:ufo:mtch:1ut-2ev,4,4
FIXTURE:ufo:mtch:1ut-2ex,4,4
FIXTURE:ufo:mtch:1ut-2jn,4,4
FIXTURE:ufo:mtch:1ut-2k4,4,4
FIXTURE:ufo:mtch:1ut-2ki,4,4
FIXTURE:ufo:mtch:1ut-2ri,4,4
FIXTURE:ufo:mtch:1ut-2vb,4,4
FIXTURE:ufo:mtch:1uu-00f,4,4
FIXTURE:ufo:mtch:1uu-01z,4,4
FIXTURE:ufo:mtch:1uu-03c,4,4
FIXTURE:ufo:mtch:1uu-04i,4,4
FIXTURE:ufo:mtch:1uu-04p,4,4
FIXTURE:ufo:mtch:1uu-04q,4,4
FIXTURE:ufo:mtch:1uu-04x,4,4
FIXTURE:ufo:mtch:1uu-06w,4,4
FIXTURE:ufo:mtch:1uu-09s,4,4
FIXTURE:ufo:mtch:1uu-0aa,4,4
FIXTURE:ufo:mtch:1uu-0ab,4,4
FIXTURE:ufo:mtch:1uu-0ac,4,4
FIXTURE:ufo:mtch:1uu-0b8,4,4
FIXTURE:ufo:mtch:1uu-0be,4,4
FIXTURE:ufo:mtch:1uu-0bm,4,4
FIXTURE:ufo:mtch:1uu-0bo,4,4
FIXTURE:ufo:mtch:1uu-0eg,4,4
FIXTURE:ufo:mtch:1uu-0f2,4,4
FIXTURE:ufo:mtch:1uu-0n9,4,4
FIXTURE:ufo:mtch:1uu-0ue,4,4
FIXTURE:ufo:mtch:1uu-0v4,4,4
FIXTURE:ufo:mtch:1uu-0vk,4,4
FIXTURE:ufo:mtch:1uu-0vs,4,4
FIXTURE:ufo:mtch:1uu-0vz,4,4
FIXTURE:ufo:mtch:1uu-0x4,4,4
FIXTURE:ufo:mtch:1uu-0xa,4,4
FIXTURE:ufo:mtch:1uu-0xc,4,4
FIXTURE:ufo:mtch:1uu-0xf,4,4
FIXTURE:ufo:mtch:1uu-0xq,4,4
FIXTURE:ufo:mtch:1uu-0xv,4,4
FIXTURE:ufo:mtch:1uu-0yb,4,4
FIXTURE:ufo:mtch:1uu-0z7,4,4
FIXTURE:ufo:mtch:1uu-104,4,4
FIXTURE:ufo:mtch:1uu-11t,4,4
FIXTURE:ufo:mtch:1uu-181,4,4
FIXTURE:ufo:mtch:1uu-1cx,4,4
FIXTURE:ufo:mtch:1uu-1d0,4,4
FIXTURE:ufo:mtch:1uu-1eg,4,4
FIXTURE:ufo:mtch:1uu-1gp,4,4
FIXTURE:ufo:mtch:1uu-1hx,4,4
FIXTURE:ufo:mtch:1uu-1ie,4,4
FIXTURE:ufo:mtch:1uu-1iy,4,4
FIXTURE:ufo:mtch:1uu-1iz,4,4
FIXTURE:ufo:mtch:1uu-1jy,4,4
FIXTURE:ufo:mtch:1uu-219,4,4
FIXTURE:ufo:mtch:1uu-24u,4,4
FIXTURE:ufo:mtch:1uu-266,4,4
FIXTURE:ufo:mtch:1uu-267,4,4
FIXTURE:ufo:mtch:1uu-28q,4,4
FIXTURE:ufo:mtch:1uu-291,4,4
FIXTURE:ufo:mtch:1uu-2b2,4,4
FIXTURE:ufo:mtch:1uu-2f7,4,4
FIXTURE:ufo:mtch:1uv-013,4,4
FIXTURE:ufo:mtch:1uv-01h,4,4
FIXTURE:ufo:mtch:1uv-01z,4,4
FIXTURE:ufo:mtch:1uv-03h,4,4
FIXTURE:ufo:mtch:1uv-03x,4,4
FIXTURE:ufo:mtch:1uv-061,4,4
FIXTURE:ufo:mtch:1uv-068,4,4
FIXTURE:ufo:mtch:1uv-09p,4,4
FIXTURE:ufo:mtch:1uv-0a9,4,4
FIXTURE:ufo:mtch:1uv-0dy,4,4
FIXTURE:ufo:mtch:1uv-0ei,4,4
FIXTURE:ufo:mtch:1uv-0ir,4,4
FIXTURE:ufo:mtch:1uv-0iv,4,4
FIXTURE:ufo:mtch:1uv-0or,4,4
FIXTURE:ufo:mtch:1uv-0xo,4,4
FIXTURE:ufo:mtch:1uv-128,4,4
FIXTURE:ufo:mtch:1uv-12p,4,4
FIXTURE:ufo:mtch:1uv-133,4,4
FIXTURE:ufo:mtch:1uv-13a,4,4
FIXTURE:ufo:mtch:1uv-13e,4,4
FIXTURE:ufo:mtch:1uv-13o,4,4
FIXTURE:ufo:mtch:1uv-146,4,4
FIXTURE:ufo:mtch:1uv-14a,4,4
FIXTURE:ufo:mtch:1uv-14n,4,4
FIXTURE:ufo:mtch:1uv-14o,4,4
FIXTURE:ufo:mtch:1uv-14y,4,4
FIXTURE:ufo:mtch:1uv-15l,4,4
FIXTURE:ufo:mtch:1uv-15p,4,4
FIXTURE:ufo:mtch:1uv-1ap,4,4
FIXTURE:ufo:mtch:1uv-1ce,4,4
FIXTURE:ufo:mtch:1uv-1cn,4,4
FIXTURE:ufo:mtch:1uv-1db,4,4
FIXTURE:ufo:mtch:1uv-1dj,4,4
FIXTURE:ufo:mtch:1uv-1j7,4,4
FIXTURE:ufo:mtch:1uv-1j8,4,4
FIXTURE:ufo:mtch:1uv-1mn,4,4
FIXTURE:ufo:mtch:1uv-1o7,4,4
FIXTURE:ufo:mtch:1uv-1q1,4,4
FIXTURE:ufo:mtch:1uv-1yx,4,4
FIXTURE:ufo:mtch:1uv-22u,4,4
FIXTURE:ufo:mtch:1uv-24i,4,4
FIXTURE:ufo:mtch:1uv-256,4,4
FIXTURE:ufo:mtch:1uv-262,4,4
FIXTURE:ufo:mtch:1uv-27l,4,4
FIXTURE:ufo:mtch:1uv-27m,4,4
FIXTURE:ufo:mtch:1uv-28m,4,4
FIXTURE:ufo:mtch:1uv-2cx,4,4
FIXTURE:ufo:mtch:1uv-2ea,4,4
FIXTURE:ufo:mtch:1uv-2kk,4,4
FIXTURE:ufo:mtch:1uv-2om,4,4
FIXTURE:ufo:mtch:1uv-2pf,4,4
FIXTURE:ufo:mtch:1uw-016,4,4
FIXTURE:ufo:mtch:1uw-018,4,4
FIXTURE:ufo:mtch:1uw-01q,4,4
FIXTURE:ufo:mtch:1uw-025,4,4
FIXTURE:ufo:mtch:1uw-03i,4,4
FIXTURE:ufo:mtch:1uw-04v,4,4
FIXTURE:ufo:mtch:1uw-04x,4,4
FIXTURE:ufo:mtch:1uw-04y,4,4
FIXTURE:ufo:mtch:1uw-050,4,4
FIXTURE:ufo:mtch:1uw-09w,4,4
FIXTURE:ufo:mtch:1uw-0bf,4,4
FIXTURE:ufo:mtch:1uw-0bg,4,4
FIXTURE:ufo:mtch:1uw-0c0,4,4
FIXTURE:ufo:mtch:1uw-0ch,4,4
FIXTURE:ufo:mtch:1uw-0fu,4,4
FIXTURE:ufo:mtch:1uw-0gi,4,4
FIXTURE:ufo:mtch:1uw-0nf,4,4
FIXTURE:ufo:mtch:1uw-0oz,4,4
FIXTURE:ufo:mtch:1uw-11r,4,4
FIXTURE:ufo:mtch:1uw-1a5,4,4
FIXTURE:ufo:mtch:1uw-284,4,4
FIXTURE:ufo:mtch:1uw-2ci,4,4
FIXTURE:ufo:mtch:1uw-2gc,4,4
FIXTURE:ufo:mtch:1uw-2h4,4,4
FIXTURE:ufo:mtch:1uw-2uv,4,4
FIXTURE:ufo:mtch:1ux-00i,4,4
FIXTURE:ufo:mtch:1ux-011,4,4
FIXTURE:ufo:mtch:1ux-014,4,4
FIXTURE:ufo:mtch:1ux-025,4,4
FIXTURE:ufo:mtch:1ux-02x,4,4
FIXTURE:ufo:mtch:1ux-06e,4,4
FIXTURE:ufo:mtch:1ux-06p,4,4
FIXTURE:ufo:mtch:1ux-06y,4,4
FIXTURE:ufo:mtch:1ux-081,4,4
FIXTURE:ufo:mtch:1ux-086,4,4
FIXTURE:ufo:mtch:1ux-08b,4,4
FIXTURE:ufo:mtch:1ux-08k,4,4
FIXTURE:ufo:mtch:1ux-0ay,4,4
FIXTURE:ufo:mtch:1ux-0kt,4,4
FIXTURE:ufo:mtch:1ux-0mp,4,4
FIXTURE:ufo:mtch:1ux-0sg,4,4
FIXTURE:ufo:mtch:1ux-0xc,4,4
FIXTURE:ufo:mtch:1ux-0xm,4,4
FIXTURE:ufo:mtch:1ux-105,4,4
FIXTURE:ufo:mtch:1ux-13l,4,4
FIXTURE:ufo:mtch:1ux-145,4,4
FIXTURE:ufo:mtch:1ux-147,4,4
FIXTURE:ufo:mtch:1ux-1g4,4,4
FIXTURE:ufo:mtch:1ux-1ig,4,4
FIXTURE:ufo:mtch:1ux-1mq,4,4
FIXTURE:ufo:mtch:1ux-1n6,4,4
FIXTURE:ufo:mtch:1ux-1qm,4,4
FIXTURE:ufo:mtch:1ux-1sm,4,4
FIXTURE:ufo:mtch:1ux-27e,4,4
FIXTURE:ufo:mtch:1ux-2im,4,4
FIXTURE:ufo:mtch:1ux-2kt,4,4
FIXTURE:ufo:mtch:1ux-2om,4,4
FIXTURE:ufo:mtch:1uy-00i,4,4
FIXTURE:ufo:mtch:1uy-013,4,4
FIXTURE:ufo:mtch:1uy-018,4,4
FIXTURE:ufo:mtch:1uy-01a,4,4
FIXTURE:ufo:mtch:1uy-01h,4,4
FIXTURE:ufo:mtch:1uy-01k,4,4
FIXTURE:ufo:mtch:1uy-02y,4,4
FIXTURE:ufo:mtch:1uy-02z,4,4
FIXTURE:ufo:mtch:1uy-041,4,4
FIXTURE:ufo:mtch:1uy-047,4,4
FIXTURE:ufo:mtch:1uy-04e,4,4
FIXTURE:ufo:mtch:1uy-04g,4,4
FIXTURE:ufo:mtch:1uy-04i,4,4
FIXTURE:ufo:mtch:1uy-04x,4,4
FIXTURE:ufo:mtch:1uy-05l,4,4
FIXTURE:ufo:mtch:1uy-06c,4,4
FIXTURE:ufo:mtch:1uy-071,4,4
FIXTURE:ufo:mtch:1uy-07u,4,4
FIXTURE:ufo:mtch:1uy-08m,4,4
FIXTURE:ufo:mtch:1uy-099,4,4
FIXTURE:ufo:mtch:1uy-09p,4,4
FIXTURE:ufo:mtch:1uy-09x,4,4
FIXTURE:ufo:mtch:1uy-0ae,4,4
FIXTURE:ufo:mtch:1uy-0ah,4,4
FIXTURE:ufo:mtch:1uy-0av,4,4
FIXTURE:ufo:mtch:1uy-0b8,4,4
FIXTURE:ufo:mtch:1uy-0bp,4,4
FIXTURE:ufo:mtch:1uy-0c9,4,4
FIXTURE:ufo:mtch:1uy-0df,4,4
FIXTURE:ufo:mtch:1uy-0hq,4,4
FIXTURE:ufo:mtch:1uy-0l2,4,4
FIXTURE:ufo:mtch:1uy-0p8,4,4
FIXTURE:ufo:mtch:1uy-0wn,4,4
FIXTURE:ufo:mtch:1uy-0wr,4,4
FIXTURE:ufo:mtch:1uy-0wt,4,4
FIXTURE:ufo:mtch:1uy-0zs,4,4
FIXTURE:ufo:mtch:1uy-0zv,4,4
FIXTURE:ufo:mtch:1uy-100,4,4
FIXTURE:ufo:mtch:1uy-109,4,4
FIXTURE:ufo:mtch:1uy-10c,4,4
FIXTURE:ufo:mtch:1uy-11f,4,4
FIXTURE:ufo:mtch:1uy-11g,4,4
FIXTURE:ufo:mtch:1uy-11r,4,4
FIXTURE:ufo:mtch:1uy-12u,4,4
FIXTURE:ufo:mtch:1uy-12x,4,4
FIXTURE:ufo:mtch:1uy-133,4,4
FIXTURE:ufo:mtch:1uy-134,4,4
FIXTURE:ufo:mtch:1uy-137,4,4
FIXTURE:ufo:mtch:1uy-13p,4,4
FIXTURE:ufo:mtch:1uy-13x,4,4
FIXTURE:ufo:mtch:1uy-14o,4,4
FIXTURE:ufo:mtch:1uy-14p,4,4
FIXTURE:ufo:mtch:1uy-1dk,4,4
FIXTURE:ufo:mtch:1uy-1kk,4,4
FIXTURE:ufo:mtch:1uy-1l8,4,4
FIXTURE:ufo:mtch:1uy-1mk,4,4
FIXTURE:ufo:mtch:1uy-1mm,4,4
FIXTURE:ufo:mtch:1uy-1ne,4,4
FIXTURE:ufo:mtch:1uy-1nl,4,4
FIXTURE:ufo:mtch:1uy-1no,4,4
FIXTURE:ufo:mtch:1uy-1o3,4,4
FIXTURE:ufo:mtch:1uy-1sa,4,4
FIXTURE:ufo:mtch:1uy-1vq,4,4
FIXTURE:ufo:mtch:1uy-1vz,4,4
FIXTURE:ufo:mtch:1uy-1wh,4,4
FIXTURE:ufo:mtch:1uy-235,4,4
FIXTURE:ufo:mtch:1uy-27c,4,4
FIXTURE:ufo:mtch:1uy-28n,4,4
FIXTURE:ufo:mtch:1uy-299,4,4
FIXTURE:ufo:mtch:1uy-29g,4,4
FIXTURE:ufo:mtch:1uy-2aq,4,4
FIXTURE:ufo:mtch:1uy-2bg,4,4
FIXTURE:ufo:mtch:1uy-2dz,4,4
FIXTURE:ufo:mtch:1uy-2fb,4,4
FIXTURE:ufo:mtch:1uy-2gl,4,4
FIXTURE:ufo:mtch:1uy-2gm,4,4
FIXTURE:ufo:mtch:1uy-2jp,4,4
FIXTURE:ufo:mtch:1uy-2q0,4,4
FIXTURE:ufo:mtch:1uz-04j,4,4
FIXTURE:ufo:mtch:1uz-05l,4,4
FIXTURE:ufo:mtch:1uz-06n,4,4
FIXTURE:ufo:mtch:1uz-06p,4,4
FIXTURE:ufo:mtch:1uz-07a,4,4
FIXTURE:ufo:mtch:1uz-07l,4,4
FIXTURE:ufo:mtch:1uz-0cm,4,4
FIXTURE:ufo:mtch:1uz-0eu,4,4
FIXTURE:ufo:mtch:1uz-0ey,4,4
FIXTURE:ufo:mtch:1uz-0gi,4,4
FIXTURE:ufo:mtch:1uz-0he,4,4
FIXTURE:ufo:mtch:1uz-0hk,4,4
FIXTURE:ufo:mtch:1uz-0lc,4,4
FIXTURE:ufo:mtch:1uz-0nw,4,4
FIXTURE:ufo:mtch:1uz-0po,4,4
FIXTURE:ufo:mtch:1uz-0qr,4,4
FIXTURE:ufo:mtch:1uz-0vx,4,4
FIXTURE:ufo:mtch:1uz-0wz,4,4
FIXTURE:ufo:mtch:1uz-0x0,4,4
FIXTURE:ufo:mtch:1uz-11i,4,4
FIXTURE:ufo:mtch:1uz-1wx,4,4
FIXTURE:ufo:mtch:1uz-1xh,4,4
FIXTURE:ufo:mtch:1uz-1xi,4,4
FIXTURE:ufo:mtch:1uz-203,4,4
FIXTURE:ufo:mtch:1uz-20a,4,4
FIXTURE:ufo:mtch:1uz-20e,4,4
FIXTURE:ufo:mtch:1uz-229,4,4
FIXTURE:ufo:mtch:1uz-22a,4,4
FIXTURE:ufo:mtch:1uz-22s,4,4
FIXTURE:ufo:mtch:1uz-22v,4,4
FIXTURE:ufo:mtch:1uz-232,4,4
FIXTURE:ufo:mtch:1uz-296,4,4
FIXTURE:ufo:mtch:1uz-29c,4,4
FIXTURE:ufo:mtch:1uz-29w,4,4
FIXTURE:ufo:mtch:1uz-2a1,4,4
FIXTURE:ufo:mtch:1uz-2b4,4,4
FIXTURE:ufo:mtch:1uz-2bh,4,4
FIXTURE:ufo:mtch:1uz-2bu,4,4
FIXTURE:ufo:mtch:1uz-2c8,4,4
FIXTURE:ufo:mtch:1uz-2cw,4,4
FIXTURE:ufo:mtch:1uz-2cx,4,4
FIXTURE:ufo:mtch:1uz-2db,4,4
FIXTURE:ufo:mtch:1uz-2do,4,4
FIXTURE:ufo:mtch:1uz-2ef,4,4
FIXTURE:ufo:mtch:1uz-2ew,4,4
FIXTURE:ufo:mtch:1uz-2f0,4,4
FIXTURE:ufo:mtch:1uz-2f3,4,4
FIXTURE:ufo:mtch:1uz-2fl,4,4
FIXTURE:ufo:mtch:1uz-2fs,4,4
FIXTURE:ufo:mtch:1uz-2hx,4,4
FIXTURE:ufo:mtch:1uz-2ie,4,4
FIXTURE:ufo:mtch:1uz-2iu,4,4
FIXTURE:ufo:mtch:1uz-2ki,4,4
FIXTURE:ufo:mtch:1uz-2r8,4,4
FIXTURE:ufo:mtch:1uz-2w3,4,4
FIXTURE:ufo:mtch:1uz-2w5,4,4
FIXTURE:ufo:mtch:1uz-31x,4,4
FIXTURE:ufo:mtch:1uz-32m,4,4
FIXTURE:ufo:mtch:1uz-3fv,4,4
FIXTURE:ufo:mtch:1uz-3ny,4,4
FIXTURE:ufo:mtch:1v0-02i,4,4
FIXTURE:ufo:mtch:1v0-02s,4,4
FIXTURE:ufo:mtch:1v0-03i,4,4
FIXTURE:ufo:mtch:1v0-03l,4,4
FIXTURE:ufo:mtch:1v0-04j,4,4
FIXTURE:ufo:mtch:1v0-057,4,4
FIXTURE:ufo:mtch:1v0-05q,4,4
FIXTURE:ufo:mtch:1v0-061,4,4
FIXTURE:ufo:mtch:1v0-066,4,4
FIXTURE:ufo:mtch:1v0-06b,4,4
FIXTURE:ufo:mtch:1v0-06h,4,4
FIXTURE:ufo:mtch:1v0-06o,4,4
FIXTURE:ufo:mtch:1v0-08r,4,4
FIXTURE:ufo:mtch:1v0-0ad,4,4
FIXTURE:ufo:mtch:1v0-0df,4,4
FIXTURE:ufo:mtch:1v0-0l3,4,4
FIXTURE:ufo:mtch:1v0-0ly,4,4
FIXTURE:ufo:mtch:1v0-15z,4,4
FIXTURE:ufo:mtch:1v0-1ip,4,4
FIXTURE:ufo:mtch:1v0-1k8,4,4
FIXTURE:ufo:mtch:1v0-1ks,4,4
FIXTURE:ufo:mtch:1v0-1o8,4,4
FIXTURE:ufo:mtch:1v0-1yq,4,4
FIXTURE:ufo:mtch:1v0-20m,4,4
FIXTURE:ufo:mtch:1v0-224,4,4
FIXTURE:ufo:mtch:1v0-262,4,4
FIXTURE:ufo:mtch:1v0-298,4,4
FIXTURE:ufo:mtch:1v0-2br,4,4
FIXTURE:ufo:mtch:1v0-2f0,4,4
FIXTURE:ufo:mtch:1v0-2fi,4,4
FIXTURE:ufo:mtch:1v0-2rn,4,4
FIXTURE:ufo:mtch:1v0-2w9,4,4
FIXTURE:ufo:mtch:1v1-00e,4,4
FIXTURE:ufo:mtch:1v1-017,4,4
FIXTURE:ufo:mtch:1v1-01c,4,4
FIXTURE:ufo:mtch:1v1-01p,4,4
FIXTURE:ufo:mtch:1v1-02i,4,4
FIXTURE:ufo:mtch:1v1-034,4,4
FIXTURE:ufo:mtch:1v1-03u,4,4
FIXTURE:ufo:mtch:1v1-045,4,4
FIXTURE:ufo:mtch:1v1-046,4,4
FIXTURE:ufo:mtch:1v1-04g,4,4
FIXTURE:ufo:mtch:1v1-06t,4,4
FIXTURE:ufo:mtch:1v1-0c5,4,4
FIXTURE:ufo:mtch:1v1-0hw,4,4
FIXTURE:ufo:mtch:1v1-0w7,4,4
FIXTURE:ufo:mtch:1v1-0zf,4,4
FIXTURE:ufo:mtch:1v1-10n,4,4
FIXTURE:ufo:mtch:1v1-10r,4,4
FIXTURE:ufo:mtch:1v1-11s,4,4
FIXTURE:ufo:mtch:1v1-11z,4,4
FIXTURE:ufo:mtch:1v1-13o,4,4
FIXTURE:ufo:mtch:1v1-196,4,4
FIXTURE:ufo:mtch:1v1-1at,4,4
FIXTURE:ufo:mtch:1v1-1cx,4,4
FIXTURE:ufo:mtch:1v1-1he,4,4
FIXTURE:ufo:mtch:1v1-1hr,4,4
FIXTURE:ufo:mtch:1v1-1j8,4,4
FIXTURE:ufo:mtch:1v1-1jt,4,4
FIXTURE:ufo:mtch:1v1-1k3,4,4
FIXTURE:ufo:mtch:1v1-1kw,4,4
FIXTURE:ufo:mtch:1v1-1ov,4,4
FIXTURE:ufo:mtch:1v1-1vi,4,4
FIXTURE:ufo:mtch:1v1-1vu,4,4
FIXTURE:ufo:mtch:1v1-1xk,4,4
FIXTURE:ufo:mtch:1v1-27f,4,4
FIXTURE:ufo:mtch:1v1-2b3,4,4
FIXTURE:ufo:mtch:1v1-2el,4,4
FIXTURE:ufo:mtch:1v2-00b,4,4
FIXTURE:ufo:mtch:1v2-01d,4,4
FIXTURE:ufo:mtch:1v2-023,4,4
FIXTURE:ufo:mtch:1v2-02r,4,4
FIXTURE:ufo:mtch:1v2-032,4,4
FIXTURE:ufo:mtch:1v2-04z,4,4
FIXTURE:ufo:mtch:1v2-08q,4,4
FIXTURE:ufo:mtch:1v2-08v,4,4
FIXTURE:ufo:mtch:1v2-0bg,4,4
FIXTURE:ufo:mtch:1v2-0bh,4,4
FIXTURE:ufo:mtch:1v2-0f9,4,4
FIXTURE:ufo:mtch:1v2-0fg,4,4
FIXTURE:ufo:mtch:1v2-0gz,4,4
FIXTURE:ufo:mtch:1v2-0ks,4,4
FIXTURE:ufo:mtch:1v2-0l6,4,4
FIXTURE:ufo:mtch:1v2-0y8,4,4
FIXTURE:ufo:mtch:1v2-0yl,4,4
FIXTURE:ufo:mtch:1v2-11t,4,4
FIXTURE:ufo:mtch:1v2-132,4,4
FIXTURE:ufo:mtch:1v2-13y,4,4
FIXTURE:ufo:mtch:1v2-14r,4,4
FIXTURE:ufo:mtch:1v2-1av,4,4
FIXTURE:ufo:mtch:1v2-1b0,4,4
FIXTURE:ufo:mtch:1v2-1c2,4,4
FIXTURE:ufo:mtch:1v2-1do,4,4
FIXTURE:ufo:mtch:1v2-1ef,4,4
FIXTURE:ufo:mtch:1v2-1ej,4,4
FIXTURE:ufo:mtch:1v2-1fl,4,4
FIXTURE:ufo:mtch:1v2-1mm,4,4
FIXTURE:ufo:mtch:1v2-1qa,4,4
FIXTURE:ufo:mtch:1v2-22i,4,4
FIXTURE:ufo:mtch:1v2-24j,4,4
FIXTURE:ufo:mtch:1v2-25c,4,4
FIXTURE:ufo:mtch:1v2-25r,4,4
FIXTURE:ufo:mtch:1v2-264,4,4
FIXTURE:ufo:mtch:1v2-27n,4,4
FIXTURE:ufo:mtch:1v2-28q,4,4
FIXTURE:ufo:mtch:1v2-28w,4,4
FIXTURE:ufo:mtch:1v2-2la,4,4
FIXTURE:ufo:mtch:1v2-2uv,4,4
FIXTURE:ufo:mtch:1v3-01f,4,4
FIXTURE:ufo:mtch:1v3-01x,4,4
FIXTURE:ufo:mtch:1v3-022,4,4
FIXTURE:ufo:mtch:1v3-02x,4,4
FIXTURE:ufo:mtch:1v3-03f,4,4
FIXTURE:ufo:mtch:1v3-04a,4,4
FIXTURE:ufo:mtch:1v3-05i,4,4
FIXTURE:ufo:mtch:1v3-05o,4,4
FIXTURE:ufo:mtch:1v3-05y,4,4
FIXTURE:ufo:mtch:1v3-07f,4,4
FIXTURE:ufo:mtch:1v3-07h,4,4
FIXTURE:ufo:mtch:1v3-09e,4,4
FIXTURE:ufo:mtch:1v3-09s,4,4
FIXTURE:ufo:mtch:1v3-0az,4,4
FIXTURE:ufo:mtch:1v3-0bi,4,4
FIXTURE:ufo:mtch:1v3-0d8,4,4
FIXTURE:ufo:mtch:1v3-0d9,4,4
FIXTURE:ufo:mtch:1v3-0nd,4,4
FIXTURE:ufo:mtch:1v3-0py,4,4
FIXTURE:ufo:mtch:1v3-0v8,4,4
FIXTURE:ufo:mtch:1v3-11v,4,4
FIXTURE:ufo:mtch:1v3-1n3,4,4
FIXTURE:ufo:mtch:1v3-1o6,4,4
FIXTURE:ufo:mtch:1v3-1op,4,4
FIXTURE:ufo:mtch:1v3-1oy,4,4
FIXTURE:ufo:mtch:1v3-1td,4,4
FIXTURE:ufo:mtch:1v3-1u8,4,4
FIXTURE:ufo:mtch:1v3-1ur,4,4
FIXTURE:ufo:mtch:1v3-1uv,4,4
FIXTURE:ufo:mtch:1v3-1ux,4,4
FIXTURE:ufo:mtch:1v3-1wa,4,4
FIXTURE:ufo:mtch:1v3-1xi,4,4
FIXTURE:ufo:mtch:1v3-1xs,4,4
FIXTURE:ufo:mtch:1v3-1y6,4,4
FIXTURE:ufo:mtch:1v3-236,4,4
FIXTURE:ufo:mtch:1v3-237,4,4
FIXTURE:ufo:mtch:1v3-248,4,4
FIXTURE:ufo:mtch:1v3-24l,4,4
FIXTURE:ufo:mtch:1v3-278,4,4
FIXTURE:ufo:mtch:1v3-27e,4,4
FIXTURE:ufo:mtch:1v3-27t,4,4
FIXTURE:ufo:mtch:1v3-28n,4,4
FIXTURE:ufo:mtch:1v3-28o,4,4
FIXTURE:ufo:mtch:1v3-2f7,4,4
FIXTURE:ufo:mtch:1v3-2i0,4,4
FIXTURE:ufo:mtch:1v3-2jh,4,4
FIXTURE:ufo:mtch:1v3-2n2,4,4
FIXTURE:ufo:mtch:1v3-2n4,4,4
FIXTURE:ufo:mtch:1v3-2nq,4,4
FIXTURE:ufo:mtch:1v3-2v4,4,4
FIXTURE:ufo:mtch:1v3-2vy,4,4
FIXTURE:ufo:mtch:1v3-2xz,4,4
FIXTURE:ufo:mtch:1v4-01a,4,4
FIXTURE:ufo:mtch:1v4-01x,4,4
FIXTURE:ufo:mtch:1v4-02x,4,4
FIXTURE:ufo:mtch:1v4-034,4,4
FIXTURE:ufo:mtch:1v4-03c,4,4
FIXTURE:ufo:mtch:1v4-04k,4,4
FIXTURE:ufo:mtch:1v4-04l,4,4
FIXTURE:ufo:mtch:1v4-05l,4,4
FIXTURE:ufo:mtch:1v4-07q,4,4
FIXTURE:ufo:mtch:1v4-08p,4,4
FIXTURE:ufo:mtch:1v4-0bk,4,4
FIXTURE:ufo:mtch:1v4-0dj,4,4
FIXTURE:ufo:mtch:1v4-0o2,4,4
FIXTURE:ufo:mtch:1v4-0o9,4,4
FIXTURE:ufo:mtch:1v4-0oc,4,4
FIXTURE:ufo:mtch:1v4-0of,4,4
FIXTURE:ufo:mtch:1v4-0wa,4,4
FIXTURE:ufo:mtch:1v4-0we,4,4
FIXTURE:ufo:mtch:1v4-0wl,4,4
FIXTURE:ufo:mtch:1v4-0ww,4,4
FIXTURE:ufo:mtch:1v4-0xk,4,4
FIXTURE:ufo:mtch:1v4-0y1,4,4
FIXTURE:ufo:mtch:1v4-0yj,4,4
FIXTURE:ufo:mtch:1v4-0yx,4,4
FIXTURE:ufo:mtch:1v4-0z0,4,4
FIXTURE:ufo:mtch:1v4-0zv,4,4
FIXTURE:ufo:mtch:1v4-15g,4,4
FIXTURE:ufo:mtch:1v4-1cb,4,4
FIXTURE:ufo:mtch:1v4-1cp,4,4
FIXTURE:ufo:mtch:1v4-1dv,4,4
FIXTURE:ufo:mtch:1v4-1ek,4,4
FIXTURE:ufo:mtch:1v4-1f9,4,4
FIXTURE:ufo:mtch:1v4-1gw,4,4
FIXTURE:ufo:mtch:1v4-1na,4,4
FIXTURE:ufo:mtch:1v4-1ni,4,4
FIXTURE:ufo:mtch:1v4-1o1,4,4
FIXTURE:ufo:mtch:1v4-1qb,4,4
FIXTURE:ufo:mtch:1v4-1sv,4,4
FIXTURE:ufo:mtch:1v4-1te,4,4
FIXTURE:ufo:mtch:1v4-1v1,4,4
FIXTURE:ufo:mtch:1v4-1x5,4,4
FIXTURE:ufo:mtch:1v4-1xn,4,4
FIXTURE:ufo:mtch:1v4-21x,4,4
FIXTURE:ufo:mtch:1v4-2cc,4,4
FIXTURE:ufo:mtch:1v4-2cm,4,4
FIXTURE:ufo:mtch:1v4-2jk,4,4
FIXTURE:ufo:mtch:1v5-00s,4,4
FIXTURE:ufo:mtch:1v5-00u,4,4
FIXTURE:ufo:mtch:1v5-01w,4,4
FIXTURE:ufo:mtch:1v5-027,4,4
FIXTURE:ufo:mtch:1v5-02n,4,4
FIXTURE:ufo:mtch:1v5-036,4,4
FIXTURE:ufo:mtch:1v5-038,4,4
FIXTURE:ufo:mtch:1v5-03c,4,4
FIXTURE:ufo:mtch:1v5-041,4,4
FIXTURE:ufo:mtch:1v5-05r,4,4
FIXTURE:ufo:mtch:1v5-064,4,4
FIXTURE:ufo:mtch:1v5-06j,4,4
FIXTURE:ufo:mtch:1v5-06v,4,4
FIXTURE:ufo:mtch:1v5-073,4,4
FIXTURE:ufo:mtch:1v5-07b,4,4
FIXTURE:ufo:mtch:1v5-08c,4,4
FIXTURE:ufo:mtch:1v5-08o,4,4
FIXTURE:ufo:mtch:1v5-091,4,4
FIXTURE:ufo:mtch:1v5-09j,4,4
FIXTURE:ufo:mtch:1v5-0a1,4,4
FIXTURE:ufo:mtch:1v5-0al,4,4
FIXTURE:ufo:mtch:1v5-0bh,4,4
FIXTURE:ufo:mtch:1v5-0c9,4,4
FIXTURE:ufo:mtch:1v5-0h1,4,4
FIXTURE:ufo:mtch:1v5-0jv,4,4
FIXTURE:ufo:mtch:1v5-0kc,4,4
FIXTURE:ufo:mtch:1v5-0wn,4,4
FIXTURE:ufo:mtch:1v5-0xf,4,4
FIXTURE:ufo:mtch:1v5-0xq,4,4
FIXTURE:ufo:mtch:1v5-0xy,4,4
FIXTURE:ufo:mtch:1v5-0z3,4,4
FIXTURE:ufo:mtch:1v5-10b,4,4
FIXTURE:ufo:mtch:1v5-10h,4,4
FIXTURE:ufo:mtch:1v5-10s,4,4
FIXTURE:ufo:mtch:1v5-111,4,4
FIXTURE:ufo:mtch:1v5-113,4,4
FIXTURE:ufo:mtch:1v5-1tp,4,4
FIXTURE:ufo:mtch:1v5-1tv,4,4
FIXTURE:ufo:mtch:1v5-1vp,4,4
FIXTURE:ufo:mtch:1v5-1xz,4,4
FIXTURE:ufo:mtch:1v5-1yj,4,4
FIXTURE:ufo:mtch:1v5-1ze,4,4
FIXTURE:ufo:mtch:1v5-1zp,4,4
FIXTURE:ufo:mtch:1v5-204,4,4
FIXTURE:ufo:mtch:1v5-20m,4,4
FIXTURE:ufo:mtch:1v5-241,4,4
FIXTURE:ufo:mtch:1v5-282,4,4
FIXTURE:ufo:mtch:1v5-2hq,4,4
FIXTURE:ufo:mtch:1v5-2wv,4,4
FIXTURE:ufo:mtch:1v6-00t,4,4
FIXTURE:ufo:mtch:1v6-01j,4,4
FIXTURE:ufo:mtch:1v6-01m,4,4
FIXTURE:ufo:mtch:1v6-01v,4,4
FIXTURE:ufo:mtch:1v6-02i,4,4
FIXTURE:ufo:mtch:1v6-04f,4,4
FIXTURE:ufo:mtch:1v6-04o,4,4
FIXTURE:ufo:mtch:1v6-04w,4,4
FIXTURE:ufo:mtch:1v6-04z,4,4
FIXTURE:ufo:mtch:1v6-051,4,4
FIXTURE:ufo:mtch:1v6-068,4,4
FIXTURE:ufo:mtch:1v6-06n,4,4
FIXTURE:ufo:mtch:1v6-06x,4,4
FIXTURE:ufo:mtch:1v6-070,4,4
FIXTURE:ufo:mtch:1v6-07i,4,4
FIXTURE:ufo:mtch:1v6-087,4,4
FIXTURE:ufo:mtch:1v6-08a,4,4
FIXTURE:ufo:mtch:1v6-098,4,4
FIXTURE:ufo:mtch:1v6-0bf,4,4
FIXTURE:ufo:mtch:1v6-0cr,4,4
FIXTURE:ufo:mtch:1v6-0cv,4,4
FIXTURE:ufo:mtch:1v6-0do,4,4
FIXTURE:ufo:mtch:1v6-0gb,4,4
FIXTURE:ufo:mtch:1v6-0gd,4,4
FIXTURE:ufo:mtch:1v6-0ho,4,4
FIXTURE:ufo:mtch:1v6-0i5,4,4
FIXTURE:ufo:mtch:1v6-0jm,4,4
FIXTURE:ufo:mtch:1v6-0nn,4,4
FIXTURE:ufo:mtch:1v6-0ow,4,4
FIXTURE:ufo:mtch:1v6-0pc,4,4
FIXTURE:ufo:mtch:1v6-0q6,4,4
FIXTURE:ufo:mtch:1v6-0v3,4,4
FIXTURE:ufo:mtch:1v6-0wo,4,4
FIXTURE:ufo:mtch:1v6-0x6,4,4
FIXTURE:ufo:mtch:1v6-0xu,4,4
FIXTURE:ufo:mtch:1v6-0y6,4,4
FIXTURE:ufo:mtch:1v6-0yg,4,4
FIXTURE:ufo:mtch:1v6-13c,4,4
FIXTURE:ufo:mtch:1v6-16s,4,4
FIXTURE:ufo:mtch:1v6-16t,4,4
FIXTURE:ufo:mtch:1v6-183,4,4
FIXTURE:ufo:mtch:1v6-1la,4,4
FIXTURE:ufo:mtch:1v6-1lf,4,4
FIXTURE:ufo:mtch:1v6-1lw,4,4
FIXTURE:ufo:mtch:1v6-1ly,4,4
FIXTURE:ufo:mtch:1v6-1m8,4,4
FIXTURE:ufo:mtch:1v6-1me,4,4
FIXTURE:ufo:mtch:1v6-1xg,4,4
FIXTURE:ufo:mtch:1v6-1xm,4,4
FIXTURE:ufo:mtch:1v6-1za,4,4
FIXTURE:ufo:mtch:1v6-26x,4,4
FIXTURE:ufo:mtch:1v6-27d,4,4
FIXTURE:ufo:mtch:1v6-29v,4,4
FIXTURE:ufo:mtch:1v6-2eh,4,4
FIXTURE:ufo:mtch:1v6-2f8,4,4
FIXTURE:ufo:mtch:1v6-2fp,4,4
FIXTURE:ufo:mtch:1v6-2fr,4,4
FIXTURE:ufo:mtch:1v6-2g0,4,4
FIXTURE:ufo:mtch:1v6-2hs,4,4
FIXTURE:ufo:mtch:1v6-2id,4,4
FIXTURE:ufo:mtch:1v6-2ss,4,4
FIXTURE:ufo:mtch:1v6-2ve,4,4
FIXTURE:ufo:mtch:1v6-2vg,4,4
FIXTURE:ufo:mtch:1v6-2wq,4,4
FIXTURE:ufo:mtch:1v6-2xd,4,4
FIXTURE:ufo:mtch:1v6-2z5,4,4
FIXTURE:ufo:mtch:1v6-341,4,4
FIXTURE:ufo:mtch:1v6-37n,4,4
FIXTURE:ufo:mtch:1v6-37o,4,4
FIXTURE:ufo:mtch:1v6-37q,4,4
FIXTURE:ufo:mtch:1v6-392,4,4
FIXTURE:ufo:mtch:1v6-3jo,4,4
FIXTURE:ufo:mtch:1v7-005,4,4
FIXTURE:ufo:mtch:1v7-01z,4,4
FIXTURE:ufo:mtch:1v7-02s,4,4
FIXTURE:ufo:mtch:1v7-04b,4,4
FIXTURE:ufo:mtch:1v7-04u,4,4
FIXTURE:ufo:mtch:1v7-055,4,4
FIXTURE:ufo:mtch:1v7-06g,4,4
FIXTURE:ufo:mtch:1v7-06o,4,4
FIXTURE:ufo:mtch:1v7-071,4,4
FIXTURE:ufo:mtch:1v7-072,4,4
FIXTURE:ufo:mtch:1v7-07d,4,4
FIXTURE:ufo:mtch:1v7-08t,4,4
FIXTURE:ufo:mtch:1v7-092,4,4
FIXTURE:ufo:mtch:1v7-09b,4,4
FIXTURE:ufo:mtch:1v7-0ci,4,4
FIXTURE:ufo:mtch:1v7-0d7,4,4
FIXTURE:ufo:mtch:1v7-0ea,4,4
FIXTURE:ufo:mtch:1v7-0eb,4,4
FIXTURE:ufo:mtch:1v7-0el,4,4
FIXTURE:ufo:mtch:1v7-0eo,4,4
FIXTURE:ufo:mtch:1v7-0fh,4,4
FIXTURE:ufo:mtch:1v7-0fj,4,4
FIXTURE:ufo:mtch:1v7-0k1,4,4
FIXTURE:ufo:mtch:1v7-0l8,4,4
FIXTURE:ufo:mtch:1v7-0lg,4,4
FIXTURE:ufo:mtch:1v7-0q1,4,4
FIXTURE:ufo:mtch:1v7-0r1,4,4
FIXTURE:ufo:mtch:1v7-0w9,4,4
FIXTURE:ufo:mtch:1v7-0x6,4,4
FIXTURE:ufo:mtch:1v7-0xc,4,4
FIXTURE:ufo:mtch:1v7-0y9,4,4
FIXTURE:ufo:mtch:1v7-0z5,4,4
FIXTURE:ufo:mtch:1v7-106,4,4
FIXTURE:ufo:mtch:1v7-10m,4,4
FIXTURE:ufo:mtch:1v7-11s,4,4
FIXTURE:ufo:mtch:1v7-11u,4,4
FIXTURE:ufo:mtch:1v7-11x,4,4
FIXTURE:ufo:mtch:1v7-120,4,4
FIXTURE:ufo:mtch:1v7-18c,4,4
FIXTURE:ufo:mtch:1v7-1aq,4,4
FIXTURE:ufo:mtch:1v7-1gx,4,4
FIXTURE:ufo:mtch:1v7-1h9,4,4
FIXTURE:ufo:mtch:1v7-1hn,4,4
FIXTURE:ufo:mtch:1v7-1ht,4,4
FIXTURE:ufo:mtch:1v7-1iz,4,4
FIXTURE:ufo:mtch:1v7-1mf,4,4
FIXTURE:ufo:mtch:1v7-1u6,4,4
FIXTURE:ufo:mtch:1v7-1wd,4,4
FIXTURE:ufo:mtch:1v7-1wq,4,4
FIXTURE:ufo:mtch:1v7-1xf,4,4
FIXTURE:ufo:mtch:1v7-1yu,4,4
FIXTURE:ufo:mtch:1v7-1z2,4,4
FIXTURE:ufo:mtch:1v7-27r,4,4
FIXTURE:ufo:mtch:1v7-2fe,4,4
FIXTURE:ufo:mtch:1v7-2hd,4,4
FIXTURE:ufo:mtch:1v7-2im,4,4
FIXTURE:ufo:mtch:1v7-2o1,4,4
FIXTURE:ufo:mtch:1v7-2pq,4,4
FIXTURE:ufo:mtch:1v7-2tm,4,4
FIXTURE:ufo:mtch:1v7-2ts,4,4
FIXTURE:ufo:mtch:1v7-2z0,4,4
FIXTURE:ufo:mtch:1v7-314,4,4
FIXTURE:ufo:mtch:1v8-005,4,4
FIXTURE:ufo:mtch:1v8-006,4,4
FIXTURE:ufo:mtch:1v8-013,4,4
FIXTURE:ufo:mtch:1v8-018,4,4
FIXTURE:ufo:mtch:1v8-03a,4,4
FIXTURE:ufo:mtch:1v8-043,4,4
FIXTURE:ufo:mtch:1v8-04v,4,4
FIXTURE:ufo:mtch:1v8-0di,4,4
FIXTURE:ufo:mtch:1v8-0gc,4,4
FIXTURE:ufo:mtch:1v8-0mr,4,4
FIXTURE:ufo:mtch:1v8-0nw,4,4
FIXTURE:ufo:mtch:1v8-0te,4,4
FIXTURE:ufo:mtch:1v8-0u9,4,4
FIXTURE:ufo:mtch:1v8-0v0,4,4
FIXTURE:ufo:mtch:1v8-0w2,4,4
FIXTURE:ufo:mtch:1v8-0wv,4,4
FIXTURE:ufo:mtch:1v8-0xl,4,4
FIXTURE:ufo:mtch:1v8-13a,4,4
FIXTURE:ufo:mtch:1v8-13z,4,4
FIXTURE:ufo:mtch:1v8-140,4,4
FIXTURE:ufo:mtch:1v8-14y,4,4
FIXTURE:ufo:mtch:1v8-16s,4,4
FIXTURE:ufo:mtch:1v8-1ai,4,4
FIXTURE:ufo:mtch:1v8-1d4,4,4
FIXTURE:ufo:mtch:1v8-1eu,4,4
FIXTURE:ufo:mtch:1v8-1fa,4,4
FIXTURE:ufo:mtch:1v8-1fm,4,4
FIXTURE:ufo:mtch:1v8-1g2,4,4
FIXTURE:ufo:mtch:1v8-1gx,4,4
FIXTURE:ufo:mtch:1v8-1gz,4,4
FIXTURE:ufo:mtch:1v8-1ii,4,4
FIXTURE:ufo:mtch:1v8-1j1,4,4
FIXTURE:ufo:mtch:1v8-1pj,4,4
FIXTURE:ufo:mtch:1v8-1uo,4,4
FIXTURE:ufo:mtch:1v8-1uz,4,4
FIXTURE:ufo:mtch:1v8-22e,4,4
FIXTURE:ufo:mtch:1v8-25q,4,4
FIXTURE:ufo:mtch:1v8-25t,4,4
FIXTURE:ufo:mtch:1v8-264,4,4
FIXTURE:ufo:mtch:1v8-26g,4,4
FIXTURE:ufo:mtch:1v8-2gk,4,4
FIXTURE:ufo:mtch:1v8-2h0,4,4
FIXTURE:ufo:mtch:1v8-2pg,4,4
FIXTURE:ufo:mtch:1v9-00v,4,4
FIXTURE:ufo:mtch:1v9-023,4,4
FIXTURE:ufo:mtch:1v9-026,4,4
FIXTURE:ufo:mtch:1v9-02x,4,4
FIXTURE:ufo:mtch:1v9-030,4,4
FIXTURE:ufo:mtch:1v9-037,4,4
FIXTURE:ufo:mtch:1v9-03o,4,4
FIXTURE:ufo:mtch:1v9-03p,4,4
FIXTURE:ufo:mtch:1v9-06l,4,4
FIXTURE:ufo:mtch:1v9-08h,4,4
FIXTURE:ufo:mtch:1v9-08m,4,4
FIXTURE:ufo:mtch:1v9-08y,4,4
FIXTURE:ufo:mtch:1v9-0bf,4,4
FIXTURE:ufo:mtch:1v9-0fe,4,4
FIXTURE:ufo:mtch:1v9-0gw,4,4
FIXTURE:ufo:mtch:1v9-0h3,4,4
FIXTURE:ufo:mtch:1v9-0ha,4,4
FIXTURE:ufo:mtch:1v9-0hy,4,4
FIXTURE:ufo:mtch:1v9-0iu,4,4
FIXTURE:ufo:mtch:1v9-0kb,4,4
FIXTURE:ufo:mtch:1v9-0yk,4,4
FIXTURE:ufo:mtch:1v9-119,4,4
FIXTURE:ufo:mtch:1v9-11g,4,4
FIXTURE:ufo:mtch:1v9-11r,4,4
FIXTURE:ufo:mtch:1v9-124,4,4
FIXTURE:ufo:mtch:1v9-133,4,4
FIXTURE:ufo:mtch:1v9-14s,4,4
FIXTURE:ufo:mtch:1v9-154,4,4
FIXTURE:ufo:mtch:1v9-18e,4,4
FIXTURE:ufo:mtch:1v9-18o,4,4
FIXTURE:ufo:mtch:1v9-18r,4,4
FIXTURE:ufo:mtch:1v9-18t,4,4
FIXTURE:ufo:mtch:1v9-18w,4,4
FIXTURE:ufo:mtch:1v9-193,4,4
FIXTURE:ufo:mtch:1v9-1he,4,4
FIXTURE:ufo:mtch:1v9-1ki,4,4
FIXTURE:ufo:mtch:1v9-1l8,4,4
FIXTURE:ufo:mtch:1v9-1rl,4,4
FIXTURE:ufo:mtch:1v9-1s7,4,4
FIXTURE:ufo:mtch:1v9-1sm,4,4
FIXTURE:ufo:mtch:1v9-1zc,4,4
FIXTURE:ufo:mtch:1v9-21n,4,4
FIXTURE:ufo:mtch:1v9-295,4,4
FIXTURE:ufo:mtch:1v9-2bi,4,4
FIXTURE:ufo:mtch:1v9-2cn,4,4
FIXTURE:ufo:mtch:1v9-2ex,4,4
FIXTURE:ufo:mtch:1v9-2f2,4,4
FIXTURE:ufo:mtch:1v9-2f5,4,4
FIXTURE:ufo:mtch:1v9-2fc,4,4
FIXTURE:ufo:mtch:1va-00b,4,4
FIXTURE:ufo:mtch:1va-00c,4,4
FIXTURE:ufo:mtch:1va-00v,4,4
FIXTURE:ufo:mtch:1va-00w,4,4
FIXTURE:ufo:mtch:1va-01h,4,4
FIXTURE:ufo:mtch:1va-027,4,4
FIXTURE:ufo:mtch:1va-02v,4,4
FIXTURE:ufo:mtch:1va-031,4,4
FIXTURE:ufo:mtch:1va-03c,4,4
FIXTURE:ufo:mtch:1va-05z,4,4
FIXTURE:ufo:mtch:1va-07v,4,4
FIXTURE:ufo:mtch:1va-09i,4,4
FIXTURE:ufo:mtch:1va-0al,4,4
FIXTURE:ufo:mtch:1va-0ie,4,4
FIXTURE:ufo:mtch:1va-0mp,4,4
FIXTURE:ufo:mtch:1va-0nd,4,4
FIXTURE:ufo:mtch:1va-0yr,4,4
FIXTURE:ufo:mtch:1va-12n,4,4
FIXTURE:ufo:mtch:1va-138,4,4
FIXTURE:ufo:mtch:1va-166,4,4
FIXTURE:ufo:mtch:1va-16d,4,4
FIXTURE:ufo:mtch:1va-16t,4,4
FIXTURE:ufo:mtch:1va-18z,4,4
FIXTURE:ufo:mtch:1va-1aq,4,4
FIXTURE:ufo:mtch:1va-1cd,4,4
FIXTURE:ufo:mtch:1va-1ch,4,4
FIXTURE:ufo:mtch:1va-1g9,4,4
FIXTURE:ufo:mtch:1va-1t5,4,4
FIXTURE:ufo:mtch:1va-1wp,4,4
FIXTURE:ufo:mtch:1va-1wr,4,4
FIXTURE:ufo:mtch:1va-1x6,4,4
FIXTURE:ufo:mtch:1va-1ye,4,4
FIXTURE:ufo:mtch:1va-2cc,4,4
FIXTURE:ufo:mtch:1va-2g0,4,4
FIXTURE:ufo:mtch:1va-2h7,4,4
FIXTURE:ufo:mtch:1va-2j6,4,4
FIXTURE:ufo:mtch:1vb-016,4,4
FIXTURE:ufo:mtch:1vb-01t,4,4
FIXTURE:ufo:mtch:1vb-01w,4,4
FIXTURE:ufo:mtch:1vb-02m,4,4
FIXTURE:ufo:mtch:1vb-05c,4,4
FIXTURE:ufo:mtch:1vb-05r,4,4
FIXTURE:ufo:mtch:1vb-05z,4,4
FIXTURE:ufo:mtch:1vb-06z,4,4
FIXTURE:ufo:mtch:1vb-083,4,4
FIXTURE:ufo:mtch:1vb-08t,4,4
FIXTURE:ufo:mtch:1vb-0k5,4,4
FIXTURE:ufo:mtch:1vb-0pg,4,4
FIXTURE:ufo:mtch:1vb-0ql,4,4
FIXTURE:ufo:mtch:1vb-0u3,4,4
FIXTURE:ufo:mtch:1vb-0vk,4,4
FIXTURE:ufo:mtch:1vb-130,4,4
FIXTURE:ufo:mtch:1vb-141,4,4
FIXTURE:ufo:mtch:1vb-18r,4,4
FIXTURE:ufo:mtch:1vb-19w,4,4
FIXTURE:ufo:mtch:1vb-19z,4,4
FIXTURE:ufo:mtch:1vb-1kx,4,4
FIXTURE:ufo:mtch:1vb-1o2,4,4
FIXTURE:ufo:mtch:1vb-1zb,4,4
FIXTURE:ufo:mtch:1vb-22w,4,4
FIXTURE:ufo:mtch:1vb-2hu,4,4
FIXTURE:ufo:mtch:1vb-2i6,4,4
FIXTURE:ufo:mtch:1vb-2jp,4,4
FIXTURE:ufo:mtch:1vb-2nc,4,4
FIXTURE:ufo:mtch:1vb-2q8,4,4
FIXTURE:ufo:mtch:1vb-2qo,4,4
FIXTURE:ufo:mtch:1vb-2qt,4,4
FIXTURE:ufo:mtch:1vc-008,4,4
FIXTURE:ufo:mtch:1vc-00j,4,4
FIXTURE:ufo:mtch:1vc-00p,4,4
FIXTURE:ufo:mtch:1vc-026,4,4
FIXTURE:ufo:mtch:1vc-028,4,4
FIXTURE:ufo:mtch:1vc-02y,4,4
FIXTURE:ufo:mtch:1vc-03e,4,4
FIXTURE:ufo:mtch:1vc-03k,4,4
FIXTURE:ufo:mtch:1vc-05f,4,4
FIXTURE:ufo:mtch:1vc-067,4,4
FIXTURE:ufo:mtch:1vc-068,4,4
FIXTURE:ufo:mtch:1vc-07j,4,4
FIXTURE:ufo:mtch:1vc-087,4,4
FIXTURE:ufo:mtch:1vc-08q,4,4
FIXTURE:ufo:mtch:1vc-0ae,4,4
FIXTURE:ufo:mtch:1vc-0aj,4,4
FIXTURE:ufo:mtch:1vc-0as,4,4
FIXTURE:ufo:mtch:1vc-0b2,4,4
FIXTURE:ufo:mtch:1vc-0br,4,4
FIXTURE:ufo:mtch:1vc-0c6,4,4
FIXTURE:ufo:mtch:1vc-0fl,4,4
FIXTURE:ufo:mtch:1vc-0lp,4,4
FIXTURE:ufo:mtch:1vc-0nx,4,4
FIXTURE:ufo:mtch:1vc-0wy,4,4
FIXTURE:ufo:mtch:1vc-0zh,4,4
FIXTURE:ufo:mtch:1vc-0zk,4,4
FIXTURE:ufo:mtch:1vc-0zm,4,4
FIXTURE:ufo:mtch:1vc-0zn,4,4
FIXTURE:ufo:mtch:1vc-181,4,4
FIXTURE:ufo:mtch:1vc-1bz,4,4
FIXTURE:ufo:mtch:1vc-1du,4,4
FIXTURE:ufo:mtch:1vc-1er,4,4
FIXTURE:ufo:mtch:1vc-1ey,4,4
FIXTURE:ufo:mtch:1vc-1f4,4,4
FIXTURE:ufo:mtch:1vc-1fh,4,4
FIXTURE:ufo:mtch:1vc-1fj,4,4
FIXTURE:ufo:mtch:1vc-1fk,4,4
FIXTURE:ufo:mtch:1vc-1fm,4,4
FIXTURE:ufo:mtch:1vc-1fp,4,4
FIXTURE:ufo:mtch:1vc-1gd,4,4
FIXTURE:ufo:mtch:1vc-1k9,4,4
FIXTURE:ufo:mtch:1vc-1tl,4,4
FIXTURE:ufo:mtch:1vc-1tx,4,4
FIXTURE:ufo:mtch:1vc-1u3,4,4
FIXTURE:ufo:mtch:1vc-1ww,4,4
FIXTURE:ufo:mtch:1vc-1x5,4,4
FIXTURE:ufo:mtch:1vc-2a1,4,4
FIXTURE:ufo:mtch:1vc-2a4,4,4
FIXTURE:ufo:mtch:1vc-2a5,4,4
FIXTURE:ufo:mtch:1vc-2nl,4,4
FIXTURE:ufo:mtch:1vc-2v6,4,4
FIXTURE:ufo:mtch:1vd-00i,4,4
FIXTURE:ufo:mtch:1vd-00k,4,4
FIXTURE:ufo:mtch:1vd-016,4,4
FIXTURE:ufo:mtch:1vd-017,4,4
FIXTURE:ufo:mtch:1vd-030,4,4
FIXTURE:ufo:mtch:1vd-03e,4,4
FIXTURE:ufo:mtch:1vd-03v,4,4
FIXTURE:ufo:mtch:1vd-05a,4,4
FIXTURE:ufo:mtch:1vd-05g,4,4
FIXTURE:ufo:mtch:1vd-05k,4,4
FIXTURE:ufo:mtch:1vd-06r,4,4
FIXTURE:ufo:mtch:1vd-07h,4,4
FIXTURE:ufo:mtch:1vd-07y,4,4
FIXTURE:ufo:mtch:1vd-092,4,4
FIXTURE:ufo:mtch:1vd-09b,4,4
FIXTURE:ufo:mtch:1vd-0a8,4,4
FIXTURE:ufo:mtch:1vd-0b3,4,4
FIXTURE:ufo:mtch:1vd-0cv,4,4
FIXTURE:ufo:mtch:1vd-0d1,4,4
FIXTURE:ufo:mtch:1vd-0dt,4,4
FIXTURE:ufo:mtch:1vd-0dv,4,4
FIXTURE:ufo:mtch:1vd-0ef,4,4
FIXTURE:ufo:mtch:1vd-0ei,4,4
FIXTURE:ufo:mtch:1vd-0fs,4,4
FIXTURE:ufo:mtch:1vd-0ge,4,4
FIXTURE:ufo:mtch:1vd-0ip,4,4
FIXTURE:ufo:mtch:1vd-0is,4,4
FIXTURE:ufo:mtch:1vd-0iu,4,4
FIXTURE:ufo:mtch:1vd-0jp,4,4
FIXTURE:ufo:mtch:1vd-0kj,4,4
FIXTURE:ufo:mtch:1vd-0kr,4,4
FIXTURE:ufo:mtch:1vd-0ku,4,4
FIXTURE:ufo:mtch:1vd-0lr,4,4
FIXTURE:ufo:mtch:1vd-0m5,4,4
FIXTURE:ufo:mtch:1vd-0m8,4,4
FIXTURE:ufo:mtch:1vd-0ni,4,4
FIXTURE:ufo:mtch:1vd-0ou,4,4
FIXTURE:ufo:mtch:1vd-0rg,4,4
FIXTURE:ufo:mtch:1vd-0tc,4,4
FIXTURE:ufo:mtch:1vd-0v8,4,4
FIXTURE:ufo:mtch:1vd-0wz,4,4
FIXTURE:ufo:mtch:1vd-0x3,4,4
FIXTURE:ufo:mtch:1vd-0xk,4,4
FIXTURE:ufo:mtch:1vd-0zd,4,4
FIXTURE:ufo:mtch:1vd-106,4,4
FIXTURE:ufo:mtch:1vd-11y,4,4
FIXTURE:ufo:mtch:1vd-15q,4,4
FIXTURE:ufo:mtch:1vd-15w,4,4
FIXTURE:ufo:mtch:1vd-162,4,4
FIXTURE:ufo:mtch:1vd-17i,4,4
FIXTURE:ufo:mtch:1vd-17t,4,4
FIXTURE:ufo:mtch:1vd-1g7,4,4
FIXTURE:ufo:mtch:1vd-1g8,4,4
FIXTURE:ufo:mtch:1vd-1gp,4,4
FIXTURE:ufo:mtch:1vd-1gq,4,4
FIXTURE:ufo:mtch:1vd-1h7,4,4
FIXTURE:ufo:mtch:1vd-1nu,4,4
FIXTURE:ufo:mtch:1vd-1pj,4,4
FIXTURE:ufo:mtch:1vd-25h,4,4
FIXTURE:ufo:mtch:1vd-25r,4,4
FIXTURE:ufo:mtch:1vd-267,4,4
FIXTURE:ufo:mtch:1vd-29k,4,4
FIXTURE:ufo:mtch:1vd-29l,4,4
FIXTURE:ufo:mtch:1vd-2j7,4,4
FIXTURE:ufo:mtch:1vd-2jh,4,4
FIXTURE:ufo:mtch:1vd-2k3,4,4
FIXTURE:ufo:mtch:1vd-2ky,4,4
FIXTURE:ufo:mtch:1vd-2le,4,4
FIXTURE:ufo:mtch:1vd-2zj,4,4
FIXTURE:ufo:mtch:1vd-2zl,4,4
FIXTURE:ufo:mtch:1vd-31u,4,4
FIXTURE:ufo:mtch:1vd-326,4,4
FIXTURE:ufo:mtch:1vd-3az,4,4
FIXTURE:ufo:mtch:1vd-3fk,4,4
FIXTURE:ufo:mtch:1vd-3fm,4,4
FIXTURE:ufo:mtch:1vd-3jx,4,4
FIXTURE:ufo:mtch:1vd-3lm,4,4
FIXTURE:ufo:mtch:1vd-3ln,4,4
FIXTURE:ufo:mtch:1vd-3lw,4,4
FIXTURE:ufo:mtch:1vd-3s2,4,4
FIXTURE:ufo:mtch:1ve-001,4,4
FIXTURE:ufo:mtch:1ve-00l,4,4
FIXTURE:ufo:mtch:1ve-00u,4,4
FIXTURE:ufo:mtch:1ve-00v,4,4
FIXTURE:ufo:mtch:1ve-012,4,4
FIXTURE:ufo:mtch:1ve-017,4,4
FIXTURE:ufo:mtch:1ve-039,4,4
FIXTURE:ufo:mtch:1ve-03b,4,4
FIXTURE:ufo:mtch:1ve-044,4,4
FIXTURE:ufo:mtch:1ve-045,4,4
FIXTURE:ufo:mtch:1ve-04e,4,4
FIXTURE:ufo:mtch:1ve-056,4,4
FIXTURE:ufo:mtch:1ve-05h,4,4
FIXTURE:ufo:mtch:1ve-05i,4,4
FIXTURE:ufo:mtch:1ve-05y,4,4
FIXTURE:ufo:mtch:1ve-060,4,4
FIXTURE:ufo:mtch:1ve-07b,4,4
FIXTURE:ufo:mtch:1ve-07h,4,4
FIXTURE:ufo:mtch:1ve-07o,4,4
FIXTURE:ufo:mtch:1ve-07x,4,4
FIXTURE:ufo:mtch:1ve-08e,4,4
FIXTURE:ufo:mtch:1ve-08o,4,4
FIXTURE:ufo:mtch:1ve-096,4,4
FIXTURE:ufo:mtch:1ve-09s,4,4
FIXTURE:ufo:mtch:1ve-09u,4,4
FIXTURE:ufo:mtch:1ve-09v,4,4
FIXTURE:ufo:mtch:1ve-0ac,4,4
FIXTURE:ufo:mtch:1ve-0ae,4,4
FIXTURE:ufo:mtch:1ve-0af,4,4
FIXTURE:ufo:mtch:1ve-0bi,4,4
FIXTURE:ufo:mtch:1ve-0ej,4,4
FIXTURE:ufo:mtch:1ve-0eo,4,4
FIXTURE:ufo:mtch:1ve-0h6,4,4
FIXTURE:ufo:mtch:1ve-0jq,4,4
FIXTURE:ufo:mtch:1ve-0ov,4,4
FIXTURE:ufo:mtch:1ve-0p0,4,4
FIXTURE:ufo:mtch:1ve-0qy,4,4
FIXTURE:ufo:mtch:1ve-0r5,4,4
FIXTURE:ufo:mtch:1ve-0u1,4,4
FIXTURE:ufo:mtch:1ve-0zi,4,4
FIXTURE:ufo:mtch:1ve-13x,4,4
FIXTURE:ufo:mtch:1ve-188,4,4
FIXTURE:ufo:mtch:1ve-1cy,4,4
FIXTURE:ufo:mtch:1ve-1m1,4,4
FIXTURE:ufo:mtch:1ve-1xy,4,4
FIXTURE:ufo:mtch:1ve-20m,4,4
FIXTURE:ufo:mtch:1ve-22t,4,4
FIXTURE:ufo:mtch:1ve-254,4,4
FIXTURE:ufo:mtch:1ve-27i,4,4
FIXTURE:ufo:mtch:1ve-27l,4,4
FIXTURE:ufo:mtch:1ve-27o,4,4
FIXTURE:ufo:mtch:1ve-27w,4,4
FIXTURE:ufo:mtch:1ve-2dg,4,4
FIXTURE:ufo:mtch:1ve-2do,4,4
FIXTURE:ufo:mtch:1ve-2h3,4,4
FIXTURE:ufo:mtch:1ve-2he,4,4
FIXTURE:ufo:mtch:1ve-2hi,4,4
FIXTURE:ufo:mtch:1ve-2k4,4,4
FIXTURE:ufo:mtch:1ve-2vu,4,4
FIXTURE:ufo:mtch:1ve-312,4,4
FIXTURE:ufo:mtch:1vf-00h,4,4
FIXTURE:ufo:mtch:1vf-013,4,4
FIXTURE:ufo:mtch:1vf-019,4,4
FIXTURE:ufo:mtch:1vf-01z,4,4
FIXTURE:ufo:mtch:1vf-036,4,4
FIXTURE:ufo:mtch:1vf-03v,4,4
FIXTURE:ufo:mtch:1vf-04l,4,4
FIXTURE:ufo:mtch:1vf-055,4,4
FIXTURE:ufo:mtch:1vf-05m,4,4
FIXTURE:ufo:mtch:1vf-09s,4,4
FIXTURE:ufo:mtch:1vf-09u,4,4
FIXTURE:ufo:mtch:1vf-0ey,4,4
FIXTURE:ufo:mtch:1vf-0fl,4,4
FIXTURE:ufo:mtch:1vf-0fo,4,4
FIXTURE:ufo:mtch:1vf-0la,4,4
FIXTURE:ufo:mtch:1vf-10h,4,4
FIXTURE:ufo:mtch:1vf-187,4,4
FIXTURE:ufo:mtch:1vf-18g,4,4
FIXTURE:ufo:mtch:1vf-19n,4,4
FIXTURE:ufo:mtch:1vf-1bl,4,4
FIXTURE:ufo:mtch:1vf-1c1,4,4
FIXTURE:ufo:mtch:1vf-1c2,4,4
FIXTURE:ufo:mtch:1vf-1c8,4,4
FIXTURE:ufo:mtch:1vf-1ca,4,4
FIXTURE:ufo:mtch:1vf-1e9,4,4
FIXTURE:ufo:mtch:1vf-1ml,4,4
FIXTURE:ufo:mtch:1vf-1n2,4,4
FIXTURE:ufo:mtch:1vf-1nt,4,4
FIXTURE:ufo:mtch:1vf-1ny,4,4
FIXTURE:ufo:mtch:1vf-1wt,4,4
FIXTURE:ufo:mtch:1vf-1zy,4,4
FIXTURE:ufo:mtch:1vf-204,4,4
FIXTURE:ufo:mtch:1vf-28l,4,4
FIXTURE:ufo:mtch:1vf-2mp,4,4
FIXTURE:ufo:mtch:1vf-2mu,4,4
FIXTURE:ufo:mtch:1vf-2n4,4,4
FIXTURE:ufo:mtch:1vf-2ne,4,4
FIXTURE:ufo:mtch:1vf-2ng,4,4
FIXTURE:ufo:mtch:1vf-2s6,4,4
FIXTURE:ufo:mtch:1vf-2tf,4,4
FIXTURE:ufo:mtch:1vg-018,4,4
FIXTURE:ufo:mtch:1vg-019,4,4
FIXTURE:ufo:mtch:1vg-01t,4,4
FIXTURE:ufo:mtch:1vg-02e,4,4
FIXTURE:ufo:mtch:1vg-02s,4,4
FIXTURE:ufo:mtch:1vg-03o,4,4
FIXTURE:ufo:mtch:1vg-041,4,4
FIXTURE:ufo:mtch:1vg-046,4,4
FIXTURE:ufo:mtch:1vg-05x,4,4
FIXTURE:ufo:mtch:1vg-066,4,4
FIXTURE:ufo:mtch:1vg-06n,4,4
FIXTURE:ufo:mtch:1vg-06o,4,4
FIXTURE:ufo:mtch:1vg-06v,4,4
FIXTURE:ufo:mtch:1vg-07c,4,4
FIXTURE:ufo:mtch:1vg-080,4,4
FIXTURE:ufo:mtch:1vg-0gi,4,4
FIXTURE:ufo:mtch:1vg-0nh,4,4
FIXTURE:ufo:mtch:1vg-0sh,4,4
FIXTURE:ufo:mtch:1vg-0to,4,4
FIXTURE:ufo:mtch:1vg-0tw,4,4
FIXTURE:ufo:mtch:1vg-0tz,4,4
FIXTURE:ufo:mtch:1vg-0v3,4,4
FIXTURE:ufo:mtch:1vg-0z6,4,4
FIXTURE:ufo:mtch:1vg-10z,4,4
FIXTURE:ufo:mtch:1vg-167,4,4
FIXTURE:ufo:mtch:1vg-17k,4,4
FIXTURE:ufo:mtch:1vg-184,4,4
FIXTURE:ufo:mtch:1vg-1an,4,4
FIXTURE:ufo:mtch:1vg-1d5,4,4
FIXTURE:ufo:mtch:1vg-1jj,4,4
FIXTURE:ufo:mtch:1vg-1os,4,4
FIXTURE:ufo:mtch:1vg-1ps,4,4
FIXTURE:ufo:mtch:1vg-1q8,4,4
FIXTURE:ufo:mtch:1vg-1qi,4,4
FIXTURE:ufo:mtch:1vg-1su,4,4
FIXTURE:ufo:mtch:1vg-1ut,4,4
FIXTURE:ufo:mtch:1vg-223,4,4
FIXTURE:ufo:mtch:1vg-24l,4,4
FIXTURE:ufo:mtch:1vg-25j,4,4
FIXTURE:ufo:mtch:1vg-26k,4,4
FIXTURE:ufo:mtch:1vg-2ax,4,4
FIXTURE:ufo:mtch:1vg-2n2,4,4
FIXTURE:ufo:mtch:1vh-00e,4,4
FIXTURE:ufo:mtch:1vh-00f,4,4
FIXTURE:ufo:mtch:1vh-00g,4,4
FIXTURE:ufo:mtch:1vh-00p,4,4
FIXTURE:ufo:mtch:1vh-00q,4,4
FIXTURE:ufo:mtch:1vh-010,4,4
FIXTURE:ufo:mtch:1vh-017,4,4
FIXTURE:ufo:mtch:1vh-019,4,4
FIXTURE:ufo:mtch:1vh-04g,4,4
FIXTURE:ufo:mtch:1vh-05j,4,4
FIXTURE:ufo:mtch:1vh-05k,4,4
FIXTURE:ufo:mtch:1vh-07n,4,4
FIXTURE:ufo:mtch:1vh-087,4,4
FIXTURE:ufo:mtch:1vh-08g,4,4
FIXTURE:ufo:mtch:1vh-08s,4,4
FIXTURE:ufo:mtch:1vh-09v,4,4
FIXTURE:ufo:mtch:1vh-0ao,4,4
FIXTURE:ufo:mtch:1vh-0aw,4,4
FIXTURE:ufo:mtch:1vh-0dj,4,4
FIXTURE:ufo:mtch:1vh-0eb,4,4
FIXTURE:ufo:mtch:1vh-0ez,4,4
FIXTURE:ufo:mtch:1vh-0f5,4,4
FIXTURE:ufo:mtch:1vh-0fd,4,4
FIXTURE:ufo:mtch:1vh-0j7,4,4
FIXTURE:ufo:mtch:1vh-0k2,4,4
FIXTURE:ufo:mtch:1vh-0kz,4,4
FIXTURE:ufo:mtch:1vh-0lz,4,4
FIXTURE:ufo:mtch:1vh-0m9,4,4
FIXTURE:ufo:mtch:1vh-0ri,4,4
FIXTURE:ufo:mtch:1vh-0s5,4,4
FIXTURE:ufo:mtch:1vh-0s7,4,4
FIXTURE:ufo:mtch:1vh-0sa,4,4
FIXTURE:ufo:mtch:1vh-0tg,4,4
FIXTURE:ufo:mtch:1vh-14m,4,4
FIXTURE:ufo:mtch:1vh-156,4,4
FIXTURE:ufo:mtch:1vh-18v,4,4
FIXTURE:ufo:mtch:1vh-1ak,4,4
FIXTURE:ufo:mtch:1vh-1aq,4,4
FIXTURE:ufo:mtch:1vh-1as,4,4
FIXTURE:ufo:mtch:1vh-1b5,4,4
FIXTURE:ufo:mtch:1vh-1bd,4,4
FIXTURE:ufo:mtch:1vh-1f3,4,4
FIXTURE:ufo:mtch:1vh-1g3,4,4
FIXTURE:ufo:mtch:1vh-1hj,4,4
FIXTURE:ufo:mtch:1vh-1i1,4,4
FIXTURE:ufo:mtch:1vh-1jm,4,4
FIXTURE:ufo:mtch:1vh-1u2,4,4
FIXTURE:ufo:mtch:1vh-1v3,4,4
FIXTURE:ufo:mtch:1vh-1ws,4,4
FIXTURE:ufo:mtch:1vh-29n,4,4
FIXTURE:ufo:mtch:1vh-2as,4,4
FIXTURE:ufo:mtch:1vh-2b5,4,4
FIXTURE:ufo:mtch:1vh-2ea,4,4
FIXTURE:ufo:mtch:1vh-2ec,4,4
FIXTURE:ufo:mtch:1vh-2f1,4,4
FIXTURE:ufo:mtch:1vh-2fq,4,4
FIXTURE:ufo:mtch:1vh-2ft,4,4
FIXTURE:ufo:mtch:1vh-2hy,4,4
FIXTURE:ufo:mtch:1vh-2p2,4,4
FIXTURE:ufo:mtch:1vh-2qe,4,4
FIXTURE:ufo:mtch:1vh-2rf,4,4
FIXTURE:ufo:mtch:1vh-2vh,4,4
FIXTURE:ufo:mtch:1vh-33c,4,4
FIXTURE:ufo:mtch:1vh-33f,4,4
FIXTURE:ufo:mtch:1vh-35z,4,4
FIXTURE:ufo:mtch:1vi-00x,4,4
FIXTURE:ufo:mtch:1vi-025,4,4
FIXTURE:ufo:mtch:1vi-03e,4,4
FIXTURE:ufo:mtch:1vi-04n,4,4
FIXTURE:ufo:mtch:1vi-04o,4,4
FIXTURE:ufo:mtch:1vi-04p,4,4
FIXTURE:ufo:mtch:1vi-051,4,4
FIXTURE:ufo:mtch:1vi-06h,4,4
FIXTURE:ufo:mtch:1vi-06v,4,4
FIXTURE:ufo:mtch:1vi-08c,4,4
FIXTURE:ufo:mtch:1vi-08s,4,4
FIXTURE:ufo:mtch:1vi-0jn,4,4
FIXTURE:ufo:mtch:1vi-13a,4,4
FIXTURE:ufo:mtch:1vi-175,4,4
FIXTURE:ufo:mtch:1vi-179,4,4
FIXTURE:ufo:mtch:1vi-17s,4,4
FIXTURE:ufo:mtch:1vi-17u,4,4
FIXTURE:ufo:mtch:1vi-1b4,4,4
FIXTURE:ufo:mtch:1vi-1f1,4,4
FIXTURE:ufo:mtch:1vi-1jy,4,4
FIXTURE:ufo:mtch:1vi-1k6,4,4
FIXTURE:ufo:mtch:1vi-1l5,4,4
FIXTURE:ufo:mtch:1vi-1pm,4,4
FIXTURE:ufo:mtch:1vi-1ru,4,4
FIXTURE:ufo:mtch:1vi-1sd,4,4
FIXTURE:ufo:mtch:1vi-1sl,4,4
FIXTURE:ufo:mtch:1vi-1ss,4,4
FIXTURE:ufo:mtch:1vi-1zu,4,4
FIXTURE:ufo:mtch:1vi-214,4,4
FIXTURE:ufo:mtch:1vi-25x,4,4
FIXTURE:ufo:mtch:1vi-25y,4,4
FIXTURE:ufo:mtch:1vi-2ej,4,4
FIXTURE:ufo:mtch:1vi-2ek,4,4
FIXTURE:ufo:mtch:1vi-2em,4,4
FIXTURE:ufo:mtch:1vi-2k7,4,4
FIXTURE:ufo:mtch:1vi-2lu,4,4
FIXTURE:ufo:mtch:1vi-2q6,4,4
FIXTURE:ufo:mtch:1vi-2q8,4,4
FIXTURE:ufo:mtch:1vj-01l,4,4
FIXTURE:ufo:mtch:1vj-01w,4,4
FIXTURE:ufo:mtch:1vj-029,4,4
FIXTURE:ufo:mtch:1vj-02f,4,4
FIXTURE:ufo:mtch:1vj-02g,4,4
FIXTURE:ufo:mtch:1vj-035,4,4
FIXTURE:ufo:mtch:1vj-03z,4,4
FIXTURE:ufo:mtch:1vj-04g,4,4
FIXTURE:ufo:mtch:1vj-055,4,4
FIXTURE:ufo:mtch:1vj-05c,4,4
FIXTURE:ufo:mtch:1vj-05d,4,4
FIXTURE:ufo:mtch:1vj-05x,4,4
FIXTURE:ufo:mtch:1vj-060,4,4
FIXTURE:ufo:mtch:1vj-06s,4,4
FIXTURE:ufo:mtch:1vj-06z,4,4
FIXTURE:ufo:mtch:1vj-074,4,4
FIXTURE:ufo:mtch:1vj-07z,4,4
FIXTURE:ufo:mtch:1vj-08p,4,4
FIXTURE:ufo:mtch:1vj-096,4,4
FIXTURE:ufo:mtch:1vj-0bd,4,4
FIXTURE:ufo:mtch:1vj-0bs,4,4
FIXTURE:ufo:mtch:1vj-0bz,4,4
FIXTURE:ufo:mtch:1vj-0cr,4,4
FIXTURE:ufo:mtch:1vj-0dl,4,4
FIXTURE:ufo:mtch:1vj-0dm,4,4
FIXTURE:ufo:mtch:1vj-0e8,4,4
FIXTURE:ufo:mtch:1vj-0jm,4,4
FIXTURE:ufo:mtch:1vj-0mu,4,4
FIXTURE:ufo:mtch:1vj-141,4,4
FIXTURE:ufo:mtch:1vj-14c,4,4
FIXTURE:ufo:mtch:1vj-19e,4,4
FIXTURE:ufo:mtch:1vj-1dl,4,4
FIXTURE:ufo:mtch:1vj-1e7,4,4
FIXTURE:ufo:mtch:1vj-1e8,4,4
FIXTURE:ufo:mtch:1vj-1ex,4,4
FIXTURE:ufo:mtch:1vj-1gf,4,4
FIXTURE:ufo:mtch:1vj-1gp,4,4
FIXTURE:ufo:mtch:1vj-1hj,4,4
FIXTURE:ufo:mtch:1vj-1j8,4,4
FIXTURE:ufo:mtch:1vj-1je,4,4
FIXTURE:ufo:mtch:1vj-1jr,4,4
FIXTURE:ufo:mtch:1vj-1k4,4,4
FIXTURE:ufo:mtch:1vj-1k5,4,4
FIXTURE:ufo:mtch:1vj-1nu,4,4
FIXTURE:ufo:mtch:1vj-1p8,4,4
FIXTURE:ufo:mtch:1vj-1s7,4,4
FIXTURE:ufo:mtch:1vj-1si,4,4
FIXTURE:ufo:mtch:1vj-1um,4,4
FIXTURE:ufo:mtch:1vj-1vm,4,4
FIXTURE:ufo:mtch:1vj-1vo,4,4
FIXTURE:ufo:mtch:1vj-1xc,4,4
FIXTURE:ufo:mtch:1vj-2jd,4,4
FIXTURE:ufo:mtch:1vj-2qd,4,4
FIXTURE:ufo:mtch:1vk-00s,4,4
FIXTURE:ufo:mtch:1vk-00t,4,4
FIXTURE:ufo:mtch:1vk-00v,4,4
FIXTURE:ufo:mtch:1vk-02i,4,4
FIXTURE:ufo:mtch:1vk-02u,4,4
FIXTURE:ufo:mtch:1vk-02y,4,4
FIXTURE:ufo:mtch:1vk-037,4,4
FIXTURE:ufo:mtch:1vk-03a,4,4
FIXTURE:ufo:mtch:1vk-03q,4,4
FIXTURE:ufo:mtch:1vk-04m,4,4
FIXTURE:ufo:mtch:1vk-05h,4,4
FIXTURE:ufo:mtch:1vk-05y,4,4
FIXTURE:ufo:mtch:1vk-07v,4,4
FIXTURE:ufo:mtch:1vk-08t,4,4
FIXTURE:ufo:mtch:1vk-091,4,4
FIXTURE:ufo:mtch:1vk-09b,4,4
FIXTURE:ufo:mtch:1vk-09y,4,4
FIXTURE:ufo:mtch:1vk-0a3,4,4
FIXTURE:ufo:mtch:1vk-0ap,4,4
FIXTURE:ufo:mtch:1vk-0ar,4,4
FIXTURE:ufo:mtch:1vk-0b3,4,4
FIXTURE:ufo:mtch:1vk-0ea,4,4
FIXTURE:ufo:mtch:1vk-0i1,4,4
FIXTURE:ufo:mtch:1vk-0i4,4,4
FIXTURE:ufo:mtch:1vk-0i6,4,4
FIXTURE:ufo:mtch:1vk-0j5,4,4
FIXTURE:ufo:mtch:1vk-0ka,4,4
FIXTURE:ufo:mtch:1vk-0md,4,4
FIXTURE:ufo:mtch:1vk-0mn,4,4
FIXTURE:ufo:mtch:1vk-0o4,4,4
FIXTURE:ufo:mtch:1vk-0q3,4,4
FIXTURE:ufo:mtch:1vk-0qe,4,4
FIXTURE:ufo:mtch:1vk-0qt,4,4
FIXTURE:ufo:mtch:1vk-0qx,4,4
FIXTURE:ufo:mtch:1vk-0r3,4,4
FIXTURE:ufo:mtch:1vk-0r8,4,4
FIXTURE:ufo:mtch:1vk-0rn,4,4
FIXTURE:ufo:mtch:1vk-0zs,4,4
FIXTURE:ufo:mtch:1vk-10k,4,4
FIXTURE:ufo:mtch:1vk-12n,4,4
FIXTURE:ufo:mtch:1vk-16q,4,4
FIXTURE:ufo:mtch:1vk-17v,4,4
FIXTURE:ufo:mtch:1vk-182,4,4
FIXTURE:ufo:mtch:1vk-187,4,4
FIXTURE:ufo:mtch:1vk-1sb,4,4
FIXTURE:ufo:mtch:1vk-1sd,4,4
FIXTURE:ufo:mtch:1vk-1tg,4,4
FIXTURE:ufo:mtch:1vk-1us,4,4
FIXTURE:ufo:mtch:1vk-1uy,4,4
FIXTURE:ufo:mtch:1vk-1vv,4,4
FIXTURE:ufo:mtch:1vk-1wa,4,4
FIXTURE:ufo:mtch:1vk-1wg,4,4
FIXTURE:ufo:mtch:1vk-1wh,4,4
FIXTURE:ufo:mtch:1vk-1wk,4,4
FIXTURE:ufo:mtch:1vk-1wv,4,4
FIXTURE:ufo:mtch:1vk-1xw,4,4
FIXTURE:ufo:mtch:1vk-27u,4,4
FIXTURE:ufo:mtch:1vk-2h2,4,4
FIXTURE:ufo:mtch:1vk-2if,4,4
FIXTURE:ufo:mtch:1vk-2ix,4,4
FIXTURE:ufo:mtch:1vk-2v1,4,4
FIXTURE:ufo:mtch:1vk-2xu,4,4
FIXTURE:ufo:mtch:1vk-3a8,4,4
FIXTURE:ufo:mtch:1vk-3fz,4,4
FIXTURE:ufo:mtch:1vk-3lk,4,4
FIXTURE:ufo:mtch:1vl-000,4,4
FIXTURE:ufo:mtch:1vl-006,4,4
FIXTURE:ufo:mtch:1vl-02j,4,4
FIXTURE:ufo:mtch:1vl-03g,4,4
FIXTURE:ufo:mtch:1vl-04s,4,4
FIXTURE:ufo:mtch:1vl-065,4,4
FIXTURE:ufo:mtch:1vl-06h,4,4
FIXTURE:ufo:mtch:1vl-06l,4,4
FIXTURE:ufo:mtch:1vl-07g,4,4
FIXTURE:ufo:mtch:1vl-07q,4,4
FIXTURE:ufo:mtch:1vl-08n,4,4
FIXTURE:ufo:mtch:1vl-09y,4,4
FIXTURE:ufo:mtch:1vl-0a4,4,4
FIXTURE:ufo:mtch:1vl-0a7,4,4
FIXTURE:ufo:mtch:1vl-0e1,4,4
FIXTURE:ufo:mtch:1vl-0e7,4,4
FIXTURE:ufo:mtch:1vl-0g2,4,4
FIXTURE:ufo:mtch:1vl-0gz,4,4
FIXTURE:ufo:mtch:1vl-0ho,4,4
FIXTURE:ufo:mtch:1vl-0im,4,4
FIXTURE:ufo:mtch:1vl-0ix,4,4
FIXTURE:ufo:mtch:1vl-0k6,4,4
FIXTURE:ufo:mtch:1vl-0kh,4,4
FIXTURE:ufo:mtch:1vl-0l2,4,4
FIXTURE:ufo:mtch:1vl-0l3,4,4
FIXTURE:ufo:mtch:1vl-0ma,4,4
FIXTURE:ufo:mtch:1vl-0n2,4,4
FIXTURE:ufo:mtch:1vl-0n3,4,4
FIXTURE:ufo:mtch:1vl-0o5,4,4
FIXTURE:ufo:mtch:1vl-0t0,4,4
FIXTURE:ufo:mtch:1vl-0ti,4,4
FIXTURE:ufo:mtch:1vl-0wo,4,4
FIXTURE:ufo:mtch:1vl-0xn,4,4
FIXTURE:ufo:mtch:1vl-0xy,4,4
FIXTURE:ufo:mtch:1vl-0zo,4,4
FIXTURE:ufo:mtch:1vl-15d,4,4
FIXTURE:ufo:mtch:1vl-19g,4,4
FIXTURE:ufo:mtch:1vl-1o2,4,4
FIXTURE:ufo:mtch:1vl-1r3,4,4
FIXTURE:ufo:mtch:1vl-1zb,4,4
FIXTURE:ufo:mtch:1vl-20w,4,4
FIXTURE:ufo:mtch:1vl-21e,4,4
FIXTURE:ufo:mtch:1vl-21y,4,4
FIXTURE:ufo:mtch:1vl-229,4,4
FIXTURE:ufo:mtch:1vl-23e,4,4
FIXTURE:ufo:mtch:1vl-23k,4,4
FIXTURE:ufo:mtch:1vl-2cd,4,4
FIXTURE:ufo:mtch:1vl-2cu,4,4
FIXTURE:ufo:mtch:1vl-2cy,4,4
FIXTURE:ufo:mtch:1vl-2d0,4,4
FIXTURE:ufo:mtch:1vl-2ex,4,4
FIXTURE:ufo:mtch:1vl-2ey,4,4
FIXTURE:ufo:mtch:1vl-2ez,4,4
FIXTURE:ufo:mtch:1vl-2o9,4,4
FIXTURE:ufo:mtch:1vl-2oi,4,4
FIXTURE:ufo:mtch:1vl-2p0,4,4
FIXTURE:ufo:mtch:1vl-2p5,4,4
FIXTURE:ufo:mtch:1vl-2pz,4,4
FIXTURE:ufo:mtch:1vm-00f,4,4
FIXTURE:ufo:mtch:1vm-01i,4,4
FIXTURE:ufo:mtch:1vm-024,4,4
FIXTURE:ufo:mtch:1vm-02b,4,4
FIXTURE:ufo:mtch:1vm-033,4,4
FIXTURE:ufo:mtch:1vm-038,4,4
FIXTURE:ufo:mtch:1vm-045,4,4
FIXTURE:ufo:mtch:1vm-078,4,4
FIXTURE:ufo:mtch:1vm-0ip,4,4
FIXTURE:ufo:mtch:1vm-0j6,4,4
FIXTURE:ufo:mtch:1vm-0nr,4,4
FIXTURE:ufo:mtch:1vm-0wp,4,4
FIXTURE:ufo:mtch:1vm-10w,4,4
FIXTURE:ufo:mtch:1vm-1bu,4,4
FIXTURE:ufo:mtch:1vm-1c7,4,4
FIXTURE:ufo:mtch:1vm-1c9,4,4
FIXTURE:ufo:mtch:1vm-1dj,4,4
FIXTURE:ufo:mtch:1vm-1dk,4,4
FIXTURE:ufo:mtch:1vm-1dv,4,4
FIXTURE:ufo:mtch:1vm-1f6,4,4
FIXTURE:ufo:mtch:1vm-1fy,4,4
FIXTURE:ufo:mtch:1vm-26b,4,4
FIXTURE:ufo:mtch:1vm-26t,4,4
FIXTURE:ufo:mtch:1vm-27k,4,4
FIXTURE:ufo:mtch:1vm-27q,4,4
FIXTURE:ufo:mtch:1vm-2o2,4,4
FIXTURE:ufo:mtch:1vm-2o6,4,4
FIXTURE:ufo:mtch:1vm-2ow,4,4
FIXTURE:ufo:mtch:1vm-2r0,4,4
FIXTURE:ufo:mtch:1vm-2r7,4,4
FIXTURE:ufo:mtch:1vn-01q,4,4
FIXTURE:ufo:mtch:1vs-02n,4,4
FIXTURE:ufo:race:1v1-0dy,4,4
FIXTURE:ufo:mtch:1us-071,3,3
FIXTURE:ufo:mtch:1us-089,3,3
FIXTURE:ufo:mtch:1us-08p,3,3
FIXTURE:ufo:mtch:1us-08s,3,3
FIXTURE:ufo:mtch:1us-091,3,3
FIXTURE:ufo:mtch:1us-0a8,3,3
FIXTURE:ufo:mtch:1us-0am,3,3
FIXTURE:ufo:mtch:1us-0az,3,3
FIXTURE:ufo:mtch:1us-0c4,3,3
FIXTURE:ufo:mtch:1us-0dy,3,3
FIXTURE:ufo:mtch:1us-0fo,3,3
FIXTURE:ufo:mtch:1us-0gk,3,3
FIXTURE:ufo:mtch:1us-0mr,3,3
FIXTURE:ufo:mtch:1us-0op,3,3
FIXTURE:ufo:mtch:1us-0p7,3,3
FIXTURE:ufo:mtch:1us-0pa,3,3
FIXTURE:ufo:mtch:1us-0rz,3,3
FIXTURE:ufo:mtch:1us-0ui,3,3
FIXTURE:ufo:mtch:1us-0wq,3,3
FIXTURE:ufo:mtch:1us-0xx,3,3
FIXTURE:ufo:mtch:1us-0yy,3,3
FIXTURE:ufo:mtch:1us-0zd,3,3
FIXTURE:ufo:mtch:1us-10c,3,3
FIXTURE:ufo:mtch:1us-137,3,3
FIXTURE:ufo:mtch:1us-14c,3,3
FIXTURE:ufo:mtch:1us-15n,3,3
FIXTURE:ufo:mtch:1us-16f,3,3
FIXTURE:ufo:mtch:1us-16g,3,3
FIXTURE:ufo:mtch:1us-1ib,3,3
FIXTURE:ufo:mtch:1us-1jh,3,3
FIXTURE:ufo:mtch:1us-1jw,3,3
FIXTURE:ufo:mtch:1us-1ld,3,3
FIXTURE:ufo:mtch:1us-1le,3,3
FIXTURE:ufo:mtch:1us-1m2,3,3
FIXTURE:ufo:mtch:1us-1mb,3,3
FIXTURE:ufo:mtch:1us-1mg,3,3
FIXTURE:ufo:mtch:1us-1mo,3,3
FIXTURE:ufo:mtch:1us-1n1,3,3
FIXTURE:ufo:mtch:1us-1n2,3,3
FIXTURE:ufo:mtch:1us-1ot,3,3
FIXTURE:ufo:mtch:1us-1pa,3,3
FIXTURE:ufo:mtch:1us-1q3,3,3
FIXTURE:ufo:mtch:1us-1q5,3,3
FIXTURE:ufo:mtch:1us-1qt,3,3
FIXTURE:ufo:mtch:1us-1tb,3,3
FIXTURE:ufo:mtch:1us-1w5,3,3
FIXTURE:ufo:mtch:1us-2rp,3,3
FIXTURE:ufo:mtch:1us-2rq,3,3
FIXTURE:ufo:mtch:1us-2sx,3,3
FIXTURE:ufo:mtch:1us-2sy,3,3
FIXTURE:ufo:mtch:1us-2v4,3,3
FIXTURE:ufo:mtch:1us-2w4,3,3
FIXTURE:ufo:mtch:1us-2wn,3,3
FIXTURE:ufo:mtch:1us-2wu,3,3
FIXTURE:ufo:mtch:1us-2y3,3,3
FIXTURE:ufo:mtch:1us-309,3,3
FIXTURE:ufo:mtch:1us-30i,3,3
FIXTURE:ufo:mtch:1us-31m,3,3
FIXTURE:ufo:mtch:1us-35h,3,3
FIXTURE:ufo:mtch:1us-3e0,3,3
FIXTURE:ufo:mtch:1ut-015,3,3
FIXTURE:ufo:mtch:1ut-01y,3,3
FIXTURE:ufo:mtch:1ut-02c,3,3
FIXTURE:ufo:mtch:1ut-02v,3,3
FIXTURE:ufo:mtch:1ut-04g,3,3
FIXTURE:ufo:mtch:1ut-04t,3,3
FIXTURE:ufo:mtch:1ut-08u,3,3
FIXTURE:ufo:mtch:1ut-094,3,3
FIXTURE:ufo:mtch:1ut-099,3,3
FIXTURE:ufo:mtch:1ut-09a,3,3
FIXTURE:ufo:mtch:1ut-09k,3,3
FIXTURE:ufo:mtch:1ut-0b0,3,3
FIXTURE:ufo:mtch:1ut-0ch,3,3
FIXTURE:ufo:mtch:1ut-0cu,3,3
FIXTURE:ufo:mtch:1ut-0cz,3,3
FIXTURE:ufo:mtch:1ut-0dk,3,3
FIXTURE:ufo:mtch:1ut-0dw,3,3
FIXTURE:ufo:mtch:1ut-0f9,3,3
FIXTURE:ufo:mtch:1ut-0hk,3,3
FIXTURE:ufo:mtch:1ut-0jd,3,3
FIXTURE:ufo:mtch:1ut-0lg,3,3
FIXTURE:ufo:mtch:1ut-0n8,3,3
FIXTURE:ufo:mtch:1ut-0qd,3,3
FIXTURE:ufo:mtch:1ut-0ql,3,3
FIXTURE:ufo:mtch:1ut-0rb,3,3
FIXTURE:ufo:mtch:1ut-0ta,3,3
FIXTURE:ufo:mtch:1ut-0uw,3,3
FIXTURE:ufo:mtch:1ut-0v1,3,3
FIXTURE:ufo:mtch:1ut-0vg,3,3
FIXTURE:ufo:mtch:1ut-0vk,3,3
FIXTURE:ufo:mtch:1ut-0w6,3,3
FIXTURE:ufo:mtch:1ut-0wk,3,3
FIXTURE:ufo:mtch:1ut-11c,3,3
FIXTURE:ufo:mtch:1ut-1d1,3,3
FIXTURE:ufo:mtch:1ut-1dj,3,3
FIXTURE:ufo:mtch:1ut-1ds,3,3
FIXTURE:ufo:mtch:1ut-1fd,3,3
FIXTURE:ufo:mtch:1ut-1fe,3,3
FIXTURE:ufo:mtch:1ut-1fx,3,3
FIXTURE:ufo:mtch:1ut-1g1,3,3
FIXTURE:ufo:mtch:1ut-1hn,3,3
FIXTURE:ufo:mtch:1ut-1i0,3,3
FIXTURE:ufo:mtch:1ut-1i7,3,3
FIXTURE:ufo:mtch:1ut-1ia,3,3
FIXTURE:ufo:mtch:1ut-1ip,3,3
FIXTURE:ufo:mtch:1ut-1j8,3,3
FIXTURE:ufo:mtch:1ut-1jp,3,3
FIXTURE:ufo:mtch:1ut-1jx,3,3
FIXTURE:ufo:mtch:1ut-1k1,3,3
FIXTURE:ufo:mtch:1ut-1kn,3,3
FIXTURE:ufo:mtch:1ut-1mz,3,3
FIXTURE:ufo:mtch:1ut-1n3,3,3
FIXTURE:ufo:mtch:1ut-1n4,3,3
FIXTURE:ufo:mtch:1ut-1n7,3,3
FIXTURE:ufo:mtch:1ut-1o3,3,3
FIXTURE:ufo:mtch:1ut-1q8,3,3
FIXTURE:ufo:mtch:1ut-1re,3,3
FIXTURE:ufo:mtch:1ut-1rh,3,3
FIXTURE:ufo:mtch:1ut-1t6,3,3
FIXTURE:ufo:mtch:1ut-1xm,3,3
FIXTURE:ufo:mtch:1ut-1y5,3,3
FIXTURE:ufo:mtch:1ut-1yc,3,3
FIXTURE:ufo:mtch:1ut-24m,3,3
FIXTURE:ufo:mtch:1ut-2d5,3,3
FIXTURE:ufo:mtch:1ut-2es,3,3
FIXTURE:ufo:mtch:1ut-2hw,3,3
FIXTURE:ufo:mtch:1ut-2i0,3,3
FIXTURE:ufo:mtch:1ut-2jy,3,3
FIXTURE:ufo:mtch:1ut-2kf,3,3
FIXTURE:ufo:mtch:1ut-2ko,3,3
FIXTURE:ufo:mtch:1ut-2ms,3,3
FIXTURE:ufo:mtch:1ut-2ol,3,3
FIXTURE:ufo:mtch:1ut-2om,3,3
FIXTURE:ufo:mtch:1ut-2p0,3,3
FIXTURE:ufo:mtch:1ut-2v2,3,3
FIXTURE:ufo:mtch:1ut-2v9,3,3
FIXTURE:ufo:mtch:1uu-010,3,3
FIXTURE:ufo:mtch:1uu-01j,3,3
FIXTURE:ufo:mtch:1uu-02a,3,3
FIXTURE:ufo:mtch:1uu-02b,3,3
FIXTURE:ufo:mtch:1uu-082,3,3
FIXTURE:ufo:mtch:1uu-0a8,3,3
FIXTURE:ufo:mtch:1uu-0b3,3,3
FIXTURE:ufo:mtch:1uu-0bv,3,3
FIXTURE:ufo:mtch:1uu-0dg,3,3
FIXTURE:ufo:mtch:1uu-0gg,3,3
FIXTURE:ufo:mtch:1uu-0gm,3,3
FIXTURE:ufo:mtch:1uu-0vl,3,3
FIXTURE:ufo:mtch:1uu-0x9,3,3
FIXTURE:ufo:mtch:1uu-0xh,3,3
FIXTURE:ufo:mtch:1uu-0xl,3,3
FIXTURE:ufo:mtch:1uu-0y5,3,3
FIXTURE:ufo:mtch:1uu-0ye,3,3
FIXTURE:ufo:mtch:1uu-0yi,3,3
FIXTURE:ufo:mtch:1uu-0z2,3,3
FIXTURE:ufo:mtch:1uu-107,3,3
FIXTURE:ufo:mtch:1uu-11e,3,3
FIXTURE:ufo:mtch:1uu-13m,3,3
FIXTURE:ufo:mtch:1uu-17p,3,3
FIXTURE:ufo:mtch:1uu-188,3,3
FIXTURE:ufo:mtch:1uu-197,3,3
FIXTURE:ufo:mtch:1uu-19g,3,3
FIXTURE:ufo:mtch:1uu-19n,3,3
FIXTURE:ufo:mtch:1uu-1at,3,3
FIXTURE:ufo:mtch:1uu-1ca,3,3
FIXTURE:ufo:mtch:1uu-1dx,3,3
FIXTURE:ufo:mtch:1uu-1ej,3,3
FIXTURE:ufo:mtch:1uu-1fx,3,3
FIXTURE:ufo:mtch:1uu-1gb,3,3
FIXTURE:ufo:mtch:1uu-1h7,3,3
FIXTURE:ufo:mtch:1uu-1il,3,3
FIXTURE:ufo:mtch:1uu-1km,3,3
FIXTURE:ufo:mtch:1uu-1kr,3,3
FIXTURE:ufo:mtch:1uu-1l1,3,3
FIXTURE:ufo:mtch:1uu-1xj,3,3
FIXTURE:ufo:mtch:1uu-1z3,3,3
FIXTURE:ufo:mtch:1uu-1z7,3,3
FIXTURE:ufo:mtch:1uu-1zb,3,3
FIXTURE:ufo:mtch:1uu-203,3,3
FIXTURE:ufo:mtch:1uu-20m,3,3
FIXTURE:ufo:mtch:1uu-212,3,3
FIXTURE:ufo:mtch:1uu-214,3,3
FIXTURE:ufo:mtch:1uu-22h,3,3
FIXTURE:ufo:mtch:1uu-22u,3,3
FIXTURE:ufo:mtch:1uu-232,3,3
FIXTURE:ufo:mtch:1uu-23q,3,3
FIXTURE:ufo:mtch:1uu-23y,3,3
FIXTURE:ufo:mtch:1uu-242,3,3
FIXTURE:ufo:mtch:1uu-24t,3,3
FIXTURE:ufo:mtch:1uu-25f,3,3
FIXTURE:ufo:mtch:1uu-25j,3,3
FIXTURE:ufo:mtch:1uu-26b,3,3
FIXTURE:ufo:mtch:1uu-27d,3,3
FIXTURE:ufo:mtch:1uu-28p,3,3
FIXTURE:ufo:mtch:1uu-299,3,3
FIXTURE:ufo:mtch:1uu-29g,3,3
FIXTURE:ufo:mtch:1uv-010,3,3
FIXTURE:ufo:mtch:1uv-017,3,3
FIXTURE:ufo:mtch:1uv-03e,3,3
FIXTURE:ufo:mtch:1uv-07w,3,3
FIXTURE:ufo:mtch:1uv-0ee,3,3
FIXTURE:ufo:mtch:1uv-0eg,3,3
FIXTURE:ufo:mtch:1uv-0si,3,3
FIXTURE:ufo:mtch:1uv-122,3,3
FIXTURE:ufo:mtch:1uv-124,3,3
FIXTURE:ufo:mtch:1uv-12d,3,3
FIXTURE:ufo:mtch:1uv-12f,3,3
FIXTURE:ufo:mtch:1uv-13s,3,3
FIXTURE:ufo:mtch:1uv-14c,3,3
FIXTURE:ufo:mtch:1uv-15g,3,3
FIXTURE:ufo:mtch:1uv-15s,3,3
FIXTURE:ufo:mtch:1uv-15w,3,3
FIXTURE:ufo:mtch:1uv-1aq,3,3
FIXTURE:ufo:mtch:1uv-1dc,3,3
FIXTURE:ufo:mtch:1uv-1j9,3,3
FIXTURE:ufo:mtch:1uv-1jq,3,3
FIXTURE:ufo:mtch:1uv-1kt,3,3
FIXTURE:ufo:mtch:1uv-1mo,3,3
FIXTURE:ufo:mtch:1uv-25x,3,3
FIXTURE:ufo:mtch:1uv-28g,3,3
FIXTURE:ufo:mtch:1uv-291,3,3
FIXTURE:ufo:mtch:1uv-29l,3,3
FIXTURE:ufo:mtch:1uv-2az,3,3
FIXTURE:ufo:mtch:1uv-2ds,3,3
FIXTURE:ufo:mtch:1uv-2g1,3,3
FIXTURE:ufo:mtch:1uv-2i1,3,3
FIXTURE:ufo:mtch:1uw-00p,3,3
FIXTURE:ufo:mtch:1uw-015,3,3
FIXTURE:ufo:mtch:1uw-04w,3,3
FIXTURE:ufo:mtch:1uw-05c,3,3
FIXTURE:ufo:mtch:1uw-0ap,3,3
FIXTURE:ufo:mtch:1uw-0aq,3,3
FIXTURE:ufo:mtch:1uw-0bl,3,3
FIXTURE:ufo:mtch:1uw-0jp,3,3
FIXTURE:ufo:mtch:1uw-0ym,3,3
FIXTURE:ufo:mtch:1uw-124,3,3
FIXTURE:ufo:mtch:1uw-185,3,3
FIXTURE:ufo:mtch:1uw-18y,3,3
FIXTURE:ufo:mtch:1uw-19p,3,3
FIXTURE:ufo:mtch:1uw-19x,3,3
FIXTURE:ufo:mtch:1uw-1a4,3,3
FIXTURE:ufo:mtch:1uw-1m1,3,3
FIXTURE:ufo:mtch:1uw-1r2,3,3
FIXTURE:ufo:mtch:1uw-1uc,3,3
FIXTURE:ufo:mtch:1uw-27l,3,3
FIXTURE:ufo:mtch:1uw-29k,3,3
FIXTURE:ufo:mtch:1uw-29m,3,3
FIXTURE:ufo:mtch:1uw-29p,3,3
FIXTURE:ufo:mtch:1uw-2bc,3,3
FIXTURE:ufo:mtch:1uw-2ej,3,3
FIXTURE:ufo:mtch:1uw-2f7,3,3
FIXTURE:ufo:mtch:1uw-2fy,3,3
FIXTURE:ufo:mtch:1uw-2kx,3,3
FIXTURE:ufo:mtch:1uw-2o8,3,3
FIXTURE:ufo:mtch:1uw-2v2,3,3
FIXTURE:ufo:mtch:1ux-001,3,3
FIXTURE:ufo:mtch:1ux-002,3,3
FIXTURE:ufo:mtch:1ux-003,3,3
FIXTURE:ufo:mtch:1ux-004,3,3
FIXTURE:ufo:mtch:1ux-018,3,3
FIXTURE:ufo:mtch:1ux-02b,3,3
FIXTURE:ufo:mtch:1ux-042,3,3
FIXTURE:ufo:mtch:1ux-074,3,3
FIXTURE:ufo:mtch:1ux-08v,3,3
FIXTURE:ufo:mtch:1ux-09n,3,3
FIXTURE:ufo:mtch:1ux-0a3,3,3
FIXTURE:ufo:mtch:1ux-0a4,3,3
FIXTURE:ufo:mtch:1ux-0a5,3,3
FIXTURE:ufo:mtch:1ux-0e7,3,3
FIXTURE:ufo:mtch:1ux-0fa,3,3
FIXTURE:ufo:mtch:1ux-0fo,3,3
FIXTURE:ufo:mtch:1ux-0fp,3,3
FIXTURE:ufo:mtch:1ux-0j4,3,3
FIXTURE:ufo:mtch:1ux-0nb,3,3
FIXTURE:ufo:mtch:1ux-0uu,3,3
FIXTURE:ufo:mtch:1ux-0x8,3,3
FIXTURE:ufo:mtch:1ux-0xd,3,3
FIXTURE:ufo:mtch:1ux-0y7,3,3
FIXTURE:ufo:mtch:1ux-0yn,3,3
FIXTURE:ufo:mtch:1ux-12i,3,3
FIXTURE:ufo:mtch:1ux-12p,3,3
FIXTURE:ufo:mtch:1ux-154,3,3
FIXTURE:ufo:mtch:1ux-160,3,3
FIXTURE:ufo:mtch:1ux-16e,3,3
FIXTURE:ufo:mtch:1ux-1ff,3,3
FIXTURE:ufo:mtch:1ux-1ft,3,3
FIXTURE:ufo:mtch:1ux-1p3,3,3
FIXTURE:ufo:mtch:1ux-1po,3,3
FIXTURE:ufo:mtch:1ux-1q9,3,3
FIXTURE:ufo:mtch:1ux-26n,3,3
FIXTURE:ufo:mtch:1ux-26z,3,3
FIXTURE:ufo:mtch:1ux-275,3,3
FIXTURE:ufo:mtch:1ux-2cb,3,3
FIXTURE:ufo:mtch:1ux-2cl,3,3
FIXTURE:ufo:mtch:1ux-2gq,3,3
FIXTURE:ufo:mtch:1ux-2kk,3,3
FIXTURE:ufo:mtch:1ux-2lk,3,3
FIXTURE:ufo:mtch:1ux-2lt,3,3
FIXTURE:ufo:mtch:1uy-024,3,3
FIXTURE:ufo:mtch:1uy-026,3,3
FIXTURE:ufo:mtch:1uy-02i,3,3
FIXTURE:ufo:mtch:1uy-02w,3,3
FIXTURE:ufo:mtch:1uy-031,3,3
FIXTURE:ufo:mtch:1uy-03q,3,3
FIXTURE:ufo:mtch:1uy-043,3,3
FIXTURE:ufo:mtch:1uy-053,3,3
FIXTURE:ufo:mtch:1uy-07x,3,3
FIXTURE:ufo:mtch:1uy-0e2,3,3
FIXTURE:ufo:mtch:1uy-0gx,3,3
FIXTURE:ufo:mtch:1uy-0hc,3,3
FIXTURE:ufo:mtch:1uy-0hf,3,3
FIXTURE:ufo:mtch:1uy-0l3,3,3
FIXTURE:ufo:mtch:1uy-0m9,3,3
FIXTURE:ufo:mtch:1uy-0p7,3,3
FIXTURE:ufo:mtch:1uy-0rs,3,3
FIXTURE:ufo:mtch:1uy-0wc,3,3
FIXTURE:ufo:mtch:1uy-0wo,3,3
FIXTURE:ufo:mtch:1uy-0xv,3,3
FIXTURE:ufo:mtch:1uy-0xx,3,3
FIXTURE:ufo:mtch:1uy-0zd,3,3
FIXTURE:ufo:mtch:1uy-0zw,3,3
FIXTURE:ufo:mtch:1uy-0zz,3,3
FIXTURE:ufo:mtch:1uy-103,3,3
FIXTURE:ufo:mtch:1uy-135,3,3
FIXTURE:ufo:mtch:1uy-139,3,3
FIXTURE:ufo:mtch:1uy-14s,3,3
FIXTURE:ufo:mtch:1uy-1fj,3,3
FIXTURE:ufo:mtch:1uy-1g4,3,3
FIXTURE:ufo:mtch:1uy-1gq,3,3
FIXTURE:ufo:mtch:1uy-1gu,3,3
FIXTURE:ufo:mtch:1uy-1jq,3,3
FIXTURE:ufo:mtch:1uy-1kg,3,3
FIXTURE:ufo:mtch:1uy-1kj,3,3
FIXTURE:ufo:mtch:1uy-1lz,3,3
FIXTURE:ufo:mtch:1uy-1mt,3,3
FIXTURE:ufo:mtch:1uy-1oy,3,3
FIXTURE:ufo:mtch:1uy-1pi,3,3
FIXTURE:ufo:mtch:1uy-1pz,3,3
FIXTURE:ufo:mtch:1uy-1q1,3,3
FIXTURE:ufo:mtch:1uy-1q4,3,3
FIXTURE:ufo:mtch:1uy-1qd,3,3
FIXTURE:ufo:mtch:1uy-1s7,3,3
FIXTURE:ufo:mtch:1uy-1sh,3,3
FIXTURE:ufo:mtch:1uy-1tv,3,3
FIXTURE:ufo:mtch:1uy-1wo,3,3
FIXTURE:ufo:mtch:1uy-1xo,3,3
FIXTURE:ufo:mtch:1uy-26u,3,3
FIXTURE:ufo:mtch:1uy-270,3,3
FIXTURE:ufo:mtch:1uy-28v,3,3
FIXTURE:ufo:mtch:1uy-291,3,3
FIXTURE:ufo:mtch:1uy-2bq,3,3
FIXTURE:ufo:mtch:1uy-2da,3,3
FIXTURE:ufo:mtch:1uy-2fl,3,3
FIXTURE:ufo:mtch:1uy-2fs,3,3
FIXTURE:ufo:mtch:1uy-2ib,3,3
FIXTURE:ufo:mtch:1uy-2kr,3,3
FIXTURE:ufo:mtch:1uy-2la,3,3
FIXTURE:ufo:mtch:1uy-2q3,3,3
FIXTURE:ufo:mtch:1uy-2ue,3,3
FIXTURE:ufo:mtch:1uz-012,3,3
FIXTURE:ufo:mtch:1uz-03j,3,3
FIXTURE:ufo:mtch:1uz-03x,3,3
FIXTURE:ufo:mtch:1uz-03y,3,3
FIXTURE:ufo:mtch:1uz-04x,3,3
FIXTURE:ufo:mtch:1uz-05h,3,3
FIXTURE:ufo:mtch:1uz-05z,3,3
FIXTURE:ufo:mtch:1uz-06z,3,3
FIXTURE:ufo:mtch:1uz-08t,3,3
FIXTURE:ufo:mtch:1uz-0ae,3,3
FIXTURE:ufo:mtch:1uz-0aq,3,3
FIXTURE:ufo:mtch:1uz-0bj,3,3
FIXTURE:ufo:mtch:1uz-0eh,3,3
FIXTURE:ufo:mtch:1uz-0el,3,3
FIXTURE:ufo:mtch:1uz-0fk,3,3
FIXTURE:ufo:mtch:1uz-0fy,3,3
FIXTURE:ufo:mtch:1uz-0hf,3,3
FIXTURE:ufo:mtch:1uz-0jl,3,3
FIXTURE:ufo:mtch:1uz-0js,3,3
FIXTURE:ufo:mtch:1uz-0lu,3,3
FIXTURE:ufo:mtch:1uz-0mr,3,3
FIXTURE:ufo:mtch:1uz-0oe,3,3
FIXTURE:ufo:mtch:1uz-0r6,3,3
FIXTURE:ufo:mtch:1uz-0ug,3,3
FIXTURE:ufo:mtch:1uz-0x2,3,3
FIXTURE:ufo:mtch:1uz-101,3,3
FIXTURE:ufo:mtch:1uz-1gz,3,3
FIXTURE:ufo:mtch:1uz-1s8,3,3
FIXTURE:ufo:mtch:1uz-1wg,3,3
FIXTURE:ufo:mtch:1uz-1ww,3,3
FIXTURE:ufo:mtch:1uz-1x5,3,3
FIXTURE:ufo:mtch:1uz-1xb,3,3
FIXTURE:ufo:mtch:1uz-1xl,3,3
FIXTURE:ufo:mtch:1uz-1y2,3,3
FIXTURE:ufo:mtch:1uz-1yw,3,3
FIXTURE:ufo:mtch:1uz-1zr,3,3
FIXTURE:ufo:mtch:1uz-20c,3,3
FIXTURE:ufo:mtch:1uz-214,3,3
FIXTURE:ufo:mtch:1uz-21d,3,3
FIXTURE:ufo:mtch:1uz-21i,3,3
FIXTURE:ufo:mtch:1uz-21o,3,3
FIXTURE:ufo:mtch:1uz-22e,3,3
FIXTURE:ufo:mtch:1uz-244,3,3
FIXTURE:ufo:mtch:1uz-249,3,3
FIXTURE:ufo:mtch:1uz-24q,3,3
FIXTURE:ufo:mtch:1uz-24r,3,3
FIXTURE:ufo:mtch:1uz-25j,3,3
FIXTURE:ufo:mtch:1uz-28e,3,3
FIXTURE:ufo:mtch:1uz-28u,3,3
FIXTURE:ufo:mtch:1uz-297,3,3
FIXTURE:ufo:mtch:1uz-2ad,3,3
FIXTURE:ufo:mtch:1uz-2ai,3,3
FIXTURE:ufo:mtch:1uz-2ay,3,3
FIXTURE:ufo:mtch:1uz-2by,3,3
FIXTURE:ufo:mtch:1uz-2c0,3,3
FIXTURE:ufo:mtch:1uz-2cu,3,3
FIXTURE:ufo:mtch:1uz-2cv,3,3
FIXTURE:ufo:mtch:1uz-2dl,3,3
FIXTURE:ufo:mtch:1uz-2es,3,3
FIXTURE:ufo:mtch:1uz-2eu,3,3
FIXTURE:ufo:mtch:1uz-2fh,3,3
FIXTURE:ufo:mtch:1uz-2gu,3,3
FIXTURE:ufo:mtch:1uz-2ha,3,3
FIXTURE:ufo:mtch:1uz-2id,3,3
FIXTURE:ufo:mtch:1uz-2ip,3,3
FIXTURE:ufo:mtch:1uz-2iv,3,3
FIXTURE:ufo:mtch:1uz-2iy,3,3
FIXTURE:ufo:mtch:1uz-2mj,3,3
FIXTURE:ufo:mtch:1uz-2vs,3,3
FIXTURE:ufo:mtch:1uz-2w7,3,3
FIXTURE:ufo:mtch:1uz-2x2,3,3
FIXTURE:ufo:mtch:1uz-2xu,3,3
FIXTURE:ufo:mtch:1uz-318,3,3
FIXTURE:ufo:mtch:1uz-31r,3,3
FIXTURE:ufo:mtch:1uz-32g,3,3
FIXTURE:ufo:mtch:1uz-330,3,3
FIXTURE:ufo:mtch:1uz-33o,3,3
FIXTURE:ufo:mtch:1uz-33r,3,3
FIXTURE:ufo:mtch:1uz-366,3,3
FIXTURE:ufo:mtch:1uz-39p,3,3
FIXTURE:ufo:mtch:1uz-3bu,3,3
FIXTURE:ufo:mtch:1uz-3gs,3,3
FIXTURE:ufo:mtch:1uz-3kb,3,3
FIXTURE:ufo:mtch:1uz-3l8,3,3
FIXTURE:ufo:mtch:1v0-00e,3,3
FIXTURE:ufo:mtch:1v0-02v,3,3
FIXTURE:ufo:mtch:1v0-040,3,3
FIXTURE:ufo:mtch:1v0-0ag,3,3
FIXTURE:ufo:mtch:1v0-0ds,3,3
FIXTURE:ufo:mtch:1v0-0i1,3,3
FIXTURE:ufo:mtch:1v0-0i5,3,3
FIXTURE:ufo:mtch:1v0-0i9,3,3
FIXTURE:ufo:mtch:1v0-0lv,3,3
FIXTURE:ufo:mtch:1v0-0q9,3,3
FIXTURE:ufo:mtch:1v0-0uk,3,3
FIXTURE:ufo:mtch:1v0-0xk,3,3
FIXTURE:ufo:mtch:1v0-16j,3,3
FIXTURE:ufo:mtch:1v0-16k,3,3
FIXTURE:ufo:mtch:1v0-17x,3,3
FIXTURE:ufo:mtch:1v0-18i,3,3
FIXTURE:ufo:mtch:1v0-197,3,3
FIXTURE:ufo:mtch:1v0-19f,3,3
FIXTURE:ufo:mtch:1v0-19x,3,3
FIXTURE:ufo:mtch:1v0-1bl,3,3
FIXTURE:ufo:mtch:1v0-1c0,3,3
FIXTURE:ufo:mtch:1v0-1c3,3,3
FIXTURE:ufo:mtch:1v0-1cl,3,3
FIXTURE:ufo:mtch:1v0-1d1,3,3
FIXTURE:ufo:mtch:1v0-1gx,3,3
FIXTURE:ufo:mtch:1v0-1j1,3,3
FIXTURE:ufo:mtch:1v0-1l7,3,3
FIXTURE:ufo:mtch:1v0-1lz,3,3
FIXTURE:ufo:mtch:1v0-1n1,3,3
FIXTURE:ufo:mtch:1v0-1or,3,3
FIXTURE:ufo:mtch:1v0-1po,3,3
FIXTURE:ufo:mtch:1v0-1pp,3,3
FIXTURE:ufo:mtch:1v0-1ps,3,3
FIXTURE:ufo:mtch:1v0-1q6,3,3
FIXTURE:ufo:mtch:1v0-1x8,3,3
FIXTURE:ufo:mtch:1v0-1xe,3,3
FIXTURE:ufo:mtch:1v0-225,3,3
FIXTURE:ufo:mtch:1v0-227,3,3
FIXTURE:ufo:mtch:1v0-22b,3,3
FIXTURE:ufo:mtch:1v0-2bq,3,3
FIXTURE:ufo:mtch:1v0-2bs,3,3
FIXTURE:ufo:mtch:1v0-2er,3,3
FIXTURE:ufo:mtch:1v0-2es,3,3
FIXTURE:ufo:mtch:1v0-2qu,3,3
FIXTURE:ufo:mtch:1v0-2wb,3,3
FIXTURE:ufo:mtch:1v1-02o,3,3
FIXTURE:ufo:mtch:1v1-07e,3,3
FIXTURE:ufo:mtch:1v1-08z,3,3
FIXTURE:ufo:mtch:1v1-0gs,3,3
FIXTURE:ufo:mtch:1v1-0he,3,3
FIXTURE:ufo:mtch:1v1-0ii,3,3
FIXTURE:ufo:mtch:1v1-0mh,3,3
FIXTURE:ufo:mtch:1v1-0u7,3,3
FIXTURE:ufo:mtch:1v1-0us,3,3
FIXTURE:ufo:mtch:1v1-0wd,3,3
FIXTURE:ufo:mtch:1v1-0wh,3,3
FIXTURE:ufo:mtch:1v1-0yk,3,3
FIXTURE:ufo:mtch:1v1-0ym,3,3
FIXTURE:ufo:mtch:1v1-0zd,3,3
FIXTURE:ufo:mtch:1v1-0zt,3,3
FIXTURE:ufo:mtch:1v1-0zu,3,3
FIXTURE:ufo:mtch:1v1-0zv,3,3
FIXTURE:ufo:mtch:1v1-107,3,3
FIXTURE:ufo:mtch:1v1-110,3,3
FIXTURE:ufo:mtch:1v1-12m,3,3
FIXTURE:ufo:mtch:1v1-132,3,3
FIXTURE:ufo:mtch:1v1-13i,3,3
FIXTURE:ufo:mtch:1v1-14y,3,3
FIXTURE:ufo:mtch:1v1-16e,3,3
FIXTURE:ufo:mtch:1v1-1bh,3,3
FIXTURE:ufo:mtch:1v1-1bk,3,3
FIXTURE:ufo:mtch:1v1-1bl,3,3
FIXTURE:ufo:mtch:1v1-1bx,3,3
FIXTURE:ufo:mtch:1v1-1cp,3,3
FIXTURE:ufo:mtch:1v1-1ed,3,3
FIXTURE:ufo:mtch:1v1-1ej,3,3
FIXTURE:ufo:mtch:1v1-1ek,3,3
FIXTURE:ufo:mtch:1v1-1ge,3,3
FIXTURE:ufo:mtch:1v1-1gh,3,3
FIXTURE:ufo:mtch:1v1-1gv,3,3
FIXTURE:ufo:mtch:1v1-1hd,3,3
FIXTURE:ufo:mtch:1v1-1hg,3,3
FIXTURE:ufo:mtch:1v1-1hu,3,3
FIXTURE:ufo:mtch:1v1-1if,3,3
FIXTURE:ufo:mtch:1v1-1it,3,3
FIXTURE:ufo:mtch:1v1-1jf,3,3
FIXTURE:ufo:mtch:1v1-1ks,3,3
FIXTURE:ufo:mtch:1v1-1lf,3,3
FIXTURE:ufo:mtch:1v1-1q2,3,3
FIXTURE:ufo:mtch:1v1-1vh,3,3
FIXTURE:ufo:mtch:1v1-1vl,3,3
FIXTURE:ufo:mtch:1v1-1vv,3,3
FIXTURE:ufo:mtch:1v1-1vx,3,3
FIXTURE:ufo:mtch:1v1-1wd,3,3
FIXTURE:ufo:mtch:1v1-1wk,3,3
FIXTURE:ufo:mtch:1v1-1x1,3,3
FIXTURE:ufo:mtch:1v1-1xc,3,3
FIXTURE:ufo:mtch:1v1-21w,3,3
FIXTURE:ufo:mtch:1v1-222,3,3
FIXTURE:ufo:mtch:1v1-22f,3,3
FIXTURE:ufo:mtch:1v1-22o,3,3
FIXTURE:ufo:mtch:1v1-25o,3,3
FIXTURE:ufo:mtch:1v1-27k,3,3
FIXTURE:ufo:mtch:1v1-2ar,3,3
FIXTURE:ufo:mtch:1v1-2c3,3,3
FIXTURE:ufo:mtch:1v1-2dr,3,3
FIXTURE:ufo:mtch:1v1-2dv,3,3
FIXTURE:ufo:mtch:1v1-2e5,3,3
FIXTURE:ufo:mtch:1v1-2ee,3,3
FIXTURE:ufo:mtch:1v2-00n,3,3
FIXTURE:ufo:mtch:1v2-00r,3,3
FIXTURE:ufo:mtch:1v2-01v,3,3
FIXTURE:ufo:mtch:1v2-033,3,3
FIXTURE:ufo:mtch:1v2-052,3,3
FIXTURE:ufo:mtch:1v2-08n,3,3
FIXTURE:ufo:mtch:1v2-09b,3,3
FIXTURE:ufo:mtch:1v2-0fc,3,3
FIXTURE:ufo:mtch:1v2-0fe,3,3
FIXTURE:ufo:mtch:1v2-0gw,3,3
FIXTURE:ufo:mtch:1v2-0h0,3,3
FIXTURE:ufo:mtch:1v2-0h2,3,3
FIXTURE:ufo:mtch:1v2-0h4,3,3
FIXTURE:ufo:mtch:1v2-0hu,3,3
FIXTURE:ufo:mtch:1v2-0km,3,3
FIXTURE:ufo:mtch:1v2-0ko,3,3
FIXTURE:ufo:mtch:1v2-0t4,3,3
FIXTURE:ufo:mtch:1v2-0t8,3,3
FIXTURE:ufo:mtch:1v2-0z8,3,3
FIXTURE:ufo:mtch:1v2-0zq,3,3
FIXTURE:ufo:mtch:1v2-0zw,3,3
FIXTURE:ufo:mtch:1v2-11a,3,3
FIXTURE:ufo:mtch:1v2-11j,3,3
FIXTURE:ufo:mtch:1v2-11u,3,3
FIXTURE:ufo:mtch:1v2-123,3,3
FIXTURE:ufo:mtch:1v2-13b,3,3
FIXTURE:ufo:mtch:1v2-13f,3,3
FIXTURE:ufo:mtch:1v2-13k,3,3
FIXTURE:ufo:mtch:1v2-13w,3,3
FIXTURE:ufo:mtch:1v2-142,3,3
FIXTURE:ufo:mtch:1v2-148,3,3
FIXTURE:ufo:mtch:1v2-14b,3,3
FIXTURE:ufo:mtch:1v2-14i,3,3
FIXTURE:ufo:mtch:1v2-15s,3,3
FIXTURE:ufo:mtch:1v2-15v,3,3
FIXTURE:ufo:mtch:1v2-16y,3,3
FIXTURE:ufo:mtch:1v2-187,3,3
FIXTURE:ufo:mtch:1v2-19p,3,3
FIXTURE:ufo:mtch:1v2-1a2,3,3
FIXTURE:ufo:mtch:1v2-1au,3,3
FIXTURE:ufo:mtch:1v2-1az,3,3
FIXTURE:ufo:mtch:1v2-1bb,3,3
FIXTURE:ufo:mtch:1v2-1bv,3,3
FIXTURE:ufo:mtch:1v2-1di,3,3
FIXTURE:ufo:mtch:1v2-1dt,3,3
FIXTURE:ufo:mtch:1v2-1e4,3,3
FIXTURE:ufo:mtch:1v2-1e7,3,3
FIXTURE:ufo:mtch:1v2-1ei,3,3
FIXTURE:ufo:mtch:1v2-1ew,3,3
FIXTURE:ufo:mtch:1v2-1ff,3,3
FIXTURE:ufo:mtch:1v2-1fw,3,3
FIXTURE:ufo:mtch:1v2-1qb,3,3
FIXTURE:ufo:mtch:1v2-1qx,3,3
FIXTURE:ufo:mtch:1v2-1z4,3,3
FIXTURE:ufo:mtch:1v2-24k,3,3
FIXTURE:ufo:mtch:1v2-24p,3,3
FIXTURE:ufo:mtch:1v2-24t,3,3
FIXTURE:ufo:mtch:1v2-258,3,3
FIXTURE:ufo:mtch:1v2-27v,3,3
FIXTURE:ufo:mtch:1v2-284,3,3
FIXTURE:ufo:mtch:1v2-287,3,3
FIXTURE:ufo:mtch:1v2-2b5,3,3
FIXTURE:ufo:mtch:1v2-2cd,3,3
FIXTURE:ufo:mtch:1v2-2di,3,3
FIXTURE:ufo:mtch:1v2-2dt,3,3
FIXTURE:ufo:mtch:1v2-2f5,3,3
FIXTURE:ufo:mtch:1v2-2fe,3,3
FIXTURE:ufo:mtch:1v2-2gs,3,3
FIXTURE:ufo:mtch:1v2-2gu,3,3
FIXTURE:ufo:mtch:1v2-2hw,3,3
FIXTURE:ufo:mtch:1v2-2rl,3,3
FIXTURE:ufo:mtch:1v2-2up,3,3
FIXTURE:ufo:mtch:1v2-2us,3,3
FIXTURE:ufo:mtch:1v2-2va,3,3
FIXTURE:ufo:mtch:1v3-01h,3,3
FIXTURE:ufo:mtch:1v3-01s,3,3
FIXTURE:ufo:mtch:1v3-02u,3,3
FIXTURE:ufo:mtch:1v3-04g,3,3
FIXTURE:ufo:mtch:1v3-05h,3,3
FIXTURE:ufo:mtch:1v3-06j,3,3
FIXTURE:ufo:mtch:1v3-06x,3,3
FIXTURE:ufo:mtch:1v3-097,3,3
FIXTURE:ufo:mtch:1v3-09g,3,3
FIXTURE:ufo:mtch:1v3-0aq,3,3
FIXTURE:ufo:mtch:1v3-0d6,3,3
FIXTURE:ufo:mtch:1v3-0f5,3,3
FIXTURE:ufo:mtch:1v3-0o8,3,3
FIXTURE:ufo:mtch:1v3-0xg,3,3
FIXTURE:ufo:mtch:1v3-11w,3,3
FIXTURE:ufo:mtch:1v3-11x,3,3
FIXTURE:ufo:mtch:1v3-1cf,3,3
FIXTURE:ufo:mtch:1v3-1do,3,3
FIXTURE:ufo:mtch:1v3-1ib,3,3
FIXTURE:ufo:mtch:1v3-1ll,3,3
FIXTURE:ufo:mtch:1v3-1ls,3,3
FIXTURE:ufo:mtch:1v3-1lt,3,3
FIXTURE:ufo:mtch:1v3-1lx,3,3
FIXTURE:ufo:mtch:1v3-1mo,3,3
FIXTURE:ufo:mtch:1v3-1mu,3,3
FIXTURE:ufo:mtch:1v3-1mz,3,3
FIXTURE:ufo:mtch:1v3-1nd,3,3
FIXTURE:ufo:mtch:1v3-1nj,3,3
FIXTURE:ufo:mtch:1v3-1nw,3,3
FIXTURE:ufo:mtch:1v3-1ow,3,3
FIXTURE:ufo:mtch:1v3-1p0,3,3
FIXTURE:ufo:mtch:1v3-1pc,3,3
FIXTURE:ufo:mtch:1v3-1sw,3,3
FIXTURE:ufo:mtch:1v3-1ti,3,3
FIXTURE:ufo:mtch:1v3-1uf,3,3
FIXTURE:ufo:mtch:1v3-26l,3,3
FIXTURE:ufo:mtch:1v3-275,3,3
FIXTURE:ufo:mtch:1v3-27x,3,3
FIXTURE:ufo:mtch:1v3-288,3,3
FIXTURE:ufo:mtch:1v3-29b,3,3
FIXTURE:ufo:mtch:1v3-2iv,3,3
FIXTURE:ufo:mtch:1v3-2q5,3,3
FIXTURE:ufo:mtch:1v3-2wc,3,3
FIXTURE:ufo:mtch:1v4-002,3,3
FIXTURE:ufo:mtch:1v4-035,3,3
FIXTURE:ufo:mtch:1v4-055,3,3
FIXTURE:ufo:mtch:1v4-05o,3,3
FIXTURE:ufo:mtch:1v4-063,3,3
FIXTURE:ufo:mtch:1v4-073,3,3
FIXTURE:ufo:mtch:1v4-0bi,3,3
FIXTURE:ufo:mtch:1v4-0bj,3,3
FIXTURE:ufo:mtch:1v4-0j1,3,3
FIXTURE:ufo:mtch:1v4-0ny,3,3
FIXTURE:ufo:mtch:1v4-0on,3,3
FIXTURE:ufo:mtch:1v4-0st,3,3
FIXTURE:ufo:mtch:1v4-0v8,3,3
FIXTURE:ufo:mtch:1v4-0x2,3,3
FIXTURE:ufo:mtch:1v4-0xd,3,3
FIXTURE:ufo:mtch:1v4-0y6,3,3
FIXTURE:ufo:mtch:1v4-0ya,3,3
FIXTURE:ufo:mtch:1v4-0ym,3,3
FIXTURE:ufo:mtch:1v4-13t,3,3
FIXTURE:ufo:mtch:1v4-152,3,3
FIXTURE:ufo:mtch:1v4-1cx,3,3
FIXTURE:ufo:mtch:1v4-1dp,3,3
FIXTURE:ufo:mtch:1v4-1dr,3,3
FIXTURE:ufo:mtch:1v4-1dz,3,3
FIXTURE:ufo:mtch:1v4-1f0,3,3
FIXTURE:ufo:mtch:1v4-1f6,3,3
FIXTURE:ufo:mtch:1v4-1hb,3,3
FIXTURE:ufo:mtch:1v4-1kr,3,3
FIXTURE:ufo:mtch:1v4-1u7,3,3
FIXTURE:ufo:mtch:1v4-1wd,3,3
FIXTURE:ufo:mtch:1v4-217,3,3
FIXTURE:ufo:mtch:1v4-21b,3,3
FIXTURE:ufo:mtch:1v4-221,3,3
FIXTURE:ufo:mtch:1v4-223,3,3
FIXTURE:ufo:mtch:1v4-22o,3,3
FIXTURE:ufo:mtch:1v4-24q,3,3
FIXTURE:ufo:mtch:1v4-2fv,3,3
FIXTURE:ufo:mtch:1v4-2h6,3,3
FIXTURE:ufo:mtch:1v4-2kl,3,3
FIXTURE:ufo:mtch:1v5-00h,3,3
FIXTURE:ufo:mtch:1v5-00q,3,3
FIXTURE:ufo:mtch:1v5-014,3,3
FIXTURE:ufo:mtch:1v5-01k,3,3
FIXTURE:ufo:mtch:1v5-037,3,3
FIXTURE:ufo:mtch:1v5-06r,3,3
FIXTURE:ufo:mtch:1v5-070,3,3
FIXTURE:ufo:mtch:1v5-076,3,3
FIXTURE:ufo:mtch:1v5-09k,3,3
FIXTURE:ufo:mtch:1v5-09l,3,3
FIXTURE:ufo:mtch:1v5-0ai,3,3
FIXTURE:ufo:mtch:1v5-0b4,3,3
FIXTURE:ufo:mtch:1v5-0c4,3,3
FIXTURE:ufo:mtch:1v5-0cu,3,3
FIXTURE:ufo:mtch:1v5-0k7,3,3
FIXTURE:ufo:mtch:1v5-0ka,3,3
FIXTURE:ufo:mtch:1v5-0lr,3,3
FIXTURE:ufo:mtch:1v5-0ql,3,3
FIXTURE:ufo:mtch:1v5-0rx,3,3
FIXTURE:ufo:mtch:1v5-0xo,3,3
FIXTURE:ufo:mtch:1v5-0xz,3,3
FIXTURE:ufo:mtch:1v5-0y9,3,3
FIXTURE:ufo:mtch:1v5-0yh,3,3
FIXTURE:ufo:mtch:1v5-0yu,3,3
FIXTURE:ufo:mtch:1v5-0ze,3,3
FIXTURE:ufo:mtch:1v5-103,3,3
FIXTURE:ufo:mtch:1v5-10c,3,3
FIXTURE:ufo:mtch:1v5-10t,3,3
FIXTURE:ufo:mtch:1v5-10w,3,3
FIXTURE:ufo:mtch:1v5-10y,3,3
FIXTURE:ufo:mtch:1v5-114,3,3
FIXTURE:ufo:mtch:1v5-1cn,3,3
FIXTURE:ufo:mtch:1v5-1cq,3,3
FIXTURE:ufo:mtch:1v5-1dj,3,3
FIXTURE:ufo:mtch:1v5-1m0,3,3
FIXTURE:ufo:mtch:1v5-1qn,3,3
FIXTURE:ufo:mtch:1v5-1r0,3,3
FIXTURE:ufo:mtch:1v5-1rv,3,3
FIXTURE:ufo:mtch:1v5-1sy,3,3
FIXTURE:ufo:mtch:1v5-1ta,3,3
FIXTURE:ufo:mtch:1v5-1td,3,3
FIXTURE:ufo:mtch:1v5-1u0,3,3
FIXTURE:ufo:mtch:1v5-1u6,3,3
FIXTURE:ufo:mtch:1v5-1uw,3,3
FIXTURE:ufo:mtch:1v5-1v7,3,3
FIXTURE:ufo:mtch:1v5-20n,3,3
FIXTURE:ufo:mtch:1v5-222,3,3
FIXTURE:ufo:mtch:1v5-22z,3,3
FIXTURE:ufo:mtch:1v5-28h,3,3
FIXTURE:ufo:mtch:1v5-28n,3,3
FIXTURE:ufo:mtch:1v5-2a3,3,3
FIXTURE:ufo:mtch:1v5-2as,3,3
FIXTURE:ufo:mtch:1v5-2f6,3,3
FIXTURE:ufo:mtch:1v5-2iq,3,3
FIXTURE:ufo:mtch:1v6-00w,3,3
FIXTURE:ufo:mtch:1v6-016,3,3
FIXTURE:ufo:mtch:1v6-021,3,3
FIXTURE:ufo:mtch:1v6-025,3,3
FIXTURE:ufo:mtch:1v6-02p,3,3
FIXTURE:ufo:mtch:1v6-053,3,3
FIXTURE:ufo:mtch:1v6-06o,3,3
FIXTURE:ufo:mtch:1v6-06p,3,3
FIXTURE:ufo:mtch:1v6-0am,3,3
FIXTURE:ufo:mtch:1v6-0ao,3,3
FIXTURE:ufo:mtch:1v6-0bp,3,3
FIXTURE:ufo:mtch:1v6-0dr,3,3
FIXTURE:ufo:mtch:1v6-0dv,3,3
FIXTURE:ufo:mtch:1v6-0ey,3,3
FIXTURE:ufo:mtch:1v6-0h2,3,3
FIXTURE:ufo:mtch:1v6-0h7,3,3
FIXTURE:ufo:mtch:1v6-0hg,3,3
FIXTURE:ufo:mtch:1v6-0ic,3,3
FIXTURE:ufo:mtch:1v6-0jy,3,3
FIXTURE:ufo:mtch:1v6-0k7,3,3
FIXTURE:ufo:mtch:1v6-0m8,3,3
FIXTURE:ufo:mtch:1v6-0m9,3,3
FIXTURE:ufo:mtch:1v6-0mh,3,3
FIXTURE:ufo:mtch:1v6-0mr,3,3
FIXTURE:ufo:mtch:1v6-0ny,3,3
FIXTURE:ufo:mtch:1v6-0ob,3,3
FIXTURE:ufo:mtch:1v6-0ps,3,3
FIXTURE:ufo:mtch:1v6-0si,3,3
FIXTURE:ufo:mtch:1v6-0vt,3,3
FIXTURE:ufo:mtch:1v6-0yd,3,3
FIXTURE:ufo:mtch:1v6-11a,3,3
FIXTURE:ufo:mtch:1v6-11b,3,3
FIXTURE:ufo:mtch:1v6-137,3,3
FIXTURE:ufo:mtch:1v6-1k9,3,3
FIXTURE:ufo:mtch:1v6-1lr,3,3
FIXTURE:ufo:mtch:1v6-1lu,3,3
FIXTURE:ufo:mtch:1v6-1m2,3,3
FIXTURE:ufo:mtch:1v6-1ma,3,3
FIXTURE:ufo:mtch:1v6-1mu,3,3
FIXTURE:ufo:mtch:1v6-1np,3,3
FIXTURE:ufo:mtch:1v6-1ny,3,3
FIXTURE:ufo:mtch:1v6-1o0,3,3
FIXTURE:ufo:mtch:1v6-1o4,3,3
FIXTURE:ufo:mtch:1v6-1x8,3,3
FIXTURE:ufo:mtch:1v6-1zq,3,3
FIXTURE:ufo:mtch:1v6-214,3,3
FIXTURE:ufo:mtch:1v6-23v,3,3
FIXTURE:ufo:mtch:1v6-26w,3,3
FIXTURE:ufo:mtch:1v6-29l,3,3
FIXTURE:ufo:mtch:1v6-2bo,3,3
FIXTURE:ufo:mtch:1v6-2dy,3,3
FIXTURE:ufo:mtch:1v6-2ed,3,3
FIXTURE:ufo:mtch:1v6-2er,3,3
FIXTURE:ufo:mtch:1v6-2fu,3,3
FIXTURE:ufo:mtch:1v6-2gb,3,3
FIXTURE:ufo:mtch:1v6-2gj,3,3
FIXTURE:ufo:mtch:1v6-2h3,3,3
FIXTURE:ufo:mtch:1v6-2m8,3,3
FIXTURE:ufo:mtch:1v6-2uq,3,3
FIXTURE:ufo:mtch:1v6-2us,3,3
FIXTURE:ufo:mtch:1v6-2yr,3,3
FIXTURE:ufo:mtch:1v6-2z4,3,3
FIXTURE:ufo:mtch:1v6-2z8,3,3
FIXTURE:ufo:mtch:1v6-2zk,3,3
FIXTURE:ufo:mtch:1v6-2zx,3,3
FIXTURE:ufo:mtch:1v6-301,3,3
FIXTURE:ufo:mtch:1v6-33x,3,3
FIXTURE:ufo:mtch:1v6-359,3,3
FIXTURE:ufo:mtch:1v6-39h,3,3
FIXTURE:ufo:mtch:1v6-3dd,3,3
FIXTURE:ufo:mtch:1v6-3mg,3,3
FIXTURE:ufo:mtch:1v7-00s,3,3
FIXTURE:ufo:mtch:1v7-016,3,3
FIXTURE:ufo:mtch:1v7-01b,3,3
FIXTURE:ufo:mtch:1v7-01c,3,3
FIXTURE:ufo:mtch:1v7-029,3,3
FIXTURE:ufo:mtch:1v7-02p,3,3
FIXTURE:ufo:mtch:1v7-042,3,3
FIXTURE:ufo:mtch:1v7-04x,3,3
FIXTURE:ufo:mtch:1v7-05i,3,3
FIXTURE:ufo:mtch:1v7-05o,3,3
FIXTURE:ufo:mtch:1v7-05v,3,3
FIXTURE:ufo:mtch:1v7-069,3,3
FIXTURE:ufo:mtch:1v7-070,3,3
FIXTURE:ufo:mtch:1v7-080,3,3
FIXTURE:ufo:mtch:1v7-086,3,3
FIXTURE:ufo:mtch:1v7-09d,3,3
FIXTURE:ufo:mtch:1v7-0a3,3,3
FIXTURE:ufo:mtch:1v7-0bd,3,3
FIXTURE:ufo:mtch:1v7-0d1,3,3
FIXTURE:ufo:mtch:1v7-0db,3,3
FIXTURE:ufo:mtch:1v7-0dc,3,3
FIXTURE:ufo:mtch:1v7-0ft,3,3
FIXTURE:ufo:mtch:1v7-0kd,3,3
FIXTURE:ufo:mtch:1v7-0oe,3,3
FIXTURE:ufo:mtch:1v7-0qy,3,3
FIXTURE:ufo:mtch:1v7-0u2,3,3
FIXTURE:ufo:mtch:1v7-0u6,3,3
FIXTURE:ufo:mtch:1v7-0uz,3,3
FIXTURE:ufo:mtch:1v7-0x8,3,3
FIXTURE:ufo:mtch:1v7-0ye,3,3
FIXTURE:ufo:mtch:1v7-0ze,3,3
FIXTURE:ufo:mtch:1v7-10k,3,3
FIXTURE:ufo:mtch:1v7-10z,3,3
FIXTURE:ufo:mtch:1v7-119,3,3
FIXTURE:ufo:mtch:1v7-11b,3,3
FIXTURE:ufo:mtch:1v7-11v,3,3
FIXTURE:ufo:mtch:1v7-13v,3,3
FIXTURE:ufo:mtch:1v7-17x,3,3
FIXTURE:ufo:mtch:1v7-1gu,3,3
FIXTURE:ufo:mtch:1v7-1he,3,3
FIXTURE:ufo:mtch:1v7-1hf,3,3
FIXTURE:ufo:mtch:1v7-1it,3,3
FIXTURE:ufo:mtch:1v7-1o7,3,3
FIXTURE:ufo:mtch:1v7-1p2,3,3
FIXTURE:ufo:mtch:1v7-1pe,3,3
FIXTURE:ufo:mtch:1v7-1pl,3,3
FIXTURE:ufo:mtch:1v7-1rs,3,3
FIXTURE:ufo:mtch:1v7-1rw,3,3
FIXTURE:ufo:mtch:1v7-1u7,3,3
FIXTURE:ufo:mtch:1v7-1vr,3,3
FIXTURE:ufo:mtch:1v7-1vx,3,3
FIXTURE:ufo:mtch:1v7-1y5,3,3
FIXTURE:ufo:mtch:1v7-1yt,3,3
FIXTURE:ufo:mtch:1v7-222,3,3
FIXTURE:ufo:mtch:1v7-278,3,3
FIXTURE:ufo:mtch:1v7-27v,3,3
FIXTURE:ufo:mtch:1v7-2ej,3,3
FIXTURE:ufo:mtch:1v7-2ns,3,3
FIXTURE:ufo:mtch:1v7-2sh,3,3
FIXTURE:ufo:mtch:1v8-00d,3,3
FIXTURE:ufo:mtch:1v8-01e,3,3
FIXTURE:ufo:mtch:1v8-01p,3,3
FIXTURE:ufo:mtch:1v8-039,3,3
FIXTURE:ufo:mtch:1v8-054,3,3
FIXTURE:ufo:mtch:1v8-064,3,3
FIXTURE:ufo:mtch:1v8-0a0,3,3
FIXTURE:ufo:mtch:1v8-0fd,3,3
FIXTURE:ufo:mtch:1v8-0fv,3,3
FIXTURE:ufo:mtch:1v8-0fw,3,3
FIXTURE:ufo:mtch:1v8-0fz,3,3
FIXTURE:ufo:mtch:1v8-0gm,3,3
FIXTURE:ufo:mtch:1v8-0mi,3,3
FIXTURE:ufo:mtch:1v8-0tk,3,3
FIXTURE:ufo:mtch:1v8-0tl,3,3
FIXTURE:ufo:mtch:1v8-0up,3,3
FIXTURE:ufo:mtch:1v8-0uv,3,3
FIXTURE:ufo:mtch:1v8-0uy,3,3
FIXTURE:ufo:mtch:1v8-0v7,3,3
FIXTURE:ufo:mtch:1v8-0v8,3,3
FIXTURE:ufo:mtch:1v8-0v9,3,3
FIXTURE:ufo:mtch:1v8-0vj,3,3
FIXTURE:ufo:mtch:1v8-0w5,3,3
FIXTURE:ufo:mtch:1v8-0w9,3,3
FIXTURE:ufo:mtch:1v8-0x6,3,3
FIXTURE:ufo:mtch:1v8-0x7,3,3
FIXTURE:ufo:mtch:1v8-124,3,3
FIXTURE:ufo:mtch:1v8-137,3,3
FIXTURE:ufo:mtch:1v8-13c,3,3
FIXTURE:ufo:mtch:1v8-13m,3,3
FIXTURE:ufo:mtch:1v8-143,3,3
FIXTURE:ufo:mtch:1v8-14a,3,3
FIXTURE:ufo:mtch:1v8-152,3,3
FIXTURE:ufo:mtch:1v8-159,3,3
FIXTURE:ufo:mtch:1v8-15i,3,3
FIXTURE:ufo:mtch:1v8-1ar,3,3
FIXTURE:ufo:mtch:1v8-1b7,3,3
FIXTURE:ufo:mtch:1v8-1bf,3,3
FIXTURE:ufo:mtch:1v8-1bm,3,3
FIXTURE:ufo:mtch:1v8-1c8,3,3
FIXTURE:ufo:mtch:1v8-1cd,3,3
FIXTURE:ufo:mtch:1v8-1cl,3,3
FIXTURE:ufo:mtch:1v8-1cp,3,3
FIXTURE:ufo:mtch:1v8-1ct,3,3
FIXTURE:ufo:mtch:1v8-1cv,3,3
FIXTURE:ufo:mtch:1v8-1dm,3,3
FIXTURE:ufo:mtch:1v8-1ef,3,3
FIXTURE:ufo:mtch:1v8-1f1,3,3
FIXTURE:ufo:mtch:1v8-1f9,3,3
FIXTURE:ufo:mtch:1v8-1fc,3,3
FIXTURE:ufo:mtch:1v8-1fg,3,3
FIXTURE:ufo:mtch:1v8-1i8,3,3
FIXTURE:ufo:mtch:1v8-1ia,3,3
FIXTURE:ufo:mtch:1v8-1il,3,3
FIXTURE:ufo:mtch:1v8-1ja,3,3
FIXTURE:ufo:mtch:1v8-1k0,3,3
FIXTURE:ufo:mtch:1v8-1rh,3,3
FIXTURE:ufo:mtch:1v8-25z,3,3
FIXTURE:ufo:mtch:1v8-260,3,3
FIXTURE:ufo:mtch:1v8-28y,3,3
FIXTURE:ufo:mtch:1v8-295,3,3
FIXTURE:ufo:mtch:1v8-2ah,3,3
FIXTURE:ufo:mtch:1v8-2an,3,3
FIXTURE:ufo:mtch:1v8-2dz,3,3
FIXTURE:ufo:mtch:1v8-2e1,3,3
FIXTURE:ufo:mtch:1v8-2e5,3,3
FIXTURE:ufo:mtch:1v8-2f6,3,3
FIXTURE:ufo:mtch:1v8-2f7,3,3
FIXTURE:ufo:mtch:1v8-2g7,3,3
FIXTURE:ufo:mtch:1v8-2pj,3,3
FIXTURE:ufo:mtch:1v8-2pn,3,3
FIXTURE:ufo:mtch:1v9-007,3,3
FIXTURE:ufo:mtch:1v9-02e,3,3
FIXTURE:ufo:mtch:1v9-02f,3,3
FIXTURE:ufo:mtch:1v9-02j,3,3
FIXTURE:ufo:mtch:1v9-08e,3,3
FIXTURE:ufo:mtch:1v9-08i,3,3
FIXTURE:ufo:mtch:1v9-0av,3,3
FIXTURE:ufo:mtch:1v9-0bh,3,3
FIXTURE:ufo:mtch:1v9-0db,3,3
FIXTURE:ufo:mtch:1v9-0gu,3,3
FIXTURE:ufo:mtch:1v9-0hu,3,3
FIXTURE:ufo:mtch:1v9-0j4,3,3
FIXTURE:ufo:mtch:1v9-0j5,3,3
FIXTURE:ufo:mtch:1v9-0j8,3,3
FIXTURE:ufo:mtch:1v9-0jh,3,3
FIXTURE:ufo:mtch:1v9-0k4,3,3
FIXTURE:ufo:mtch:1v9-0ko,3,3
FIXTURE:ufo:mtch:1v9-0kp,3,3
FIXTURE:ufo:mtch:1v9-0ru,3,3
FIXTURE:ufo:mtch:1v9-0ug,3,3
FIXTURE:ufo:mtch:1v9-0ui,3,3
FIXTURE:ufo:mtch:1v9-0un,3,3
FIXTURE:ufo:mtch:1v9-0xf,3,3
FIXTURE:ufo:mtch:1v9-0yr,3,3
FIXTURE:ufo:mtch:1v9-0ys,3,3
FIXTURE:ufo:mtch:1v9-128,3,3
FIXTURE:ufo:mtch:1v9-12a,3,3
FIXTURE:ufo:mtch:1v9-12k,3,3
FIXTURE:ufo:mtch:1v9-12q,3,3
FIXTURE:ufo:mtch:1v9-13z,3,3
FIXTURE:ufo:mtch:1v9-14b,3,3
FIXTURE:ufo:mtch:1v9-14i,3,3
FIXTURE:ufo:mtch:1v9-150,3,3
FIXTURE:ufo:mtch:1v9-157,3,3
FIXTURE:ufo:mtch:1v9-188,3,3
FIXTURE:ufo:mtch:1v9-18b,3,3
FIXTURE:ufo:mtch:1v9-18c,3,3
FIXTURE:ufo:mtch:1v9-18g,3,3
FIXTURE:ufo:mtch:1v9-18j,3,3
FIXTURE:ufo:mtch:1v9-18m,3,3
FIXTURE:ufo:mtch:1v9-18n,3,3
FIXTURE:ufo:mtch:1v9-18p,3,3
FIXTURE:ufo:mtch:1v9-18u,3,3
FIXTURE:ufo:mtch:1v9-192,3,3
FIXTURE:ufo:mtch:1v9-196,3,3
FIXTURE:ufo:mtch:1v9-19b,3,3
FIXTURE:ufo:mtch:1v9-19c,3,3
FIXTURE:ufo:mtch:1v9-1a1,3,3
FIXTURE:ufo:mtch:1v9-1ag,3,3
FIXTURE:ufo:mtch:1v9-1ah,3,3
FIXTURE:ufo:mtch:1v9-1cx,3,3
FIXTURE:ufo:mtch:1v9-1dg,3,3
FIXTURE:ufo:mtch:1v9-1e0,3,3
FIXTURE:ufo:mtch:1v9-1gy,3,3
FIXTURE:ufo:mtch:1v9-1ib,3,3
FIXTURE:ufo:mtch:1v9-1jj,3,3
FIXTURE:ufo:mtch:1v9-1l5,3,3
FIXTURE:ufo:mtch:1v9-1ms,3,3
FIXTURE:ufo:mtch:1v9-1nk,3,3
FIXTURE:ufo:mtch:1v9-1o5,3,3
FIXTURE:ufo:mtch:1v9-1oq,3,3
FIXTURE:ufo:mtch:1v9-1ow,3,3
FIXTURE:ufo:mtch:1v9-1r8,3,3
FIXTURE:ufo:mtch:1v9-1rk,3,3
FIXTURE:ufo:mtch:1v9-1s1,3,3
FIXTURE:ufo:mtch:1v9-1sv,3,3
FIXTURE:ufo:mtch:1v9-1t7,3,3
FIXTURE:ufo:mtch:1v9-1tj,3,3
FIXTURE:ufo:mtch:1v9-1u3,3,3
FIXTURE:ufo:mtch:1v9-1ub,3,3
FIXTURE:ufo:mtch:1v9-1uh,3,3
FIXTURE:ufo:mtch:1v9-1up,3,3
FIXTURE:ufo:mtch:1v9-1v8,3,3
FIXTURE:ufo:mtch:1v9-1xs,3,3
FIXTURE:ufo:mtch:1v9-1zr,3,3
FIXTURE:ufo:mtch:1v9-204,3,3
FIXTURE:ufo:mtch:1v9-229,3,3
FIXTURE:ufo:mtch:1v9-23z,3,3
FIXTURE:ufo:mtch:1v9-25u,3,3
FIXTURE:ufo:mtch:1v9-269,3,3
FIXTURE:ufo:mtch:1v9-284,3,3
FIXTURE:ufo:mtch:1v9-28q,3,3
FIXTURE:ufo:mtch:1v9-28z,3,3
FIXTURE:ufo:mtch:1v9-2bn,3,3
FIXTURE:ufo:mtch:1v9-2c3,3,3
FIXTURE:ufo:mtch:1v9-2c7,3,3
FIXTURE:ufo:mtch:1v9-2cb,3,3
FIXTURE:ufo:mtch:1v9-2cp,3,3
FIXTURE:ufo:mtch:1v9-2cv,3,3
FIXTURE:ufo:mtch:1v9-2f3,3,3
FIXTURE:ufo:mtch:1v9-2i6,3,3
FIXTURE:ufo:mtch:1v9-2ll,3,3
FIXTURE:ufo:mtch:1v9-2r5,3,3
FIXTURE:ufo:mtch:1v9-2r6,3,3
FIXTURE:ufo:mtch:1v9-2rq,3,3
FIXTURE:ufo:mtch:1v9-2x5,3,3
FIXTURE:ufo:mtch:1va-00e,3,3
FIXTURE:ufo:mtch:1va-018,3,3
FIXTURE:ufo:mtch:1va-020,3,3
FIXTURE:ufo:mtch:1va-07e,3,3
FIXTURE:ufo:mtch:1va-08c,3,3
FIXTURE:ufo:mtch:1va-08o,3,3
FIXTURE:ufo:mtch:1va-09t,3,3
FIXTURE:ufo:mtch:1va-0bl,3,3
FIXTURE:ufo:mtch:1va-0bo,3,3
FIXTURE:ufo:mtch:1va-0o5,3,3
FIXTURE:ufo:mtch:1va-0t0,3,3
FIXTURE:ufo:mtch:1va-0ts,3,3
FIXTURE:ufo:mtch:1va-0ua,3,3
FIXTURE:ufo:mtch:1va-0v7,3,3
FIXTURE:ufo:mtch:1va-0yl,3,3
FIXTURE:ufo:mtch:1va-122,3,3
FIXTURE:ufo:mtch:1va-137,3,3
FIXTURE:ufo:mtch:1va-14v,3,3
FIXTURE:ufo:mtch:1va-15z,3,3
FIXTURE:ufo:mtch:1va-164,3,3
FIXTURE:ufo:mtch:1va-165,3,3
FIXTURE:ufo:mtch:1va-16c,3,3
FIXTURE:ufo:mtch:1va-16g,3,3
FIXTURE:ufo:mtch:1va-16j,3,3
FIXTURE:ufo:mtch:1va-16r,3,3
FIXTURE:ufo:mtch:1va-16s,3,3
FIXTURE:ufo:mtch:1va-19i,3,3
FIXTURE:ufo:mtch:1va-1cy,3,3
FIXTURE:ufo:mtch:1va-1d5,3,3
FIXTURE:ufo:mtch:1va-1de,3,3
FIXTURE:ufo:mtch:1va-1df,3,3
FIXTURE:ufo:mtch:1va-1ez,3,3
FIXTURE:ufo:mtch:1va-1g7,3,3
FIXTURE:ufo:mtch:1va-1gt,3,3
FIXTURE:ufo:mtch:1va-1l6,3,3
FIXTURE:ufo:mtch:1va-1uq,3,3
FIXTURE:ufo:mtch:1va-1y1,3,3
FIXTURE:ufo:mtch:1va-23j,3,3
FIXTURE:ufo:mtch:1va-281,3,3
FIXTURE:ufo:mtch:1va-2ay,3,3
FIXTURE:ufo:mtch:1va-2ch,3,3
FIXTURE:ufo:mtch:1va-2d5,3,3
FIXTURE:ufo:mtch:1va-2mn,3,3
FIXTURE:ufo:mtch:1va-2nc,3,3
FIXTURE:ufo:mtch:1va-2sa,3,3
FIXTURE:ufo:mtch:1va-2ut,3,3
FIXTURE:ufo:mtch:1va-2xy,3,3
FIXTURE:ufo:mtch:1vb-004,3,3
FIXTURE:ufo:mtch:1vb-00j,3,3
FIXTURE:ufo:mtch:1vb-00r,3,3
FIXTURE:ufo:mtch:1vb-017,3,3
FIXTURE:ufo:mtch:1vb-01a,3,3
FIXTURE:ufo:mtch:1vb-02h,3,3
FIXTURE:ufo:mtch:1vb-04b,3,3
FIXTURE:ufo:mtch:1vb-04x,3,3
FIXTURE:ufo:mtch:1vb-06d,3,3
FIXTURE:ufo:mtch:1vb-071,3,3
FIXTURE:ufo:mtch:1vb-078,3,3
FIXTURE:ufo:mtch:1vb-079,3,3
FIXTURE:ufo:mtch:1vb-09h,3,3
FIXTURE:ufo:mtch:1vb-0et,3,3
FIXTURE:ufo:mtch:1vb-0jp,3,3
FIXTURE:ufo:mtch:1vb-0q3,3,3
FIXTURE:ufo:mtch:1vb-16y,3,3
FIXTURE:ufo:mtch:1vb-17m,3,3
FIXTURE:ufo:mtch:1vb-18g,3,3
FIXTURE:ufo:mtch:1vb-1dm,3,3
FIXTURE:ufo:mtch:1vb-1n1,3,3
FIXTURE:ufo:mtch:1vb-1p9,3,3
FIXTURE:ufo:mtch:1vb-1qh,3,3
FIXTURE:ufo:mtch:1vb-1tx,3,3
FIXTURE:ufo:mtch:1vb-1ua,3,3
FIXTURE:ufo:mtch:1vb-22t,3,3
FIXTURE:ufo:mtch:1vb-23a,3,3
FIXTURE:ufo:mtch:1vb-2d8,3,3
FIXTURE:ufo:mtch:1vb-2eg,3,3
FIXTURE:ufo:mtch:1vb-2fu,3,3
FIXTURE:ufo:mtch:1vb-2nn,3,3
FIXTURE:ufo:mtch:1vb-2qp,3,3
FIXTURE:ufo:mtch:1vc-00l,3,3
FIXTURE:ufo:mtch:1vc-01b,3,3
FIXTURE:ufo:mtch:1vc-04x,3,3
FIXTURE:ufo:mtch:1vc-0b9,3,3
FIXTURE:ufo:mtch:1vc-0ce,3,3
FIXTURE:ufo:mtch:1vc-0cz,3,3
FIXTURE:ufo:mtch:1vc-0dg,3,3
FIXTURE:ufo:mtch:1vc-0e4,3,3
FIXTURE:ufo:mtch:1vc-0ff,3,3
FIXTURE:ufo:mtch:1vc-0k5,3,3
FIXTURE:ufo:mtch:1vc-0kc,3,3
FIXTURE:ufo:mtch:1vc-0nt,3,3
FIXTURE:ufo:mtch:1vc-13j,3,3
FIXTURE:ufo:mtch:1vc-1ec,3,3
FIXTURE:ufo:mtch:1vc-1eu,3,3
FIXTURE:ufo:mtch:1vc-1i0,3,3
FIXTURE:ufo:mtch:1vc-27a,3,3
FIXTURE:ufo:mtch:1vc-29u,3,3
FIXTURE:ufo:mtch:1vc-2km,3,3
FIXTURE:ufo:mtch:1vc-2lt,3,3
FIXTURE:ufo:mtch:1vc-2mq,3,3
FIXTURE:ufo:mtch:1vc-2nm,3,3
FIXTURE:ufo:mtch:1vc-2qy,3,3
FIXTURE:ufo:mtch:1vc-2wc,3,3
FIXTURE:ufo:mtch:1vc-2wr,3,3
FIXTURE:ufo:mtch:1vd-00g,3,3
FIXTURE:ufo:mtch:1vd-04r,3,3
FIXTURE:ufo:mtch:1vd-0fc,3,3
FIXTURE:ufo:mtch:1vd-0g8,3,3
FIXTURE:ufo:mtch:1vd-0ga,3,3
FIXTURE:ufo:mtch:1vd-0i1,3,3
FIXTURE:ufo:mtch:1vd-0j6,3,3
FIXTURE:ufo:mtch:1vd-0jj,3,3
FIXTURE:ufo:mtch:1vd-0l5,3,3
FIXTURE:ufo:mtch:1vd-0n8,3,3
FIXTURE:ufo:mtch:1vd-0u6,3,3
FIXTURE:ufo:mtch:1vd-0v3,3,3
FIXTURE:ufo:mtch:1vd-0wg,3,3
FIXTURE:ufo:mtch:1vd-0xj,3,3
FIXTURE:ufo:mtch:1vd-0yi,3,3
FIXTURE:ufo:mtch:1vd-164,3,3
FIXTURE:ufo:mtch:1vd-168,3,3
FIXTURE:ufo:mtch:1vd-169,3,3
FIXTURE:ufo:mtch:1vd-1p3,3,3
FIXTURE:ufo:mtch:1vd-1yp,3,3
FIXTURE:ufo:mtch:1vd-24y,3,3
FIXTURE:ufo:mtch:1vd-26g,3,3
FIXTURE:ufo:mtch:1vd-2b0,3,3
FIXTURE:ufo:mtch:1vd-2do,3,3
FIXTURE:ufo:mtch:1vd-2dp,3,3
FIXTURE:ufo:mtch:1vd-2fo,3,3
FIXTURE:ufo:mtch:1vd-2gh,3,3
FIXTURE:ufo:mtch:1vd-2ku,3,3
FIXTURE:ufo:mtch:1vd-2l3,3,3
FIXTURE:ufo:mtch:1vd-2ma,3,3
FIXTURE:ufo:mtch:1vd-31v,3,3
FIXTURE:ufo:mtch:1vd-31w,3,3
FIXTURE:ufo:mtch:1vd-3ah,3,3
FIXTURE:ufo:mtch:1vd-3dc,3,3
FIXTURE:ufo:mtch:1ve-00y,3,3
FIXTURE:ufo:mtch:1ve-021,3,3
FIXTURE:ufo:mtch:1ve-02k,3,3
FIXTURE:ufo:mtch:1ve-048,3,3
FIXTURE:ufo:mtch:1ve-07k,3,3
FIXTURE:ufo:mtch:1ve-08u,3,3
FIXTURE:ufo:mtch:1ve-09g,3,3
FIXTURE:ufo:mtch:1ve-09j,3,3
FIXTURE:ufo:mtch:1ve-0aa,3,3
FIXTURE:ufo:mtch:1ve-0al,3,3
FIXTURE:ufo:mtch:1ve-0c0,3,3
FIXTURE:ufo:mtch:1ve-0dm,3,3
FIXTURE:ufo:mtch:1ve-0gm,3,3
FIXTURE:ufo:mtch:1ve-0gu,3,3
FIXTURE:ufo:mtch:1ve-0gz,3,3
FIXTURE:ufo:mtch:1ve-0ic,3,3
FIXTURE:ufo:mtch:1ve-0js,3,3
FIXTURE:ufo:mtch:1ve-0kg,3,3
FIXTURE:ufo:mtch:1ve-0m2,3,3
FIXTURE:ufo:mtch:1ve-0m3,3,3
FIXTURE:ufo:mtch:1ve-0ne,3,3
FIXTURE:ufo:mtch:1ve-0pe,3,3
FIXTURE:ufo:mtch:1ve-0pl,3,3
FIXTURE:ufo:mtch:1ve-0r2,3,3
FIXTURE:ufo:mtch:1ve-0tx,3,3
FIXTURE:ufo:mtch:1ve-0u3,3,3
FIXTURE:ufo:mtch:1ve-0wh,3,3
FIXTURE:ufo:mtch:1ve-0zd,3,3
FIXTURE:ufo:mtch:1ve-13c,3,3
FIXTURE:ufo:mtch:1ve-140,3,3
FIXTURE:ufo:mtch:1ve-1aw,3,3
FIXTURE:ufo:mtch:1ve-1cv,3,3
FIXTURE:ufo:mtch:1ve-1cw,3,3
FIXTURE:ufo:mtch:1ve-1dc,3,3
FIXTURE:ufo:mtch:1ve-1wl,3,3
FIXTURE:ufo:mtch:1ve-20p,3,3
FIXTURE:ufo:mtch:1ve-21e,3,3
FIXTURE:ufo:mtch:1ve-25p,3,3
FIXTURE:ufo:mtch:1ve-2jz,3,3
FIXTURE:ufo:mtch:1ve-2kb,3,3
FIXTURE:ufo:mtch:1ve-2ke,3,3
FIXTURE:ufo:mtch:1ve-2x8,3,3
FIXTURE:ufo:mtch:1vf-01i,3,3
FIXTURE:ufo:mtch:1vf-01j,3,3
FIXTURE:ufo:mtch:1vf-02y,3,3
FIXTURE:ufo:mtch:1vf-03u,3,3
FIXTURE:ufo:mtch:1vf-049,3,3
FIXTURE:ufo:mtch:1vf-04r,3,3
FIXTURE:ufo:mtch:1vf-04s,3,3
FIXTURE:ufo:mtch:1vf-064,3,3
FIXTURE:ufo:mtch:1vf-065,3,3
FIXTURE:ufo:mtch:1vf-077,3,3
FIXTURE:ufo:mtch:1vf-09j,3,3
FIXTURE:ufo:mtch:1vf-0fg,3,3
FIXTURE:ufo:mtch:1vf-0h9,3,3
FIXTURE:ufo:mtch:1vf-0ll,3,3
FIXTURE:ufo:mtch:1vf-0m1,3,3
FIXTURE:ufo:mtch:1vf-0ma,3,3
FIXTURE:ufo:mtch:1vf-0mo,3,3
FIXTURE:ufo:mtch:1vf-0zr,3,3
FIXTURE:ufo:mtch:1vf-10c,3,3
FIXTURE:ufo:mtch:1vf-13z,3,3
FIXTURE:ufo:mtch:1vf-188,3,3
FIXTURE:ufo:mtch:1vf-18a,3,3
FIXTURE:ufo:mtch:1vf-18f,3,3
FIXTURE:ufo:mtch:1vf-18q,3,3
FIXTURE:ufo:mtch:1vf-19q,3,3
FIXTURE:ufo:mtch:1vf-19r,3,3
FIXTURE:ufo:mtch:1vf-1a7,3,3
FIXTURE:ufo:mtch:1vf-1af,3,3
FIXTURE:ufo:mtch:1vf-1am,3,3
FIXTURE:ufo:mtch:1vf-1ax,3,3
FIXTURE:ufo:mtch:1vf-1ay,3,3
FIXTURE:ufo:mtch:1vf-1bc,3,3
FIXTURE:ufo:mtch:1vf-1c4,3,3
FIXTURE:ufo:mtch:1vf-1cs,3,3
FIXTURE:ufo:mtch:1vf-1k4,3,3
FIXTURE:ufo:mtch:1vf-1l4,3,3
FIXTURE:ufo:mtch:1vf-1n1,3,3
FIXTURE:ufo:mtch:1vf-1pi,3,3
FIXTURE:ufo:mtch:1vf-202,3,3
FIXTURE:ufo:mtch:1vf-210,3,3
FIXTURE:ufo:mtch:1vf-21h,3,3
FIXTURE:ufo:mtch:1vf-2nc,3,3
FIXTURE:ufo:mtch:1vf-2no,3,3
FIXTURE:ufo:mtch:1vg-03w,3,3
FIXTURE:ufo:mtch:1vg-04b,3,3
FIXTURE:ufo:mtch:1vg-05q,3,3
FIXTURE:ufo:mtch:1vg-05w,3,3
FIXTURE:ufo:mtch:1vg-081,3,3
FIXTURE:ufo:mtch:1vg-08k,3,3
FIXTURE:ufo:mtch:1vg-0fb,3,3
FIXTURE:ufo:mtch:1vg-0fy,3,3
FIXTURE:ufo:mtch:1vg-0m4,3,3
FIXTURE:ufo:mtch:1vg-0nv,3,3
FIXTURE:ufo:mtch:1vg-0yp,3,3
FIXTURE:ufo:mtch:1vg-10f,3,3
FIXTURE:ufo:mtch:1vg-130,3,3
FIXTURE:ufo:mtch:1vg-16u,3,3
FIXTURE:ufo:mtch:1vg-18w,3,3
FIXTURE:ufo:mtch:1vg-1im,3,3
FIXTURE:ufo:mtch:1vg-1o0,3,3
FIXTURE:ufo:mtch:1vg-1ou,3,3
FIXTURE:ufo:mtch:1vg-1qe,3,3
FIXTURE:ufo:mtch:1vg-1tb,3,3
FIXTURE:ufo:mtch:1vg-217,3,3
FIXTURE:ufo:mtch:1vg-2bk,3,3
FIXTURE:ufo:mtch:1vg-2ee,3,3
FIXTURE:ufo:mtch:1vg-2n3,3,3
FIXTURE:ufo:mtch:1vg-2pw,3,3
FIXTURE:ufo:mtch:1vg-2qf,3,3
FIXTURE:ufo:mtch:1vg-2ur,3,3
FIXTURE:ufo:mtch:1vh-01b,3,3
FIXTURE:ufo:mtch:1vh-01c,3,3
FIXTURE:ufo:mtch:1vh-01z,3,3
FIXTURE:ufo:mtch:1vh-02e,3,3
FIXTURE:ufo:mtch:1vh-031,3,3
FIXTURE:ufo:mtch:1vh-03b,3,3
FIXTURE:ufo:mtch:1vh-03i,3,3
FIXTURE:ufo:mtch:1vh-052,3,3
FIXTURE:ufo:mtch:1vh-058,3,3
FIXTURE:ufo:mtch:1vh-06y,3,3
FIXTURE:ufo:mtch:1vh-0b1,3,3
FIXTURE:ufo:mtch:1vh-0cz,3,3
FIXTURE:ufo:mtch:1vh-0e5,3,3
FIXTURE:ufo:mtch:1vh-0f4,3,3
FIXTURE:ufo:mtch:1vh-0gp,3,3
FIXTURE:ufo:mtch:1vh-0ie,3,3
FIXTURE:ufo:mtch:1vh-0jb,3,3
FIXTURE:ufo:mtch:1vh-0ji,3,3
FIXTURE:ufo:mtch:1vh-0k1,3,3
FIXTURE:ufo:mtch:1vh-0lq,3,3
FIXTURE:ufo:mtch:1vh-0m0,3,3
FIXTURE:ufo:mtch:1vh-0m3,3,3
FIXTURE:ufo:mtch:1vh-0m7,3,3
FIXTURE:ufo:mtch:1vh-0qd,3,3
FIXTURE:ufo:mtch:1vh-0ry,3,3
FIXTURE:ufo:mtch:1vh-0zb,3,3
FIXTURE:ufo:mtch:1vh-14o,3,3
FIXTURE:ufo:mtch:1vh-15n,3,3
FIXTURE:ufo:mtch:1vh-191,3,3
FIXTURE:ufo:mtch:1vh-19b,3,3
FIXTURE:ufo:mtch:1vh-19h,3,3
FIXTURE:ufo:mtch:1vh-19x,3,3
FIXTURE:ufo:mtch:1vh-1ab,3,3
FIXTURE:ufo:mtch:1vh-1ad,3,3
FIXTURE:ufo:mtch:1vh-1aj,3,3
FIXTURE:ufo:mtch:1vh-1b7,3,3
FIXTURE:ufo:mtch:1vh-1b8,3,3
FIXTURE:ufo:mtch:1vh-1dz,3,3
FIXTURE:ufo:mtch:1vh-1fn,3,3
FIXTURE:ufo:mtch:1vh-1g0,3,3
FIXTURE:ufo:mtch:1vh-1hc,3,3
FIXTURE:ufo:mtch:1vh-1ia,3,3
FIXTURE:ufo:mtch:1vh-1id,3,3
FIXTURE:ufo:mtch:1vh-1jo,3,3
FIXTURE:ufo:mtch:1vh-1v1,3,3
FIXTURE:ufo:mtch:1vh-1w3,3,3
FIXTURE:ufo:mtch:1vh-1wj,3,3
FIXTURE:ufo:mtch:1vh-1wo,3,3
FIXTURE:ufo:mtch:1vh-1x4,3,3
FIXTURE:ufo:mtch:1vh-1zf,3,3
FIXTURE:ufo:mtch:1vh-1zg,3,3
FIXTURE:ufo:mtch:1vh-235,3,3
FIXTURE:ufo:mtch:1vh-25d,3,3
FIXTURE:ufo:mtch:1vh-2ap,3,3
FIXTURE:ufo:mtch:1vh-2ef,3,3
FIXTURE:ufo:mtch:1vh-2g5,3,3
FIXTURE:ufo:mtch:1vh-2l6,3,3
FIXTURE:ufo:mtch:1vh-2m7,3,3
FIXTURE:ufo:mtch:1vh-2o3,3,3
FIXTURE:ufo:mtch:1vh-2pp,3,3
FIXTURE:ufo:mtch:1vh-2pq,3,3
FIXTURE:ufo:mtch:1vh-2ry,3,3
FIXTURE:ufo:mtch:1vh-2sp,3,3
FIXTURE:ufo:mtch:1vh-2v9,3,3
FIXTURE:ufo:mtch:1vh-2y1,3,3
FIXTURE:ufo:mtch:1vh-2y9,3,3
FIXTURE:ufo:mtch:1vh-33q,3,3
FIXTURE:ufo:mtch:1vi-024,3,3
FIXTURE:ufo:mtch:1vi-027,3,3
FIXTURE:ufo:mtch:1vi-030,3,3
FIXTURE:ufo:mtch:1vi-08j,3,3
FIXTURE:ufo:mtch:1vi-0w1,3,3
FIXTURE:ufo:mtch:1vi-10b,3,3
FIXTURE:ufo:mtch:1vi-12z,3,3
FIXTURE:ufo:mtch:1vi-14s,3,3
FIXTURE:ufo:mtch:1vi-16s,3,3
FIXTURE:ufo:mtch:1vi-174,3,3
FIXTURE:ufo:mtch:1vi-178,3,3
FIXTURE:ufo:mtch:1vi-18d,3,3
FIXTURE:ufo:mtch:1vi-198,3,3
FIXTURE:ufo:mtch:1vi-19d,3,3
FIXTURE:ufo:mtch:1vi-1a2,3,3
FIXTURE:ufo:mtch:1vi-1br,3,3
FIXTURE:ufo:mtch:1vi-1bt,3,3
FIXTURE:ufo:mtch:1vi-1c0,3,3
FIXTURE:ufo:mtch:1vi-1dn,3,3
FIXTURE:ufo:mtch:1vi-1gm,3,3
FIXTURE:ufo:mtch:1vi-1jk,3,3
FIXTURE:ufo:mtch:1vi-1kg,3,3
FIXTURE:ufo:mtch:1vi-1l4,3,3
FIXTURE:ufo:mtch:1vi-1lk,3,3
FIXTURE:ufo:mtch:1vi-1nl,3,3
FIXTURE:ufo:mtch:1vi-1ov,3,3
FIXTURE:ufo:mtch:1vi-1qv,3,3
FIXTURE:ufo:mtch:1vi-1ry,3,3
FIXTURE:ufo:mtch:1vi-1se,3,3
FIXTURE:ufo:mtch:1vi-1sn,3,3
FIXTURE:ufo:mtch:1vi-1sw,3,3
FIXTURE:ufo:mtch:1vi-1sz,3,3
FIXTURE:ufo:mtch:1vi-22y,3,3
FIXTURE:ufo:mtch:1vi-22z,3,3
FIXTURE:ufo:mtch:1vi-23i,3,3
FIXTURE:ufo:mtch:1vi-23x,3,3
FIXTURE:ufo:mtch:1vi-247,3,3
FIXTURE:ufo:mtch:1vi-25s,3,3
FIXTURE:ufo:mtch:1vi-262,3,3
FIXTURE:ufo:mtch:1vi-265,3,3
FIXTURE:ufo:mtch:1vi-26b,3,3
FIXTURE:ufo:mtch:1vi-2cu,3,3
FIXTURE:ufo:mtch:1vi-2ev,3,3
FIXTURE:ufo:mtch:1vi-2gt,3,3
FIXTURE:ufo:mtch:1vi-2ng,3,3
FIXTURE:ufo:mtch:1vi-2p6,3,3
FIXTURE:ufo:mtch:1vj-00l,3,3
FIXTURE:ufo:mtch:1vj-014,3,3
FIXTURE:ufo:mtch:1vj-018,3,3
FIXTURE:ufo:mtch:1vj-01q,3,3
FIXTURE:ufo:mtch:1vj-04t,3,3
FIXTURE:ufo:mtch:1vj-06a,3,3
FIXTURE:ufo:mtch:1vj-06n,3,3
FIXTURE:ufo:mtch:1vj-07e,3,3
FIXTURE:ufo:mtch:1vj-07m,3,3
FIXTURE:ufo:mtch:1vj-08e,3,3
FIXTURE:ufo:mtch:1vj-0a1,3,3
FIXTURE:ufo:mtch:1vj-0a6,3,3
FIXTURE:ufo:mtch:1vj-0an,3,3
FIXTURE:ufo:mtch:1vj-0er,3,3
FIXTURE:ufo:mtch:1vj-0jt,3,3
FIXTURE:ufo:mtch:1vj-0l1,3,3
FIXTURE:ufo:mtch:1vj-0mm,3,3
FIXTURE:ufo:mtch:1vj-0ms,3,3
FIXTURE:ufo:mtch:1vj-107,3,3
FIXTURE:ufo:mtch:1vj-17u,3,3
FIXTURE:ufo:mtch:1vj-1dr,3,3
FIXTURE:ufo:mtch:1vj-1e0,3,3
FIXTURE:ufo:mtch:1vj-1ei,3,3
FIXTURE:ufo:mtch:1vj-1ey,3,3
FIXTURE:ufo:mtch:1vj-1f3,3,3
FIXTURE:ufo:mtch:1vj-1f5,3,3
FIXTURE:ufo:mtch:1vj-1fd,3,3
FIXTURE:ufo:mtch:1vj-1gu,3,3
FIXTURE:ufo:mtch:1vj-1h7,3,3
FIXTURE:ufo:mtch:1vj-1hs,3,3
FIXTURE:ufo:mtch:1vj-1hx,3,3
FIXTURE:ufo:mtch:1vj-1v0,3,3
FIXTURE:ufo:mtch:1vj-1vi,3,3
FIXTURE:ufo:mtch:1vj-294,3,3
FIXTURE:ufo:mtch:1vj-2wm,3,3
FIXTURE:ufo:mtch:1vk-00e,3,3
FIXTURE:ufo:mtch:1vk-00q,3,3
FIXTURE:ufo:mtch:1vk-01y,3,3
FIXTURE:ufo:mtch:1vk-02w,3,3
FIXTURE:ufo:mtch:1vk-03e,3,3
FIXTURE:ufo:mtch:1vk-03n,3,3
FIXTURE:ufo:mtch:1vk-04k,3,3
FIXTURE:ufo:mtch:1vk-04q,3,3
FIXTURE:ufo:mtch:1vk-05w,3,3
FIXTURE:ufo:mtch:1vk-07d,3,3
FIXTURE:ufo:mtch:1vk-08i,3,3
FIXTURE:ufo:mtch:1vk-0bc,3,3
FIXTURE:ufo:mtch:1vk-0dc,3,3
FIXTURE:ufo:mtch:1vk-0f9,3,3
FIXTURE:ufo:mtch:1vk-0h7,3,3
FIXTURE:ufo:mtch:1vk-0hj,3,3
FIXTURE:ufo:mtch:1vk-0j2,3,3
FIXTURE:ufo:mtch:1vk-0j3,3,3
FIXTURE:ufo:mtch:1vk-0j4,3,3
FIXTURE:ufo:mtch:1vk-0k2,3,3
FIXTURE:ufo:mtch:1vk-0nx,3,3
FIXTURE:ufo:mtch:1vk-0o7,3,3
FIXTURE:ufo:mtch:1vk-0pj,3,3
FIXTURE:ufo:mtch:1vk-0sm,3,3
FIXTURE:ufo:mtch:1vk-0xt,3,3
FIXTURE:ufo:mtch:1vk-12c,3,3
FIXTURE:ufo:mtch:1vk-18s,3,3
FIXTURE:ufo:mtch:1vk-1lr,3,3
FIXTURE:ufo:mtch:1vk-1ru,3,3
FIXTURE:ufo:mtch:1vk-1t8,3,3
FIXTURE:ufo:mtch:1vk-1ve,3,3
FIXTURE:ufo:mtch:1vk-1wq,3,3
FIXTURE:ufo:mtch:1vk-1yk,3,3
FIXTURE:ufo:mtch:1vk-28c,3,3
FIXTURE:ufo:mtch:1vk-2gr,3,3
FIXTURE:ufo:mtch:1vk-2gu,3,3
FIXTURE:ufo:mtch:1vk-2gx,3,3
FIXTURE:ufo:mtch:1vk-2h5,3,3
FIXTURE:ufo:mtch:1vk-2h6,3,3
FIXTURE:ufo:mtch:1vk-2ke,3,3
FIXTURE:ufo:mtch:1vk-2m5,3,3
FIXTURE:ufo:mtch:1vk-2m6,3,3
FIXTURE:ufo:mtch:1vk-2x7,3,3
FIXTURE:ufo:mtch:1vk-37s,3,3
FIXTURE:ufo:mtch:1vk-3f2,3,3
FIXTURE:ufo:mtch:1vk-3iv,3,3
FIXTURE:ufo:mtch:1vl-004,3,3
FIXTURE:ufo:mtch:1vl-02g,3,3
FIXTURE:ufo:mtch:1vl-03m,3,3
FIXTURE:ufo:mtch:1vl-03s,3,3
FIXTURE:ufo:mtch:1vl-05p,3,3
FIXTURE:ufo:mtch:1vl-061,3,3
FIXTURE:ufo:mtch:1vl-07b,3,3
FIXTURE:ufo:mtch:1vl-07d,3,3
FIXTURE:ufo:mtch:1vl-080,3,3
FIXTURE:ufo:mtch:1vl-081,3,3
FIXTURE:ufo:mtch:1vl-0cx,3,3
FIXTURE:ufo:mtch:1vl-0dz,3,3
FIXTURE:ufo:mtch:1vl-0e0,3,3
FIXTURE:ufo:mtch:1vl-0fr,3,3
FIXTURE:ufo:mtch:1vl-0fu,3,3
FIXTURE:ufo:mtch:1vl-0gr,3,3
FIXTURE:ufo:mtch:1vl-0hp,3,3
FIXTURE:ufo:mtch:1vl-0jf,3,3
FIXTURE:ufo:mtch:1vl-0kg,3,3
FIXTURE:ufo:mtch:1vl-0l0,3,3
FIXTURE:ufo:mtch:1vl-0lm,3,3
FIXTURE:ufo:mtch:1vl-0ln,3,3
FIXTURE:ufo:mtch:1vl-0lr,3,3
FIXTURE:ufo:mtch:1vl-0n4,3,3
FIXTURE:ufo:mtch:1vl-0uz,3,3
FIXTURE:ufo:mtch:1vl-0ve,3,3
FIXTURE:ufo:mtch:1vl-0y3,3,3
FIXTURE:ufo:mtch:1vl-0y7,3,3
FIXTURE:ufo:mtch:1vl-0zw,3,3
FIXTURE:ufo:mtch:1vl-11z,3,3
FIXTURE:ufo:mtch:1vl-15c,3,3
FIXTURE:ufo:mtch:1vl-1ew,3,3
FIXTURE:ufo:mtch:1vl-1rc,3,3
FIXTURE:ufo:mtch:1vl-1zc,3,3
FIXTURE:ufo:mtch:1vl-20g,3,3
FIXTURE:ufo:mtch:1vl-20z,3,3
FIXTURE:ufo:mtch:1vl-211,3,3
FIXTURE:ufo:mtch:1vl-21n,3,3
FIXTURE:ufo:mtch:1vl-2ob,3,3
FIXTURE:ufo:mtch:1vl-2p2,3,3
FIXTURE:ufo:mtch:1vl-2pa,3,3
FIXTURE:ufo:mtch:1vl-2q3,3,3
FIXTURE:ufo:mtch:1vl-2ru,3,3
FIXTURE:ufo:mtch:1vl-2um,3,3
FIXTURE:ufo:mtch:1vl-3be,3,3
FIXTURE:ufo:mtch:1vl-3ee,3,3
FIXTURE:ufo:mtch:1vl-3h9,3,3
FIXTURE:ufo:mtch:1vm-01j,3,3
FIXTURE:ufo:mtch:1vm-02c,3,3
FIXTURE:ufo:mtch:1vm-02t,3,3
FIXTURE:ufo:mtch:1vm-02x,3,3
FIXTURE:ufo:mtch:1vm-03g,3,3
FIXTURE:ufo:mtch:1vm-03k,3,3
FIXTURE:ufo:mtch:1vm-0dr,3,3
FIXTURE:ufo:mtch:1vm-0gp,3,3
FIXTURE:ufo:mtch:1vm-0iz,3,3
FIXTURE:ufo:mtch:1vm-0nl,3,3
FIXTURE:ufo:mtch:1vm-113,3,3
FIXTURE:ufo:mtch:1vm-13f,3,3
FIXTURE:ufo:mtch:1vm-14e,3,3
FIXTURE:ufo:mtch:1vm-19s,3,3
FIXTURE:ufo:mtch:1vm-1al,3,3
FIXTURE:ufo:mtch:1vm-1ao,3,3
FIXTURE:ufo:mtch:1vm-1cm,3,3
FIXTURE:ufo:mtch:1vm-1db,3,3
FIXTURE:ufo:mtch:1vm-1du,3,3
FIXTURE:ufo:mtch:1vm-1dy,3,3
FIXTURE:ufo:mtch:1vm-1fk,3,3
FIXTURE:ufo:mtch:1vm-1fr,3,3
FIXTURE:ufo:mtch:1vm-1sj,3,3
FIXTURE:ufo:mtch:1vm-1sm,3,3
FIXTURE:ufo:mtch:1vm-1su,3,3
FIXTURE:ufo:mtch:1vm-1uq,3,3
FIXTURE:ufo:mtch:1vm-20v,3,3
FIXTURE:ufo:mtch:1vm-23m,3,3
FIXTURE:ufo:mtch:1vm-26c,3,3
FIXTURE:ufo:mtch:1vm-27f,3,3
FIXTURE:ufo:mtch:1vm-27w,3,3
FIXTURE:ufo:mtch:1vm-28x,3,3
FIXTURE:ufo:mtch:1vm-2hc,3,3
FIXTURE:ufo:mtch:1vq-014,3,3
FIXTURE:ufo:mtch:1vr-02e,3,3
FIXTURE:ufo:otrt:1vd-000,3,3
FIXTURE:ufo:otrt:1vg-00x,3,3
FIXTURE:ufo:mtch:1ur-05p,2,2
FIXTURE:ufo:mtch:1ur-2j4,2,2
FIXTURE:ufo:mtch:1us-001,2,2
FIXTURE:ufo:mtch:1us-00w,2,2
FIXTURE:ufo:mtch:1us-01p,2,2
FIXTURE:ufo:mtch:1us-01r,2,2
FIXTURE:ufo:mtch:1us-02f,2,2
FIXTURE:ufo:mtch:1us-02s,2,2
FIXTURE:ufo:mtch:1us-030,2,2
FIXTURE:ufo:mtch:1us-03k,2,2
FIXTURE:ufo:mtch:1us-03p,2,2
FIXTURE:ufo:mtch:1us-03q,2,2
FIXTURE:ufo:mtch:1us-048,2,2
FIXTURE:ufo:mtch:1us-050,2,2
FIXTURE:ufo:mtch:1us-053,2,2
FIXTURE:ufo:mtch:1us-05h,2,2
FIXTURE:ufo:mtch:1us-05o,2,2
FIXTURE:ufo:mtch:1us-063,2,2
FIXTURE:ufo:mtch:1us-06e,2,2
FIXTURE:ufo:mtch:1us-070,2,2
FIXTURE:ufo:mtch:1us-078,2,2
FIXTURE:ufo:mtch:1us-07p,2,2
FIXTURE:ufo:mtch:1us-07t,2,2
FIXTURE:ufo:mtch:1us-083,2,2
FIXTURE:ufo:mtch:1us-08a,2,2
FIXTURE:ufo:mtch:1us-08e,2,2
FIXTURE:ufo:mtch:1us-08y,2,2
FIXTURE:ufo:mtch:1us-09b,2,2
FIXTURE:ufo:mtch:1us-09w,2,2
FIXTURE:ufo:mtch:1us-09x,2,2
FIXTURE:ufo:mtch:1us-0a1,2,2
FIXTURE:ufo:mtch:1us-0ae,2,2
FIXTURE:ufo:mtch:1us-0aj,2,2
FIXTURE:ufo:mtch:1us-0ba,2,2
FIXTURE:ufo:mtch:1us-0bi,2,2
FIXTURE:ufo:mtch:1us-0c3,2,2
FIXTURE:ufo:mtch:1us-0c7,2,2
FIXTURE:ufo:mtch:1us-0e0,2,2
FIXTURE:ufo:mtch:1us-0e1,2,2
FIXTURE:ufo:mtch:1us-0fl,2,2
FIXTURE:ufo:mtch:1us-0fm,2,2
FIXTURE:ufo:mtch:1us-0fx,2,2
FIXTURE:ufo:mtch:1us-0fy,2,2
FIXTURE:ufo:mtch:1us-0gt,2,2
FIXTURE:ufo:mtch:1us-0gu,2,2
FIXTURE:ufo:mtch:1us-0h8,2,2
FIXTURE:ufo:mtch:1us-0i3,2,2
FIXTURE:ufo:mtch:1us-0i4,2,2
FIXTURE:ufo:mtch:1us-0ig,2,2
FIXTURE:ufo:mtch:1us-0ko,2,2
FIXTURE:ufo:mtch:1us-0kw,2,2
FIXTURE:ufo:mtch:1us-0mo,2,2
FIXTURE:ufo:mtch:1us-0rp,2,2
FIXTURE:ufo:mtch:1us-0s7,2,2
FIXTURE:ufo:mtch:1us-0s8,2,2
FIXTURE:ufo:mtch:1us-0sg,2,2
FIXTURE:ufo:mtch:1us-0sw,2,2
FIXTURE:ufo:mtch:1us-0tb,2,2
FIXTURE:ufo:mtch:1us-0to,2,2
FIXTURE:ufo:mtch:1us-0tp,2,2
FIXTURE:ufo:mtch:1us-0tw,2,2
FIXTURE:ufo:mtch:1us-0ty,2,2
FIXTURE:ufo:mtch:1us-0x5,2,2
FIXTURE:ufo:mtch:1us-0xd,2,2
FIXTURE:ufo:mtch:1us-0xf,2,2
FIXTURE:ufo:mtch:1us-0xw,2,2
FIXTURE:ufo:mtch:1us-0ym,2,2
FIXTURE:ufo:mtch:1us-0yo,2,2
FIXTURE:ufo:mtch:1us-0yr,2,2
FIXTURE:ufo:mtch:1us-0yw,2,2
FIXTURE:ufo:mtch:1us-0yx,2,2
FIXTURE:ufo:mtch:1us-0zb,2,2
FIXTURE:ufo:mtch:1us-0ze,2,2
FIXTURE:ufo:mtch:1us-0zg,2,2
FIXTURE:ufo:mtch:1us-0zj,2,2
FIXTURE:ufo:mtch:1us-0zr,2,2
FIXTURE:ufo:mtch:1us-12z,2,2
FIXTURE:ufo:mtch:1us-131,2,2
FIXTURE:ufo:mtch:1us-13c,2,2
FIXTURE:ufo:mtch:1us-13j,2,2
FIXTURE:ufo:mtch:1us-13k,2,2
FIXTURE:ufo:mtch:1us-13n,2,2
FIXTURE:ufo:mtch:1us-14m,2,2
FIXTURE:ufo:mtch:1us-15p,2,2
FIXTURE:ufo:mtch:1us-15s,2,2
FIXTURE:ufo:mtch:1us-15z,2,2
FIXTURE:ufo:mtch:1us-16e,2,2
FIXTURE:ufo:mtch:1us-16i,2,2
FIXTURE:ufo:mtch:1us-16s,2,2
FIXTURE:ufo:mtch:1us-16t,2,2
FIXTURE:ufo:mtch:1us-16u,2,2
FIXTURE:ufo:mtch:1us-16y,2,2
FIXTURE:ufo:mtch:1us-16z,2,2
FIXTURE:ufo:mtch:1us-1ej,2,2
FIXTURE:ufo:mtch:1us-1f5,2,2
FIXTURE:ufo:mtch:1us-1if,2,2
FIXTURE:ufo:mtch:1us-1iz,2,2
FIXTURE:ufo:mtch:1us-1jl,2,2
FIXTURE:ufo:mtch:1us-1kh,2,2
FIXTURE:ufo:mtch:1us-1l6,2,2
FIXTURE:ufo:mtch:1us-1lb,2,2
FIXTURE:ufo:mtch:1us-1lr,2,2
FIXTURE:ufo:mtch:1us-1lt,2,2
FIXTURE:ufo:mtch:1us-1lu,2,2
FIXTURE:ufo:mtch:1us-1m1,2,2
FIXTURE:ufo:mtch:1us-1m5,2,2
FIXTURE:ufo:mtch:1us-1ml,2,2
FIXTURE:ufo:mtch:1us-1mp,2,2
FIXTURE:ufo:mtch:1us-1n3,2,2
FIXTURE:ufo:mtch:1us-1na,2,2
FIXTURE:ufo:mtch:1us-1nn,2,2
FIXTURE:ufo:mtch:1us-1p0,2,2
FIXTURE:ufo:mtch:1us-1pi,2,2
FIXTURE:ufo:mtch:1us-1px,2,2
FIXTURE:ufo:mtch:1us-1qu,2,2
FIXTURE:ufo:mtch:1us-1r4,2,2
FIXTURE:ufo:mtch:1us-1rf,2,2
FIXTURE:ufo:mtch:1us-1rq,2,2
FIXTURE:ufo:mtch:1us-1rr,2,2
FIXTURE:ufo:mtch:1us-1t2,2,2
FIXTURE:ufo:mtch:1us-1t4,2,2
FIXTURE:ufo:mtch:1us-1te,2,2
FIXTURE:ufo:mtch:1us-20l,2,2
FIXTURE:ufo:mtch:1us-22g,2,2
FIXTURE:ufo:mtch:1us-23v,2,2
FIXTURE:ufo:mtch:1us-23x,2,2
FIXTURE:ufo:mtch:1us-249,2,2
FIXTURE:ufo:mtch:1us-24f,2,2
FIXTURE:ufo:mtch:1us-24o,2,2
FIXTURE:ufo:mtch:1us-25v,2,2
FIXTURE:ufo:mtch:1us-2bu,2,2
FIXTURE:ufo:mtch:1us-2c5,2,2
FIXTURE:ufo:mtch:1us-2ce,2,2
FIXTURE:ufo:mtch:1us-2cl,2,2
FIXTURE:ufo:mtch:1us-2cq,2,2
FIXTURE:ufo:mtch:1us-2ep,2,2
FIXTURE:ufo:mtch:1us-2h6,2,2
FIXTURE:ufo:mtch:1us-2i7,2,2
FIXTURE:ufo:mtch:1us-2jg,2,2
FIXTURE:ufo:mtch:1us-2o6,2,2
FIXTURE:ufo:mtch:1us-2ot,2,2
FIXTURE:ufo:mtch:1us-2r7,2,2
FIXTURE:ufo:mtch:1us-2rt,2,2
FIXTURE:ufo:mtch:1us-2sm,2,2
FIXTURE:ufo:mtch:1us-2sp,2,2
FIXTURE:ufo:mtch:1us-2tc,2,2
FIXTURE:ufo:mtch:1us-2ts,2,2
FIXTURE:ufo:mtch:1us-2tu,2,2
FIXTURE:ufo:mtch:1us-2u0,2,2
FIXTURE:ufo:mtch:1us-2u2,2,2
FIXTURE:ufo:mtch:1us-2u4,2,2
FIXTURE:ufo:mtch:1us-2u6,2,2
FIXTURE:ufo:mtch:1us-2ue,2,2
FIXTURE:ufo:mtch:1us-2ux,2,2
FIXTURE:ufo:mtch:1us-2uy,2,2
FIXTURE:ufo:mtch:1us-2ve,2,2
FIXTURE:ufo:mtch:1us-2vk,2,2
FIXTURE:ufo:mtch:1us-2vo,2,2
FIXTURE:ufo:mtch:1us-2vt,2,2
FIXTURE:ufo:mtch:1us-2vy,2,2
FIXTURE:ufo:mtch:1us-2w8,2,2
FIXTURE:ufo:mtch:1us-2wb,2,2
FIXTURE:ufo:mtch:1us-2we,2,2
FIXTURE:ufo:mtch:1us-2wy,2,2
FIXTURE:ufo:mtch:1us-2x3,2,2
FIXTURE:ufo:mtch:1us-2xk,2,2
FIXTURE:ufo:mtch:1us-2xm,2,2
FIXTURE:ufo:mtch:1us-2xn,2,2
FIXTURE:ufo:mtch:1us-2xr,2,2
FIXTURE:ufo:mtch:1us-2xw,2,2
FIXTURE:ufo:mtch:1us-2xx,2,2
FIXTURE:ufo:mtch:1us-2y1,2,2
FIXTURE:ufo:mtch:1us-2y5,2,2
FIXTURE:ufo:mtch:1us-2y8,2,2
FIXTURE:ufo:mtch:1us-2ya,2,2
FIXTURE:ufo:mtch:1us-2yc,2,2
FIXTURE:ufo:mtch:1us-2yn,2,2
FIXTURE:ufo:mtch:1us-2zk,2,2
FIXTURE:ufo:mtch:1us-301,2,2
FIXTURE:ufo:mtch:1us-306,2,2
FIXTURE:ufo:mtch:1us-30k,2,2
FIXTURE:ufo:mtch:1us-30m,2,2
FIXTURE:ufo:mtch:1us-30r,2,2
FIXTURE:ufo:mtch:1us-30z,2,2
FIXTURE:ufo:mtch:1us-311,2,2
FIXTURE:ufo:mtch:1us-316,2,2
FIXTURE:ufo:mtch:1us-318,2,2
FIXTURE:ufo:mtch:1us-31w,2,2
FIXTURE:ufo:mtch:1us-333,2,2
FIXTURE:ufo:mtch:1us-34z,2,2
FIXTURE:ufo:mtch:1us-3bu,2,2
FIXTURE:ufo:mtch:1us-3by,2,2
FIXTURE:ufo:mtch:1us-3c3,2,2
FIXTURE:ufo:mtch:1us-3dk,2,2
FIXTURE:ufo:mtch:1us-3dm,2,2
FIXTURE:ufo:mtch:1us-3e2,2,2
FIXTURE:ufo:mtch:1us-3e4,2,2
FIXTURE:ufo:mtch:1us-3eb,2,2
FIXTURE:ufo:mtch:1us-3ei,2,2
FIXTURE:ufo:mtch:1us-3ez,2,2
FIXTURE:ufo:mtch:1us-3f0,2,2
FIXTURE:ufo:mtch:1us-3h1,2,2
FIXTURE:ufo:mtch:1us-3h5,2,2
FIXTURE:ufo:mtch:1us-3h9,2,2
FIXTURE:ufo:mtch:1us-3i2,2,2
FIXTURE:ufo:mtch:1ut-00m,2,2
FIXTURE:ufo:mtch:1ut-016,2,2
FIXTURE:ufo:mtch:1ut-01t,2,2
FIXTURE:ufo:mtch:1ut-02g,2,2
FIXTURE:ufo:mtch:1ut-02p,2,2
FIXTURE:ufo:mtch:1ut-02x,2,2
FIXTURE:ufo:mtch:1ut-03i,2,2
FIXTURE:ufo:mtch:1ut-03l,2,2
FIXTURE:ufo:mtch:1ut-03m,2,2
FIXTURE:ufo:mtch:1ut-03o,2,2
FIXTURE:ufo:mtch:1ut-03q,2,2
FIXTURE:ufo:mtch:1ut-03t,2,2
FIXTURE:ufo:mtch:1ut-03u,2,2
FIXTURE:ufo:mtch:1ut-03z,2,2
FIXTURE:ufo:mtch:1ut-042,2,2
FIXTURE:ufo:mtch:1ut-04f,2,2
FIXTURE:ufo:mtch:1ut-04s,2,2
FIXTURE:ufo:mtch:1ut-04w,2,2
FIXTURE:ufo:mtch:1ut-04y,2,2
FIXTURE:ufo:mtch:1ut-050,2,2
FIXTURE:ufo:mtch:1ut-053,2,2
FIXTURE:ufo:mtch:1ut-059,2,2
FIXTURE:ufo:mtch:1ut-05b,2,2
FIXTURE:ufo:mtch:1ut-05k,2,2
FIXTURE:ufo:mtch:1ut-062,2,2
FIXTURE:ufo:mtch:1ut-06o,2,2
FIXTURE:ufo:mtch:1ut-06s,2,2
FIXTURE:ufo:mtch:1ut-06x,2,2
FIXTURE:ufo:mtch:1ut-075,2,2
FIXTURE:ufo:mtch:1ut-076,2,2
FIXTURE:ufo:mtch:1ut-08y,2,2
FIXTURE:ufo:mtch:1ut-091,2,2
FIXTURE:ufo:mtch:1ut-093,2,2
FIXTURE:ufo:mtch:1ut-09p,2,2
FIXTURE:ufo:mtch:1ut-09w,2,2
FIXTURE:ufo:mtch:1ut-0ac,2,2
FIXTURE:ufo:mtch:1ut-0af,2,2
FIXTURE:ufo:mtch:1ut-0ar,2,2
FIXTURE:ufo:mtch:1ut-0b1,2,2
FIXTURE:ufo:mtch:1ut-0ds,2,2
FIXTURE:ufo:mtch:1ut-0e8,2,2
FIXTURE:ufo:mtch:1ut-0el,2,2
FIXTURE:ufo:mtch:1ut-0f4,2,2
FIXTURE:ufo:mtch:1ut-0fl,2,2
FIXTURE:ufo:mtch:1ut-0g1,2,2
FIXTURE:ufo:mtch:1ut-0g5,2,2
FIXTURE:ufo:mtch:1ut-0gu,2,2
FIXTURE:ufo:mtch:1ut-0im,2,2
FIXTURE:ufo:mtch:1ut-0iu,2,2
FIXTURE:ufo:mtch:1ut-0iy,2,2
FIXTURE:ufo:mtch:1ut-0mr,2,2
FIXTURE:ufo:mtch:1ut-0o6,2,2
FIXTURE:ufo:mtch:1ut-0on,2,2
FIXTURE:ufo:mtch:1ut-0p2,2,2
FIXTURE:ufo:mtch:1ut-0qh,2,2
FIXTURE:ufo:mtch:1ut-0r0,2,2
FIXTURE:ufo:mtch:1ut-0re,2,2
FIXTURE:ufo:mtch:1ut-0rx,2,2
FIXTURE:ufo:mtch:1ut-0s7,2,2
FIXTURE:ufo:mtch:1ut-0t5,2,2
FIXTURE:ufo:mtch:1ut-0tf,2,2
FIXTURE:ufo:mtch:1ut-0tk,2,2
FIXTURE:ufo:mtch:1ut-0tl,2,2
FIXTURE:ufo:mtch:1ut-0tu,2,2
FIXTURE:ufo:mtch:1ut-0u9,2,2
FIXTURE:ufo:mtch:1ut-0ud,2,2
FIXTURE:ufo:mtch:1ut-0uf,2,2
FIXTURE:ufo:mtch:1ut-0ug,2,2
FIXTURE:ufo:mtch:1ut-0uh,2,2
FIXTURE:ufo:mtch:1ut-0uq,2,2
FIXTURE:ufo:mtch:1ut-0ur,2,2
FIXTURE:ufo:mtch:1ut-0us,2,2
FIXTURE:ufo:mtch:1ut-0uu,2,2
FIXTURE:ufo:mtch:1ut-0v5,2,2
FIXTURE:ufo:mtch:1ut-0v7,2,2
FIXTURE:ufo:mtch:1ut-0v9,2,2
FIXTURE:ufo:mtch:1ut-0vb,2,2
FIXTURE:ufo:mtch:1ut-0vn,2,2
FIXTURE:ufo:mtch:1ut-0vp,2,2
FIXTURE:ufo:mtch:1ut-0vy,2,2
FIXTURE:ufo:mtch:1ut-0w0,2,2
FIXTURE:ufo:mtch:1ut-0w2,2,2
FIXTURE:ufo:mtch:1ut-0w4,2,2
FIXTURE:ufo:mtch:1ut-0wc,2,2
FIXTURE:ufo:mtch:1ut-0wf,2,2
FIXTURE:ufo:mtch:1ut-0wg,2,2
FIXTURE:ufo:mtch:1ut-0wj,2,2
FIXTURE:ufo:mtch:1ut-11d,2,2
FIXTURE:ufo:mtch:1ut-11g,2,2
FIXTURE:ufo:mtch:1ut-11h,2,2
FIXTURE:ufo:mtch:1ut-15l,2,2
FIXTURE:ufo:mtch:1ut-19h,2,2
FIXTURE:ufo:mtch:1ut-19o,2,2
FIXTURE:ufo:mtch:1ut-1bd,2,2
FIXTURE:ufo:mtch:1ut-1ci,2,2
FIXTURE:ufo:mtch:1ut-1cr,2,2
FIXTURE:ufo:mtch:1ut-1d5,2,2
FIXTURE:ufo:mtch:1ut-1de,2,2
FIXTURE:ufo:mtch:1ut-1dm,2,2
FIXTURE:ufo:mtch:1ut-1dw,2,2
FIXTURE:ufo:mtch:1ut-1fk,2,2
FIXTURE:ufo:mtch:1ut-1fn,2,2
FIXTURE:ufo:mtch:1ut-1g0,2,2
FIXTURE:ufo:mtch:1ut-1g4,2,2
FIXTURE:ufo:mtch:1ut-1g8,2,2
FIXTURE:ufo:mtch:1ut-1gb,2,2
FIXTURE:ufo:mtch:1ut-1gc,2,2
FIXTURE:ufo:mtch:1ut-1gt,2,2
FIXTURE:ufo:mtch:1ut-1gw,2,2
FIXTURE:ufo:mtch:1ut-1h0,2,2
FIXTURE:ufo:mtch:1ut-1h6,2,2
FIXTURE:ufo:mtch:1ut-1hj,2,2
FIXTURE:ufo:mtch:1ut-1hk,2,2
FIXTURE:ufo:mtch:1ut-1ho,2,2
FIXTURE:ufo:mtch:1ut-1ht,2,2
FIXTURE:ufo:mtch:1ut-1hw,2,2
FIXTURE:ufo:mtch:1ut-1hx,2,2
FIXTURE:ufo:mtch:1ut-1i1,2,2
FIXTURE:ufo:mtch:1ut-1i4,2,2
FIXTURE:ufo:mtch:1ut-1ib,2,2
FIXTURE:ufo:mtch:1ut-1id,2,2
FIXTURE:ufo:mtch:1ut-1il,2,2
FIXTURE:ufo:mtch:1ut-1iq,2,2
FIXTURE:ufo:mtch:1ut-1j5,2,2
FIXTURE:ufo:mtch:1ut-1jt,2,2
FIXTURE:ufo:mtch:1ut-1ju,2,2
FIXTURE:ufo:mtch:1ut-1jv,2,2
FIXTURE:ufo:mtch:1ut-1jw,2,2
FIXTURE:ufo:mtch:1ut-1jy,2,2
FIXTURE:ufo:mtch:1ut-1jz,2,2
FIXTURE:ufo:mtch:1ut-1k0,2,2
FIXTURE:ufo:mtch:1ut-1k2,2,2
FIXTURE:ufo:mtch:1ut-1ka,2,2
FIXTURE:ufo:mtch:1ut-1kc,2,2
FIXTURE:ufo:mtch:1ut-1kg,2,2
FIXTURE:ufo:mtch:1ut-1kh,2,2
FIXTURE:ufo:mtch:1ut-1ki,2,2
FIXTURE:ufo:mtch:1ut-1kk,2,2
FIXTURE:ufo:mtch:1ut-1km,2,2
FIXTURE:ufo:mtch:1ut-1kr,2,2
FIXTURE:ufo:mtch:1ut-1ks,2,2
FIXTURE:ufo:mtch:1ut-1kx,2,2
FIXTURE:ufo:mtch:1ut-1l9,2,2
FIXTURE:ufo:mtch:1ut-1n2,2,2
FIXTURE:ufo:mtch:1ut-1nj,2,2
FIXTURE:ufo:mtch:1ut-1nv,2,2
FIXTURE:ufo:mtch:1ut-1nz,2,2
FIXTURE:ufo:mtch:1ut-1ou,2,2
FIXTURE:ufo:mtch:1ut-1ox,2,2
FIXTURE:ufo:mtch:1ut-1p6,2,2
FIXTURE:ufo:mtch:1ut-1pb,2,2
FIXTURE:ufo:mtch:1ut-1pe,2,2
FIXTURE:ufo:mtch:1ut-1pr,2,2
FIXTURE:ufo:mtch:1ut-1qo,2,2
FIXTURE:ufo:mtch:1ut-1qp,2,2
FIXTURE:ufo:mtch:1ut-1r1,2,2
FIXTURE:ufo:mtch:1ut-1rb,2,2
FIXTURE:ufo:mtch:1ut-1rp,2,2
FIXTURE:ufo:mtch:1ut-1te,2,2
FIXTURE:ufo:mtch:1ut-1uj,2,2
FIXTURE:ufo:mtch:1ut-1um,2,2
FIXTURE:ufo:mtch:1ut-1xd,2,2
FIXTURE:ufo:mtch:1ut-1xr,2,2
FIXTURE:ufo:mtch:1ut-1xz,2,2
FIXTURE:ufo:mtch:1ut-1y0,2,2
FIXTURE:ufo:mtch:1ut-1ye,2,2
FIXTURE:ufo:mtch:1ut-1yp,2,2
FIXTURE:ufo:mtch:1ut-1yz,2,2
FIXTURE:ufo:mtch:1ut-1z7,2,2
FIXTURE:ufo:mtch:1ut-1zf,2,2
FIXTURE:ufo:mtch:1ut-1zk,2,2
FIXTURE:ufo:mtch:1ut-1zq,2,2
FIXTURE:ufo:mtch:1ut-201,2,2
FIXTURE:ufo:mtch:1ut-202,2,2
FIXTURE:ufo:mtch:1ut-20s,2,2
FIXTURE:ufo:mtch:1ut-23r,2,2
FIXTURE:ufo:mtch:1ut-26h,2,2
FIXTURE:ufo:mtch:1ut-293,2,2
FIXTURE:ufo:mtch:1ut-29g,2,2
FIXTURE:ufo:mtch:1ut-29l,2,2
FIXTURE:ufo:mtch:1ut-29s,2,2
FIXTURE:ufo:mtch:1ut-29u,2,2
FIXTURE:ufo:mtch:1ut-29x,2,2
FIXTURE:ufo:mtch:1ut-2a6,2,2
FIXTURE:ufo:mtch:1ut-2cp,2,2
FIXTURE:ufo:mtch:1ut-2db,2,2
FIXTURE:ufo:mtch:1ut-2dc,2,2
FIXTURE:ufo:mtch:1ut-2ea,2,2
FIXTURE:ufo:mtch:1ut-2ef,2,2
FIXTURE:ufo:mtch:1ut-2f1,2,2
FIXTURE:ufo:mtch:1ut-2f4,2,2
FIXTURE:ufo:mtch:1ut-2fl,2,2
FIXTURE:ufo:mtch:1ut-2gn,2,2
FIXTURE:ufo:mtch:1ut-2ii,2,2
FIXTURE:ufo:mtch:1ut-2jw,2,2
FIXTURE:ufo:mtch:1ut-2kd,2,2
FIXTURE:ufo:mtch:1ut-2kk,2,2
FIXTURE:ufo:mtch:1ut-2kq,2,2
FIXTURE:ufo:mtch:1ut-2ks,2,2
FIXTURE:ufo:mtch:1ut-2ku,2,2
FIXTURE:ufo:mtch:1ut-2l0,2,2
FIXTURE:ufo:mtch:1ut-2l2,2,2
FIXTURE:ufo:mtch:1ut-2la,2,2
FIXTURE:ufo:mtch:1ut-2lr,2,2
FIXTURE:ufo:mtch:1ut-2lw,2,2
FIXTURE:ufo:mtch:1ut-2mg,2,2
FIXTURE:ufo:mtch:1ut-2ml,2,2
FIXTURE:ufo:mtch:1ut-2mw,2,2
FIXTURE:ufo:mtch:1ut-2mx,2,2
FIXTURE:ufo:mtch:1ut-2n1,2,2
FIXTURE:ufo:mtch:1ut-2nk,2,2
FIXTURE:ufo:mtch:1ut-2nl,2,2
FIXTURE:ufo:mtch:1ut-2nu,2,2
FIXTURE:ufo:mtch:1ut-2o2,2,2
FIXTURE:ufo:mtch:1ut-2o5,2,2
FIXTURE:ufo:mtch:1ut-2oi,2,2
FIXTURE:ufo:mtch:1ut-2ov,2,2
FIXTURE:ufo:mtch:1ut-2oz,2,2
FIXTURE:ufo:mtch:1ut-2p2,2,2
FIXTURE:ufo:mtch:1ut-2pa,2,2
FIXTURE:ufo:mtch:1ut-2u4,2,2
FIXTURE:ufo:mtch:1ut-2uy,2,2
FIXTURE:ufo:mtch:1ut-2uz,2,2
FIXTURE:ufo:mtch:1ut-2yd,2,2
FIXTURE:ufo:mtch:1uu-002,2,2
FIXTURE:ufo:mtch:1uu-006,2,2
FIXTURE:ufo:mtch:1uu-00a,2,2
FIXTURE:ufo:mtch:1uu-00e,2,2
FIXTURE:ufo:mtch:1uu-023,2,2
FIXTURE:ufo:mtch:1uu-038,2,2
FIXTURE:ufo:mtch:1uu-03h,2,2
FIXTURE:ufo:mtch:1uu-03k,2,2
FIXTURE:ufo:mtch:1uu-03q,2,2
FIXTURE:ufo:mtch:1uu-03t,2,2
FIXTURE:ufo:mtch:1uu-04n,2,2
FIXTURE:ufo:mtch:1uu-04v,2,2
FIXTURE:ufo:mtch:1uu-05e,2,2
FIXTURE:ufo:mtch:1uu-064,2,2
FIXTURE:ufo:mtch:1uu-066,2,2
FIXTURE:ufo:mtch:1uu-084,2,2
FIXTURE:ufo:mtch:1uu-085,2,2
FIXTURE:ufo:mtch:1uu-086,2,2
FIXTURE:ufo:mtch:1uu-089,2,2
FIXTURE:ufo:mtch:1uu-08f,2,2
FIXTURE:ufo:mtch:1uu-08i,2,2
FIXTURE:ufo:mtch:1uu-08m,2,2
FIXTURE:ufo:mtch:1uu-0a2,2,2
FIXTURE:ufo:mtch:1uu-0a7,2,2
FIXTURE:ufo:mtch:1uu-0aj,2,2
FIXTURE:ufo:mtch:1uu-0b5,2,2
FIXTURE:ufo:mtch:1uu-0bb,2,2
FIXTURE:ufo:mtch:1uu-0bj,2,2
FIXTURE:ufo:mtch:1uu-0bk,2,2
FIXTURE:ufo:mtch:1uu-0bn,2,2
FIXTURE:ufo:mtch:1uu-0bs,2,2
FIXTURE:ufo:mtch:1uu-0bt,2,2
FIXTURE:ufo:mtch:1uu-0c5,2,2
FIXTURE:ufo:mtch:1uu-0cc,2,2
FIXTURE:ufo:mtch:1uu-0e4,2,2
FIXTURE:ufo:mtch:1uu-0e5,2,2
FIXTURE:ufo:mtch:1uu-0em,2,2
FIXTURE:ufo:mtch:1uu-0fl,2,2
FIXTURE:ufo:mtch:1uu-0fp,2,2
FIXTURE:ufo:mtch:1uu-0gf,2,2
FIXTURE:ufo:mtch:1uu-0gk,2,2
FIXTURE:ufo:mtch:1uu-0gx,2,2
FIXTURE:ufo:mtch:1uu-0lf,2,2
FIXTURE:ufo:mtch:1uu-0s8,2,2
FIXTURE:ufo:mtch:1uu-0tm,2,2
FIXTURE:ufo:mtch:1uu-0v5,2,2
FIXTURE:ufo:mtch:1uu-0v6,2,2
FIXTURE:ufo:mtch:1uu-0vc,2,2
FIXTURE:ufo:mtch:1uu-0vd,2,2
FIXTURE:ufo:mtch:1uu-0vu,2,2
FIXTURE:ufo:mtch:1uu-0w0,2,2
FIXTURE:ufo:mtch:1uu-0w6,2,2
FIXTURE:ufo:mtch:1uu-0w9,2,2
FIXTURE:ufo:mtch:1uu-0wl,2,2
FIXTURE:ufo:mtch:1uu-0xr,2,2
FIXTURE:ufo:mtch:1uu-0xy,2,2
FIXTURE:ufo:mtch:1uu-0ze,2,2
FIXTURE:ufo:mtch:1uu-0zh,2,2
FIXTURE:ufo:mtch:1uu-0zo,2,2
FIXTURE:ufo:mtch:1uu-0zz,2,2
FIXTURE:ufo:mtch:1uu-10c,2,2
FIXTURE:ufo:mtch:1uu-10l,2,2
FIXTURE:ufo:mtch:1uu-117,2,2
FIXTURE:ufo:mtch:1uu-11f,2,2
FIXTURE:ufo:mtch:1uu-11u,2,2
FIXTURE:ufo:mtch:1uu-120,2,2
FIXTURE:ufo:mtch:1uu-121,2,2
FIXTURE:ufo:mtch:1uu-122,2,2
FIXTURE:ufo:mtch:1uu-12f,2,2
FIXTURE:ufo:mtch:1uu-136,2,2
FIXTURE:ufo:mtch:1uu-13b,2,2
FIXTURE:ufo:mtch:1uu-14q,2,2
FIXTURE:ufo:mtch:1uu-150,2,2
FIXTURE:ufo:mtch:1uu-17s,2,2
FIXTURE:ufo:mtch:1uu-185,2,2
FIXTURE:ufo:mtch:1uu-18h,2,2
FIXTURE:ufo:mtch:1uu-191,2,2
FIXTURE:ufo:mtch:1uu-19b,2,2
FIXTURE:ufo:mtch:1uu-19f,2,2
FIXTURE:ufo:mtch:1uu-19r,2,2
FIXTURE:ufo:mtch:1uu-19x,2,2
FIXTURE:ufo:mtch:1uu-19z,2,2
FIXTURE:ufo:mtch:1uu-1a2,2,2
FIXTURE:ufo:mtch:1uu-1ac,2,2
FIXTURE:ufo:mtch:1uu-1ae,2,2
FIXTURE:ufo:mtch:1uu-1an,2,2
FIXTURE:ufo:mtch:1uu-1aw,2,2
FIXTURE:ufo:mtch:1uu-1b4,2,2
FIXTURE:ufo:mtch:1uu-1bl,2,2
FIXTURE:ufo:mtch:1uu-1bz,2,2
FIXTURE:ufo:mtch:1uu-1c7,2,2
FIXTURE:ufo:mtch:1uu-1c8,2,2
FIXTURE:ufo:mtch:1uu-1cb,2,2
FIXTURE:ufo:mtch:1uu-1d1,2,2
FIXTURE:ufo:mtch:1uu-1d3,2,2
FIXTURE:ufo:mtch:1uu-1dc,2,2
FIXTURE:ufo:mtch:1uu-1dh,2,2
FIXTURE:ufo:mtch:1uu-1do,2,2
FIXTURE:ufo:mtch:1uu-1ek,2,2
FIXTURE:ufo:mtch:1uu-1ey,2,2
FIXTURE:ufo:mtch:1uu-1f0,2,2
FIXTURE:ufo:mtch:1uu-1fl,2,2
FIXTURE:ufo:mtch:1uu-1fu,2,2
FIXTURE:ufo:mtch:1uu-1fv,2,2
FIXTURE:ufo:mtch:1uu-1g0,2,2
FIXTURE:ufo:mtch:1uu-1gn,2,2
FIXTURE:ufo:mtch:1uu-1gs,2,2
FIXTURE:ufo:mtch:1uu-1gx,2,2
FIXTURE:ufo:mtch:1uu-1hw,2,2
FIXTURE:ufo:mtch:1uu-1ig,2,2
FIXTURE:ufo:mtch:1uu-1jj,2,2
FIXTURE:ufo:mtch:1uu-1jk,2,2
FIXTURE:ufo:mtch:1uu-1jl,2,2
FIXTURE:ufo:mtch:1uu-1jp,2,2
FIXTURE:ufo:mtch:1uu-1jq,2,2
FIXTURE:ufo:mtch:1uu-1jt,2,2
FIXTURE:ufo:mtch:1uu-1jv,2,2
FIXTURE:ufo:mtch:1uu-1k1,2,2
FIXTURE:ufo:mtch:1uu-1k2,2,2
FIXTURE:ufo:mtch:1uu-1k4,2,2
FIXTURE:ufo:mtch:1uu-1kj,2,2
FIXTURE:ufo:mtch:1uu-1ko,2,2
FIXTURE:ufo:mtch:1uu-1ku,2,2
FIXTURE:ufo:mtch:1uu-1kw,2,2
FIXTURE:ufo:mtch:1uu-1lr,2,2
FIXTURE:ufo:mtch:1uu-1m0,2,2
FIXTURE:ufo:mtch:1uu-1m2,2,2
FIXTURE:ufo:mtch:1uu-1mk,2,2
FIXTURE:ufo:mtch:1uu-1ne,2,2
FIXTURE:ufo:mtch:1uu-1t0,2,2
FIXTURE:ufo:mtch:1uu-1ty,2,2
FIXTURE:ufo:mtch:1uu-1xa,2,2
FIXTURE:ufo:mtch:1uu-1xi,2,2
FIXTURE:ufo:mtch:1uu-1yf,2,2
FIXTURE:ufo:mtch:1uu-1yl,2,2
FIXTURE:ufo:mtch:1uu-1yq,2,2
FIXTURE:ufo:mtch:1uu-1yz,2,2
FIXTURE:ufo:mtch:1uu-1z2,2,2
FIXTURE:ufo:mtch:1uu-1z4,2,2
FIXTURE:ufo:mtch:1uu-1z8,2,2
FIXTURE:ufo:mtch:1uu-1zg,2,2
FIXTURE:ufo:mtch:1uu-1zk,2,2
FIXTURE:ufo:mtch:1uu-1zn,2,2
FIXTURE:ufo:mtch:1uu-1zq,2,2
FIXTURE:ufo:mtch:1uu-20b,2,2
FIXTURE:ufo:mtch:1uu-20j,2,2
FIXTURE:ufo:mtch:1uu-20k,2,2
FIXTURE:ufo:mtch:1uu-20n,2,2
FIXTURE:ufo:mtch:1uu-20o,2,2
FIXTURE:ufo:mtch:1uu-20r,2,2
FIXTURE:ufo:mtch:1uu-211,2,2
FIXTURE:ufo:mtch:1uu-21b,2,2
FIXTURE:ufo:mtch:1uu-21i,2,2
FIXTURE:ufo:mtch:1uu-21n,2,2
FIXTURE:ufo:mtch:1uu-22b,2,2
FIXTURE:ufo:mtch:1uu-22l,2,2
FIXTURE:ufo:mtch:1uu-22o,2,2
FIXTURE:ufo:mtch:1uu-22r,2,2
FIXTURE:ufo:mtch:1uu-22w,2,2
FIXTURE:ufo:mtch:1uu-22x,2,2
FIXTURE:ufo:mtch:1uu-233,2,2
FIXTURE:ufo:mtch:1uu-235,2,2
FIXTURE:ufo:mtch:1uu-239,2,2
FIXTURE:ufo:mtch:1uu-23b,2,2
FIXTURE:ufo:mtch:1uu-23c,2,2
FIXTURE:ufo:mtch:1uu-23d,2,2
FIXTURE:ufo:mtch:1uu-23e,2,2
FIXTURE:ufo:mtch:1uu-23i,2,2
FIXTURE:ufo:mtch:1uu-23o,2,2
FIXTURE:ufo:mtch:1uu-23s,2,2
FIXTURE:ufo:mtch:1uu-243,2,2
FIXTURE:ufo:mtch:1uu-244,2,2
FIXTURE:ufo:mtch:1uu-24n,2,2
FIXTURE:ufo:mtch:1uu-24w,2,2
FIXTURE:ufo:mtch:1uu-24z,2,2
FIXTURE:ufo:mtch:1uu-252,2,2
FIXTURE:ufo:mtch:1uu-254,2,2
FIXTURE:ufo:mtch:1uu-255,2,2
FIXTURE:ufo:mtch:1uu-25b,2,2
FIXTURE:ufo:mtch:1uu-25h,2,2
FIXTURE:ufo:mtch:1uu-25m,2,2
FIXTURE:ufo:mtch:1uu-25p,2,2
FIXTURE:ufo:mtch:1uu-25y,2,2
FIXTURE:ufo:mtch:1uu-261,2,2
FIXTURE:ufo:mtch:1uu-264,2,2
FIXTURE:ufo:mtch:1uu-269,2,2
FIXTURE:ufo:mtch:1uu-26d,2,2
FIXTURE:ufo:mtch:1uu-26h,2,2
FIXTURE:ufo:mtch:1uu-26n,2,2
FIXTURE:ufo:mtch:1uu-26p,2,2
FIXTURE:ufo:mtch:1uu-26w,2,2
FIXTURE:ufo:mtch:1uu-272,2,2
FIXTURE:ufo:mtch:1uu-278,2,2
FIXTURE:ufo:mtch:1uu-27f,2,2
FIXTURE:ufo:mtch:1uu-280,2,2
FIXTURE:ufo:mtch:1uu-28y,2,2
FIXTURE:ufo:mtch:1uu-295,2,2
FIXTURE:ufo:mtch:1uu-29b,2,2
FIXTURE:ufo:mtch:1uu-29c,2,2
FIXTURE:ufo:mtch:1uu-29o,2,2
FIXTURE:ufo:mtch:1uu-29u,2,2
FIXTURE:ufo:mtch:1uu-2a2,2,2
FIXTURE:ufo:mtch:1uu-2a6,2,2
FIXTURE:ufo:mtch:1uu-2a7,2,2
FIXTURE:ufo:mtch:1uu-2b9,2,2
FIXTURE:ufo:mtch:1uu-2be,2,2
FIXTURE:ufo:mtch:1uu-2ej,2,2
FIXTURE:ufo:mtch:1uu-2er,2,2
FIXTURE:ufo:mtch:1uu-2es,2,2
FIXTURE:ufo:mtch:1uu-2ev,2,2
FIXTURE:ufo:mtch:1uu-2ew,2,2
FIXTURE:ufo:mtch:1uu-2ex,2,2
FIXTURE:ufo:mtch:1uv-00a,2,2
FIXTURE:ufo:mtch:1uv-00o,2,2
FIXTURE:ufo:mtch:1uv-00u,2,2
FIXTURE:ufo:mtch:1uv-01f,2,2
FIXTURE:ufo:mtch:1uv-022,2,2
FIXTURE:ufo:mtch:1uv-025,2,2
FIXTURE:ufo:mtch:1uv-026,2,2
FIXTURE:ufo:mtch:1uv-028,2,2
FIXTURE:ufo:mtch:1uv-03i,2,2
FIXTURE:ufo:mtch:1uv-04w,2,2
FIXTURE:ufo:mtch:1uv-056,2,2
FIXTURE:ufo:mtch:1uv-058,2,2
FIXTURE:ufo:mtch:1uv-060,2,2
FIXTURE:ufo:mtch:1uv-06l,2,2
FIXTURE:ufo:mtch:1uv-06m,2,2
FIXTURE:ufo:mtch:1uv-0aq,2,2
FIXTURE:ufo:mtch:1uv-0fd,2,2
FIXTURE:ufo:mtch:1uv-0ix,2,2
FIXTURE:ufo:mtch:1uv-0j1,2,2
FIXTURE:ufo:mtch:1uv-0od,2,2
FIXTURE:ufo:mtch:1uv-0oi,2,2
FIXTURE:ufo:mtch:1uv-0sb,2,2
FIXTURE:ufo:mtch:1uv-0sk,2,2
FIXTURE:ufo:mtch:1uv-0t3,2,2
FIXTURE:ufo:mtch:1uv-0x5,2,2
FIXTURE:ufo:mtch:1uv-0x7,2,2
FIXTURE:ufo:mtch:1uv-0x8,2,2
FIXTURE:ufo:mtch:1uv-0xk,2,2
FIXTURE:ufo:mtch:1uv-0xp,2,2
FIXTURE:ufo:mtch:1uv-0xu,2,2
FIXTURE:ufo:mtch:1uv-0xw,2,2
FIXTURE:ufo:mtch:1uv-0y0,2,2
FIXTURE:ufo:mtch:1uv-0yq,2,2
FIXTURE:ufo:mtch:1uv-111,2,2
FIXTURE:ufo:mtch:1uv-115,2,2
FIXTURE:ufo:mtch:1uv-125,2,2
FIXTURE:ufo:mtch:1uv-12b,2,2
FIXTURE:ufo:mtch:1uv-12e,2,2
FIXTURE:ufo:mtch:1uv-12r,2,2
FIXTURE:ufo:mtch:1uv-12s,2,2
FIXTURE:ufo:mtch:1uv-13g,2,2
FIXTURE:ufo:mtch:1uv-13i,2,2
FIXTURE:ufo:mtch:1uv-13k,2,2
FIXTURE:ufo:mtch:1uv-13v,2,2
FIXTURE:ufo:mtch:1uv-143,2,2
FIXTURE:ufo:mtch:1uv-14e,2,2
FIXTURE:ufo:mtch:1uv-14i,2,2
FIXTURE:ufo:mtch:1uv-14t,2,2
FIXTURE:ufo:mtch:1uv-152,2,2
FIXTURE:ufo:mtch:1uv-154,2,2
FIXTURE:ufo:mtch:1uv-15a,2,2
FIXTURE:ufo:mtch:1uv-15k,2,2
FIXTURE:ufo:mtch:1uv-15r,2,2
FIXTURE:ufo:mtch:1uv-15t,2,2
FIXTURE:ufo:mtch:1uv-161,2,2
FIXTURE:ufo:mtch:1uv-169,2,2
FIXTURE:ufo:mtch:1uv-16j,2,2
FIXTURE:ufo:mtch:1uv-189,2,2
FIXTURE:ufo:mtch:1uv-18s,2,2
FIXTURE:ufo:mtch:1uv-18u,2,2
FIXTURE:ufo:mtch:1uv-196,2,2
FIXTURE:ufo:mtch:1uv-1ch,2,2
FIXTURE:ufo:mtch:1uv-1cq,2,2
FIXTURE:ufo:mtch:1uv-1cw,2,2
FIXTURE:ufo:mtch:1uv-1da,2,2
FIXTURE:ufo:mtch:1uv-1de,2,2
FIXTURE:ufo:mtch:1uv-1dm,2,2
FIXTURE:ufo:mtch:1uv-1ez,2,2
FIXTURE:ufo:mtch:1uv-1ja,2,2
FIXTURE:ufo:mtch:1uv-1jb,2,2
FIXTURE:ufo:mtch:1uv-1je,2,2
FIXTURE:ufo:mtch:1uv-1jm,2,2
FIXTURE:ufo:mtch:1uv-1jo,2,2
FIXTURE:ufo:mtch:1uv-1jz,2,2
FIXTURE:ufo:mtch:1uv-1k2,2,2
FIXTURE:ufo:mtch:1uv-1kd,2,2
FIXTURE:ufo:mtch:1uv-1ke,2,2
FIXTURE:ufo:mtch:1uv-1l7,2,2
FIXTURE:ufo:mtch:1uv-1lx,2,2
FIXTURE:ufo:mtch:1uv-1nv,2,2
FIXTURE:ufo:mtch:1uv-1pf,2,2
FIXTURE:ufo:mtch:1uv-1pl,2,2
FIXTURE:ufo:mtch:1uv-1pn,2,2
FIXTURE:ufo:mtch:1uv-1pq,2,2
FIXTURE:ufo:mtch:1uv-1q6,2,2
FIXTURE:ufo:mtch:1uv-1qu,2,2
FIXTURE:ufo:mtch:1uv-1r9,2,2
FIXTURE:ufo:mtch:1uv-1rg,2,2
FIXTURE:ufo:mtch:1uv-1um,2,2
FIXTURE:ufo:mtch:1uv-1w5,2,2
FIXTURE:ufo:mtch:1uv-1w8,2,2
FIXTURE:ufo:mtch:1uv-1ws,2,2
FIXTURE:ufo:mtch:1uv-1z5,2,2
FIXTURE:ufo:mtch:1uv-201,2,2
FIXTURE:ufo:mtch:1uv-22f,2,2
FIXTURE:ufo:mtch:1uv-22z,2,2
FIXTURE:ufo:mtch:1uv-24j,2,2
FIXTURE:ufo:mtch:1uv-24k,2,2
FIXTURE:ufo:mtch:1uv-25h,2,2
FIXTURE:ufo:mtch:1uv-25i,2,2
FIXTURE:ufo:mtch:1uv-25j,2,2
FIXTURE:ufo:mtch:1uv-25q,2,2
FIXTURE:ufo:mtch:1uv-26g,2,2
FIXTURE:ufo:mtch:1uv-28j,2,2
FIXTURE:ufo:mtch:1uv-28v,2,2
FIXTURE:ufo:mtch:1uv-29o,2,2
FIXTURE:ufo:mtch:1uv-29q,2,2
FIXTURE:ufo:mtch:1uv-29w,2,2
FIXTURE:ufo:mtch:1uv-2bl,2,2
FIXTURE:ufo:mtch:1uv-2di,2,2
FIXTURE:ufo:mtch:1uv-2em,2,2
FIXTURE:ufo:mtch:1uv-2ep,2,2
FIXTURE:ufo:mtch:1uv-2et,2,2
FIXTURE:ufo:mtch:1uv-2fq,2,2
FIXTURE:ufo:mtch:1uv-2gb,2,2
FIXTURE:ufo:mtch:1uv-2i2,2,2
FIXTURE:ufo:mtch:1uv-2it,2,2
FIXTURE:ufo:mtch:1uv-2ki,2,2
FIXTURE:ufo:mtch:1uv-2mx,2,2
FIXTURE:ufo:mtch:1uw-00o,2,2
FIXTURE:ufo:mtch:1uw-00t,2,2
FIXTURE:ufo:mtch:1uw-00u,2,2
FIXTURE:ufo:mtch:1uw-00y,2,2
FIXTURE:ufo:mtch:1uw-013,2,2
FIXTURE:ufo:mtch:1uw-017,2,2
FIXTURE:ufo:mtch:1uw-01a,2,2
FIXTURE:ufo:mtch:1uw-01f,2,2
FIXTURE:ufo:mtch:1uw-01k,2,2
FIXTURE:ufo:mtch:1uw-01n,2,2
FIXTURE:ufo:mtch:1uw-02e,2,2
FIXTURE:ufo:mtch:1uw-02l,2,2
FIXTURE:ufo:mtch:1uw-02q,2,2
FIXTURE:ufo:mtch:1uw-02s,2,2
FIXTURE:ufo:mtch:1uw-02u,2,2
FIXTURE:ufo:mtch:1uw-032,2,2
FIXTURE:ufo:mtch:1uw-033,2,2
FIXTURE:ufo:mtch:1uw-038,2,2
FIXTURE:ufo:mtch:1uw-039,2,2
FIXTURE:ufo:mtch:1uw-03g,2,2
FIXTURE:ufo:mtch:1uw-051,2,2
FIXTURE:ufo:mtch:1uw-062,2,2
FIXTURE:ufo:mtch:1uw-064,2,2
FIXTURE:ufo:mtch:1uw-06e,2,2
FIXTURE:ufo:mtch:1uw-09t,2,2
FIXTURE:ufo:mtch:1uw-09v,2,2
FIXTURE:ufo:mtch:1uw-0af,2,2
FIXTURE:ufo:mtch:1uw-0ak,2,2
FIXTURE:ufo:mtch:1uw-0ar,2,2
FIXTURE:ufo:mtch:1uw-0az,2,2
FIXTURE:ufo:mtch:1uw-0b9,2,2
FIXTURE:ufo:mtch:1uw-0be,2,2
FIXTURE:ufo:mtch:1uw-0bq,2,2
FIXTURE:ufo:mtch:1uw-0bz,2,2
FIXTURE:ufo:mtch:1uw-0c1,2,2
FIXTURE:ufo:mtch:1uw-0c5,2,2
FIXTURE:ufo:mtch:1uw-0cd,2,2
FIXTURE:ufo:mtch:1uw-0cp,2,2
FIXTURE:ufo:mtch:1uw-0ep,2,2
FIXTURE:ufo:mtch:1uw-0fx,2,2
FIXTURE:ufo:mtch:1uw-0ii,2,2
FIXTURE:ufo:mtch:1uw-0im,2,2
FIXTURE:ufo:mtch:1uw-0jk,2,2
FIXTURE:ufo:mtch:1uw-0ne,2,2
FIXTURE:ufo:mtch:1uw-0ox,2,2
FIXTURE:ufo:mtch:1uw-0pm,2,2
FIXTURE:ufo:mtch:1uw-0pt,2,2
FIXTURE:ufo:mtch:1uw-0ut,2,2
FIXTURE:ufo:mtch:1uw-0vf,2,2
FIXTURE:ufo:mtch:1uw-0vg,2,2
FIXTURE:ufo:mtch:1uw-0vo,2,2
FIXTURE:ufo:mtch:1uw-0vs,2,2
FIXTURE:ufo:mtch:1uw-0vu,2,2
FIXTURE:ufo:mtch:1uw-0wx,2,2
FIXTURE:ufo:mtch:1uw-0wz,2,2
FIXTURE:ufo:mtch:1uw-0x8,2,2
FIXTURE:ufo:mtch:1uw-0xn,2,2
FIXTURE:ufo:mtch:1uw-0z7,2,2
FIXTURE:ufo:mtch:1uw-179,2,2
FIXTURE:ufo:mtch:1uw-18g,2,2
FIXTURE:ufo:mtch:1uw-18i,2,2
FIXTURE:ufo:mtch:1uw-18j,2,2
FIXTURE:ufo:mtch:1uw-191,2,2
FIXTURE:ufo:mtch:1uw-192,2,2
FIXTURE:ufo:mtch:1uw-193,2,2
FIXTURE:ufo:mtch:1uw-196,2,2
FIXTURE:ufo:mtch:1uw-19h,2,2
FIXTURE:ufo:mtch:1uw-1a1,2,2
FIXTURE:ufo:mtch:1uw-1ag,2,2
FIXTURE:ufo:mtch:1uw-1bk,2,2
FIXTURE:ufo:mtch:1uw-1da,2,2
FIXTURE:ufo:mtch:1uw-1i7,2,2
FIXTURE:ufo:mtch:1uw-1i9,2,2
FIXTURE:ufo:mtch:1uw-1l3,2,2
FIXTURE:ufo:mtch:1uw-1l5,2,2
FIXTURE:ufo:mtch:1uw-1lt,2,2
FIXTURE:ufo:mtch:1uw-1lu,2,2
FIXTURE:ufo:mtch:1uw-1m9,2,2
FIXTURE:ufo:mtch:1uw-1om,2,2
FIXTURE:ufo:mtch:1uw-1on,2,2
FIXTURE:ufo:mtch:1uw-1ot,2,2
FIXTURE:ufo:mtch:1uw-1ou,2,2
FIXTURE:ufo:mtch:1uw-1py,2,2
FIXTURE:ufo:mtch:1uw-1qt,2,2
FIXTURE:ufo:mtch:1uw-1r4,2,2
FIXTURE:ufo:mtch:1uw-1ro,2,2
FIXTURE:ufo:mtch:1uw-1ss,2,2
FIXTURE:ufo:mtch:1uw-1tv,2,2
FIXTURE:ufo:mtch:1uw-1u5,2,2
FIXTURE:ufo:mtch:1uw-1vi,2,2
FIXTURE:ufo:mtch:1uw-1vz,2,2
FIXTURE:ufo:mtch:1uw-1w1,2,2
FIXTURE:ufo:mtch:1uw-1w2,2,2
FIXTURE:ufo:mtch:1uw-1w9,2,2
FIXTURE:ufo:mtch:1uw-1yo,2,2
FIXTURE:ufo:mtch:1uw-1z8,2,2
FIXTURE:ufo:mtch:1uw-20l,2,2
FIXTURE:ufo:mtch:1uw-22g,2,2
FIXTURE:ufo:mtch:1uw-22o,2,2
FIXTURE:ufo:mtch:1uw-24j,2,2
FIXTURE:ufo:mtch:1uw-28d,2,2
FIXTURE:ufo:mtch:1uw-29j,2,2
FIXTURE:ufo:mtch:1uw-29l,2,2
FIXTURE:ufo:mtch:1uw-29s,2,2
FIXTURE:ufo:mtch:1uw-29v,2,2
FIXTURE:ufo:mtch:1uw-29x,2,2
FIXTURE:ufo:mtch:1uw-2b1,2,2
FIXTURE:ufo:mtch:1uw-2b7,2,2
FIXTURE:ufo:mtch:1uw-2b8,2,2
FIXTURE:ufo:mtch:1uw-2d1,2,2
FIXTURE:ufo:mtch:1uw-2d5,2,2
FIXTURE:ufo:mtch:1uw-2eo,2,2
FIXTURE:ufo:mtch:1uw-2ep,2,2
FIXTURE:ufo:mtch:1uw-2f1,2,2
FIXTURE:ufo:mtch:1uw-2f6,2,2
FIXTURE:ufo:mtch:1uw-2f8,2,2
FIXTURE:ufo:mtch:1uw-2fd,2,2
FIXTURE:ufo:mtch:1uw-2ff,2,2
FIXTURE:ufo:mtch:1uw-2fi,2,2
FIXTURE:ufo:mtch:1uw-2fk,2,2
FIXTURE:ufo:mtch:1uw-2ft,2,2
FIXTURE:ufo:mtch:1uw-2g0,2,2
FIXTURE:ufo:mtch:1uw-2ga,2,2
FIXTURE:ufo:mtch:1uw-2gg,2,2
FIXTURE:ufo:mtch:1uw-2gx,2,2
FIXTURE:ufo:mtch:1uw-2h8,2,2
FIXTURE:ufo:mtch:1uw-2hq,2,2
FIXTURE:ufo:mtch:1uw-2i2,2,2
FIXTURE:ufo:mtch:1uw-2it,2,2
FIXTURE:ufo:mtch:1uw-2kr,2,2
FIXTURE:ufo:mtch:1uw-2kv,2,2
FIXTURE:ufo:mtch:1uw-2kz,2,2
FIXTURE:ufo:mtch:1uw-2l0,2,2
FIXTURE:ufo:mtch:1uw-2lr,2,2
FIXTURE:ufo:mtch:1uw-2mc,2,2
FIXTURE:ufo:mtch:1uw-2mo,2,2
FIXTURE:ufo:mtch:1uw-2ms,2,2
FIXTURE:ufo:mtch:1uw-2mv,2,2
FIXTURE:ufo:mtch:1uw-2nn,2,2
FIXTURE:ufo:mtch:1uw-2np,2,2
FIXTURE:ufo:mtch:1uw-2nt,2,2
FIXTURE:ufo:mtch:1uw-2o1,2,2
FIXTURE:ufo:mtch:1uw-2oc,2,2
FIXTURE:ufo:mtch:1uw-2of,2,2
FIXTURE:ufo:mtch:1uw-2ui,2,2
FIXTURE:ufo:mtch:1uw-2vk,2,2
FIXTURE:ufo:mtch:1uw-2vr,2,2
FIXTURE:ufo:mtch:1ux-00j,2,2
FIXTURE:ufo:mtch:1ux-00m,2,2
FIXTURE:ufo:mtch:1ux-010,2,2
FIXTURE:ufo:mtch:1ux-01b,2,2
FIXTURE:ufo:mtch:1ux-01u,2,2
FIXTURE:ufo:mtch:1ux-021,2,2
FIXTURE:ufo:mtch:1ux-02f,2,2
FIXTURE:ufo:mtch:1ux-02m,2,2
FIXTURE:ufo:mtch:1ux-02t,2,2
FIXTURE:ufo:mtch:1ux-034,2,2
FIXTURE:ufo:mtch:1ux-03q,2,2
FIXTURE:ufo:mtch:1ux-04d,2,2
FIXTURE:ufo:mtch:1ux-06c,2,2
FIXTURE:ufo:mtch:1ux-06f,2,2
FIXTURE:ufo:mtch:1ux-06i,2,2
FIXTURE:ufo:mtch:1ux-06j,2,2
FIXTURE:ufo:mtch:1ux-06m,2,2
FIXTURE:ufo:mtch:1ux-07d,2,2
FIXTURE:ufo:mtch:1ux-08f,2,2
FIXTURE:ufo:mtch:1ux-08q,2,2
FIXTURE:ufo:mtch:1ux-09p,2,2
FIXTURE:ufo:mtch:1ux-09s,2,2
FIXTURE:ufo:mtch:1ux-0a2,2,2
FIXTURE:ufo:mtch:1ux-0cd,2,2
FIXTURE:ufo:mtch:1ux-0cr,2,2
FIXTURE:ufo:mtch:1ux-0fm,2,2
FIXTURE:ufo:mtch:1ux-0j8,2,2
FIXTURE:ufo:mtch:1ux-0kk,2,2
FIXTURE:ufo:mtch:1ux-0ko,2,2
FIXTURE:ufo:mtch:1ux-0th,2,2
FIXTURE:ufo:mtch:1ux-0xl,2,2
FIXTURE:ufo:mtch:1ux-0yb,2,2
FIXTURE:ufo:mtch:1ux-0yq,2,2
FIXTURE:ufo:mtch:1ux-0yt,2,2
FIXTURE:ufo:mtch:1ux-0yz,2,2
FIXTURE:ufo:mtch:1ux-11m,2,2
FIXTURE:ufo:mtch:1ux-12k,2,2
FIXTURE:ufo:mtch:1ux-12n,2,2
FIXTURE:ufo:mtch:1ux-13s,2,2
FIXTURE:ufo:mtch:1ux-13w,2,2
FIXTURE:ufo:mtch:1ux-13y,2,2
FIXTURE:ufo:mtch:1ux-144,2,2
FIXTURE:ufo:mtch:1ux-14i,2,2
FIXTURE:ufo:mtch:1ux-14p,2,2
FIXTURE:ufo:mtch:1ux-14t,2,2
FIXTURE:ufo:mtch:1ux-14u,2,2
FIXTURE:ufo:mtch:1ux-14w,2,2
FIXTURE:ufo:mtch:1ux-14y,2,2
FIXTURE:ufo:mtch:1ux-150,2,2
FIXTURE:ufo:mtch:1ux-15x,2,2
FIXTURE:ufo:mtch:1ux-15z,2,2
FIXTURE:ufo:mtch:1ux-165,2,2
FIXTURE:ufo:mtch:1ux-169,2,2
FIXTURE:ufo:mtch:1ux-16d,2,2
FIXTURE:ufo:mtch:1ux-17h,2,2
FIXTURE:ufo:mtch:1ux-1ch,2,2
FIXTURE:ufo:mtch:1ux-1e0,2,2
FIXTURE:ufo:mtch:1ux-1fg,2,2
FIXTURE:ufo:mtch:1ux-1fl,2,2
FIXTURE:ufo:mtch:1ux-1fm,2,2
FIXTURE:ufo:mtch:1ux-1g0,2,2
FIXTURE:ufo:mtch:1ux-1g8,2,2
FIXTURE:ufo:mtch:1ux-1gb,2,2
FIXTURE:ufo:mtch:1ux-1gc,2,2
FIXTURE:ufo:mtch:1ux-1ge,2,2
FIXTURE:ufo:mtch:1ux-1gj,2,2
FIXTURE:ufo:mtch:1ux-1gn,2,2
FIXTURE:ufo:mtch:1ux-1hn,2,2
FIXTURE:ufo:mtch:1ux-1hp,2,2
FIXTURE:ufo:mtch:1ux-1ib,2,2
FIXTURE:ufo:mtch:1ux-1if,2,2
FIXTURE:ufo:mtch:1ux-1il,2,2
FIXTURE:ufo:mtch:1ux-1jd,2,2
FIXTURE:ufo:mtch:1ux-1k2,2,2
FIXTURE:ufo:mtch:1ux-1l1,2,2
FIXTURE:ufo:mtch:1ux-1ll,2,2
FIXTURE:ufo:mtch:1ux-1m8,2,2
FIXTURE:ufo:mtch:1ux-1ms,2,2
FIXTURE:ufo:mtch:1ux-1mw,2,2
FIXTURE:ufo:mtch:1ux-1na,2,2
FIXTURE:ufo:mtch:1ux-1nd,2,2
FIXTURE:ufo:mtch:1ux-1oa,2,2
FIXTURE:ufo:mtch:1ux-1oj,2,2
FIXTURE:ufo:mtch:1ux-1q0,2,2
FIXTURE:ufo:mtch:1ux-1q6,2,2
FIXTURE:ufo:mtch:1ux-1qj,2,2
FIXTURE:ufo:mtch:1ux-1qw,2,2
FIXTURE:ufo:mtch:1ux-1r7,2,2
FIXTURE:ufo:mtch:1ux-1r9,2,2
FIXTURE:ufo:mtch:1ux-1s9,2,2
FIXTURE:ufo:mtch:1ux-1td,2,2
FIXTURE:ufo:mtch:1ux-1u5,2,2
FIXTURE:ufo:mtch:1ux-1vi,2,2
FIXTURE:ufo:mtch:1ux-1vk,2,2
FIXTURE:ufo:mtch:1ux-24r,2,2
FIXTURE:ufo:mtch:1ux-24u,2,2
FIXTURE:ufo:mtch:1ux-269,2,2
FIXTURE:ufo:mtch:1ux-26f,2,2
FIXTURE:ufo:mtch:1ux-26p,2,2
FIXTURE:ufo:mtch:1ux-26x,2,2
FIXTURE:ufo:mtch:1ux-26y,2,2
FIXTURE:ufo:mtch:1ux-27u,2,2
FIXTURE:ufo:mtch:1ux-289,2,2
FIXTURE:ufo:mtch:1ux-2bq,2,2
FIXTURE:ufo:mtch:1ux-2bz,2,2
FIXTURE:ufo:mtch:1ux-2f7,2,2
FIXTURE:ufo:mtch:1ux-2fb,2,2
FIXTURE:ufo:mtch:1ux-2kj,2,2
FIXTURE:ufo:mtch:1ux-2kq,2,2
FIXTURE:ufo:mtch:1ux-2lh,2,2
FIXTURE:ufo:mtch:1ux-2qz,2,2
FIXTURE:ufo:mtch:1uy-00k,2,2
FIXTURE:ufo:mtch:1uy-00n,2,2
FIXTURE:ufo:mtch:1uy-01e,2,2
FIXTURE:ufo:mtch:1uy-01f,2,2
FIXTURE:ufo:mtch:1uy-01g,2,2
FIXTURE:ufo:mtch:1uy-01j,2,2
FIXTURE:ufo:mtch:1uy-01q,2,2
FIXTURE:ufo:mtch:1uy-023,2,2
FIXTURE:ufo:mtch:1uy-025,2,2
FIXTURE:ufo:mtch:1uy-02r,2,2
FIXTURE:ufo:mtch:1uy-02v,2,2
FIXTURE:ufo:mtch:1uy-030,2,2
FIXTURE:ufo:mtch:1uy-033,2,2
FIXTURE:ufo:mtch:1uy-03f,2,2
FIXTURE:ufo:mtch:1uy-03o,2,2
FIXTURE:ufo:mtch:1uy-03u,2,2
FIXTURE:ufo:mtch:1uy-048,2,2
FIXTURE:ufo:mtch:1uy-049,2,2
FIXTURE:ufo:mtch:1uy-04s,2,2
FIXTURE:ufo:mtch:1uy-04t,2,2
FIXTURE:ufo:mtch:1uy-04u,2,2
FIXTURE:ufo:mtch:1uy-04v,2,2
FIXTURE:ufo:mtch:1uy-054,2,2
FIXTURE:ufo:mtch:1uy-05f,2,2
FIXTURE:ufo:mtch:1uy-05k,2,2
FIXTURE:ufo:mtch:1uy-05m,2,2
FIXTURE:ufo:mtch:1uy-06a,2,2
FIXTURE:ufo:mtch:1uy-06b,2,2
FIXTURE:ufo:mtch:1uy-06d,2,2
FIXTURE:ufo:mtch:1uy-06e,2,2
FIXTURE:ufo:mtch:1uy-06v,2,2
FIXTURE:ufo:mtch:1uy-070,2,2
FIXTURE:ufo:mtch:1uy-079,2,2
FIXTURE:ufo:mtch:1uy-07j,2,2
FIXTURE:ufo:mtch:1uy-07r,2,2
FIXTURE:ufo:mtch:1uy-07v,2,2
FIXTURE:ufo:mtch:1uy-08w,2,2
FIXTURE:ufo:mtch:1uy-092,2,2
FIXTURE:ufo:mtch:1uy-09c,2,2
FIXTURE:ufo:mtch:1uy-09e,2,2
FIXTURE:ufo:mtch:1uy-09j,2,2
FIXTURE:ufo:mtch:1uy-09n,2,2
FIXTURE:ufo:mtch:1uy-09t,2,2
FIXTURE:ufo:mtch:1uy-0a8,2,2
FIXTURE:ufo:mtch:1uy-0ab,2,2
FIXTURE:ufo:mtch:1uy-0ao,2,2
FIXTURE:ufo:mtch:1uy-0as,2,2
FIXTURE:ufo:mtch:1uy-0at,2,2
FIXTURE:ufo:mtch:1uy-0aw,2,2
FIXTURE:ufo:mtch:1uy-0bg,2,2
FIXTURE:ufo:mtch:1uy-0bs,2,2
FIXTURE:ufo:mtch:1uy-0c1,2,2
FIXTURE:ufo:mtch:1uy-0c2,2,2
FIXTURE:ufo:mtch:1uy-0cc,2,2
FIXTURE:ufo:mtch:1uy-0cf,2,2
FIXTURE:ufo:mtch:1uy-0cv,2,2
FIXTURE:ufo:mtch:1uy-0d5,2,2
FIXTURE:ufo:mtch:1uy-0db,2,2
FIXTURE:ufo:mtch:1uy-0hu,2,2
FIXTURE:ufo:mtch:1uy-0j7,2,2
FIXTURE:ufo:mtch:1uy-0jl,2,2
FIXTURE:ufo:mtch:1uy-0l0,2,2
FIXTURE:ufo:mtch:1uy-0l1,2,2
FIXTURE:ufo:mtch:1uy-0r8,2,2
FIXTURE:ufo:mtch:1uy-0rp,2,2
FIXTURE:ufo:mtch:1uy-0ru,2,2
FIXTURE:ufo:mtch:1uy-0rx,2,2
FIXTURE:ufo:mtch:1uy-0s0,2,2
FIXTURE:ufo:mtch:1uy-0sx,2,2
FIXTURE:ufo:mtch:1uy-0uo,2,2
FIXTURE:ufo:mtch:1uy-0up,2,2
FIXTURE:ufo:mtch:1uy-0w8,2,2
FIXTURE:ufo:mtch:1uy-0wd,2,2
FIXTURE:ufo:mtch:1uy-0wh,2,2
FIXTURE:ufo:mtch:1uy-0wk,2,2
FIXTURE:ufo:mtch:1uy-0wq,2,2
FIXTURE:ufo:mtch:1uy-0x7,2,2
FIXTURE:ufo:mtch:1uy-0x9,2,2
FIXTURE:ufo:mtch:1uy-0xa,2,2
FIXTURE:ufo:mtch:1uy-0xh,2,2
FIXTURE:ufo:mtch:1uy-0xn,2,2
FIXTURE:ufo:mtch:1uy-0y0,2,2
FIXTURE:ufo:mtch:1uy-0zb,2,2
FIXTURE:ufo:mtch:1uy-0zk,2,2
FIXTURE:ufo:mtch:1uy-0zl,2,2
FIXTURE:ufo:mtch:1uy-0zn,2,2
FIXTURE:ufo:mtch:1uy-0zo,2,2
FIXTURE:ufo:mtch:1uy-0zq,2,2
FIXTURE:ufo:mtch:1uy-0zu,2,2
FIXTURE:ufo:mtch:1uy-0zy,2,2
FIXTURE:ufo:mtch:1uy-101,2,2
FIXTURE:ufo:mtch:1uy-102,2,2
FIXTURE:ufo:mtch:1uy-107,2,2
FIXTURE:ufo:mtch:1uy-108,2,2
FIXTURE:ufo:mtch:1uy-10p,2,2
FIXTURE:ufo:mtch:1uy-10x,2,2
FIXTURE:ufo:mtch:1uy-113,2,2
FIXTURE:ufo:mtch:1uy-115,2,2
FIXTURE:ufo:mtch:1uy-11i,2,2
FIXTURE:ufo:mtch:1uy-11p,2,2
FIXTURE:ufo:mtch:1uy-11z,2,2
FIXTURE:ufo:mtch:1uy-124,2,2
FIXTURE:ufo:mtch:1uy-12g,2,2
FIXTURE:ufo:mtch:1uy-12y,2,2
FIXTURE:ufo:mtch:1uy-136,2,2
FIXTURE:ufo:mtch:1uy-13b,2,2
FIXTURE:ufo:mtch:1uy-13j,2,2
FIXTURE:ufo:mtch:1uy-141,2,2
FIXTURE:ufo:mtch:1uy-142,2,2
FIXTURE:ufo:mtch:1uy-14n,2,2
FIXTURE:ufo:mtch:1uy-14q,2,2
FIXTURE:ufo:mtch:1uy-15n,2,2
FIXTURE:ufo:mtch:1uy-19i,2,2
FIXTURE:ufo:mtch:1uy-19p,2,2
FIXTURE:ufo:mtch:1uy-1d2,2,2
FIXTURE:ufo:mtch:1uy-1dg,2,2
FIXTURE:ufo:mtch:1uy-1dh,2,2
FIXTURE:ufo:mtch:1uy-1e8,2,2
FIXTURE:ufo:mtch:1uy-1ed,2,2
FIXTURE:ufo:mtch:1uy-1ek,2,2
FIXTURE:ufo:mtch:1uy-1em,2,2
FIXTURE:ufo:mtch:1uy-1eq,2,2
FIXTURE:ufo:mtch:1uy-1fg,2,2
FIXTURE:ufo:mtch:1uy-1fw,2,2
FIXTURE:ufo:mtch:1uy-1g1,2,2
FIXTURE:ufo:mtch:1uy-1g6,2,2
FIXTURE:ufo:mtch:1uy-1g8,2,2
FIXTURE:ufo:mtch:1uy-1gp,2,2
FIXTURE:ufo:mtch:1uy-1gx,2,2
FIXTURE:ufo:mtch:1uy-1h2,2,2
FIXTURE:ufo:mtch:1uy-1jl,2,2
FIXTURE:ufo:mtch:1uy-1jr,2,2
FIXTURE:ufo:mtch:1uy-1k1,2,2
FIXTURE:ufo:mtch:1uy-1kx,2,2
FIXTURE:ufo:mtch:1uy-1ky,2,2
FIXTURE:ufo:mtch:1uy-1l1,2,2
FIXTURE:ufo:mtch:1uy-1l9,2,2
FIXTURE:ufo:mtch:1uy-1lh,2,2
FIXTURE:ufo:mtch:1uy-1li,2,2
FIXTURE:ufo:mtch:1uy-1lp,2,2
FIXTURE:ufo:mtch:1uy-1lr,2,2
FIXTURE:ufo:mtch:1uy-1lx,2,2
FIXTURE:ufo:mtch:1uy-1mh,2,2
FIXTURE:ufo:mtch:1uy-1mj,2,2
FIXTURE:ufo:mtch:1uy-1ml,2,2
FIXTURE:ufo:mtch:1uy-1n6,2,2
FIXTURE:ufo:mtch:1uy-1ng,2,2
FIXTURE:ufo:mtch:1uy-1nh,2,2
FIXTURE:ufo:mtch:1uy-1ns,2,2
FIXTURE:ufo:mtch:1uy-1nv,2,2
FIXTURE:ufo:mtch:1uy-1ny,2,2
FIXTURE:ufo:mtch:1uy-1o8,2,2
FIXTURE:ufo:mtch:1uy-1ok,2,2
FIXTURE:ufo:mtch:1uy-1ou,2,2
FIXTURE:ufo:mtch:1uy-1ph,2,2
FIXTURE:ufo:mtch:1uy-1pl,2,2
FIXTURE:ufo:mtch:1uy-1pv,2,2
FIXTURE:ufo:mtch:1uy-1pw,2,2
FIXTURE:ufo:mtch:1uy-1q0,2,2
FIXTURE:ufo:mtch:1uy-1q5,2,2
FIXTURE:ufo:mtch:1uy-1q9,2,2
FIXTURE:ufo:mtch:1uy-1qk,2,2
FIXTURE:ufo:mtch:1uy-1rj,2,2
FIXTURE:ufo:mtch:1uy-1rl,2,2
FIXTURE:ufo:mtch:1uy-1rn,2,2
FIXTURE:ufo:mtch:1uy-1rt,2,2
FIXTURE:ufo:mtch:1uy-1s3,2,2
FIXTURE:ufo:mtch:1uy-1s6,2,2
FIXTURE:ufo:mtch:1uy-1se,2,2
FIXTURE:ufo:mtch:1uy-1t7,2,2
FIXTURE:ufo:mtch:1uy-1t8,2,2
FIXTURE:ufo:mtch:1uy-1th,2,2
FIXTURE:ufo:mtch:1uy-1ti,2,2
FIXTURE:ufo:mtch:1uy-1tl,2,2
FIXTURE:ufo:mtch:1uy-1to,2,2
FIXTURE:ufo:mtch:1uy-1uv,2,2
FIXTURE:ufo:mtch:1uy-1vw,2,2
FIXTURE:ufo:mtch:1uy-1wq,2,2
FIXTURE:ufo:mtch:1uy-20m,2,2
FIXTURE:ufo:mtch:1uy-21z,2,2
FIXTURE:ufo:mtch:1uy-23c,2,2
FIXTURE:ufo:mtch:1uy-243,2,2
FIXTURE:ufo:mtch:1uy-24a,2,2
FIXTURE:ufo:mtch:1uy-24d,2,2
FIXTURE:ufo:mtch:1uy-25p,2,2
FIXTURE:ufo:mtch:1uy-266,2,2
FIXTURE:ufo:mtch:1uy-274,2,2
FIXTURE:ufo:mtch:1uy-27i,2,2
FIXTURE:ufo:mtch:1uy-27o,2,2
FIXTURE:ufo:mtch:1uy-27x,2,2
FIXTURE:ufo:mtch:1uy-28u,2,2
FIXTURE:ufo:mtch:1uy-293,2,2
FIXTURE:ufo:mtch:1uy-295,2,2
FIXTURE:ufo:mtch:1uy-29l,2,2
FIXTURE:ufo:mtch:1uy-2ar,2,2
FIXTURE:ufo:mtch:1uy-2at,2,2
FIXTURE:ufo:mtch:1uy-2bj,2,2
FIXTURE:ufo:mtch:1uy-2by,2,2
FIXTURE:ufo:mtch:1uy-2cv,2,2
FIXTURE:ufo:mtch:1uy-2cw,2,2
FIXTURE:ufo:mtch:1uy-2cy,2,2
FIXTURE:ufo:mtch:1uy-2cz,2,2
FIXTURE:ufo:mtch:1uy-2d1,2,2
FIXTURE:ufo:mtch:1uy-2d7,2,2
FIXTURE:ufo:mtch:1uy-2dg,2,2
FIXTURE:ufo:mtch:1uy-2e8,2,2
FIXTURE:ufo:mtch:1uy-2eb,2,2
FIXTURE:ufo:mtch:1uy-2eu,2,2
FIXTURE:ufo:mtch:1uy-2ew,2,2
FIXTURE:ufo:mtch:1uy-2fu,2,2
FIXTURE:ufo:mtch:1uy-2fv,2,2
FIXTURE:ufo:mtch:1uy-2fz,2,2
FIXTURE:ufo:mtch:1uy-2g6,2,2
FIXTURE:ufo:mtch:1uy-2iw,2,2
FIXTURE:ufo:mtch:1uy-2js,2,2
FIXTURE:ufo:mtch:1uy-2jx,2,2
FIXTURE:ufo:mtch:1uy-2l3,2,2
FIXTURE:ufo:mtch:1uy-2l6,2,2
FIXTURE:ufo:mtch:1uy-2l7,2,2
FIXTURE:ufo:mtch:1uy-2m5,2,2
FIXTURE:ufo:mtch:1uy-2m8,2,2
FIXTURE:ufo:mtch:1uy-2mh,2,2
FIXTURE:ufo:mtch:1uy-2qz,2,2
FIXTURE:ufo:mtch:1uy-2rw,2,2
FIXTURE:ufo:mtch:1uy-2tt,2,2
FIXTURE:ufo:mtch:1uy-2u4,2,2
FIXTURE:ufo:mtch:1uy-2ub,2,2
FIXTURE:ufo:mtch:1uy-2uc,2,2
FIXTURE:ufo:mtch:1uy-2ud,2,2
FIXTURE:ufo:mtch:1uy-2un,2,2
FIXTURE:ufo:mtch:1uy-2v5,2,2
FIXTURE:ufo:mtch:1uy-2va,2,2
FIXTURE:ufo:mtch:1uy-2vx,2,2
FIXTURE:ufo:mtch:1uz-00i,2,2
FIXTURE:ufo:mtch:1uz-00j,2,2
FIXTURE:ufo:mtch:1uz-01h,2,2
FIXTURE:ufo:mtch:1uz-020,2,2
FIXTURE:ufo:mtch:1uz-024,2,2
FIXTURE:ufo:mtch:1uz-02q,2,2
FIXTURE:ufo:mtch:1uz-039,2,2
FIXTURE:ufo:mtch:1uz-03q,2,2
FIXTURE:ufo:mtch:1uz-04s,2,2
FIXTURE:ufo:mtch:1uz-04t,2,2
FIXTURE:ufo:mtch:1uz-05e,2,2
FIXTURE:ufo:mtch:1uz-05k,2,2
FIXTURE:ufo:mtch:1uz-05r,2,2
FIXTURE:ufo:mtch:1uz-05s,2,2
FIXTURE:ufo:mtch:1uz-05t,2,2
FIXTURE:ufo:mtch:1uz-05u,2,2
FIXTURE:ufo:mtch:1uz-066,2,2
FIXTURE:ufo:mtch:1uz-069,2,2
FIXTURE:ufo:mtch:1uz-06a,2,2
FIXTURE:ufo:mtch:1uz-06f,2,2
FIXTURE:ufo:mtch:1uz-07m,2,2
FIXTURE:ufo:mtch:1uz-081,2,2
FIXTURE:ufo:mtch:1uz-084,2,2
FIXTURE:ufo:mtch:1uz-087,2,2
FIXTURE:ufo:mtch:1uz-08p,2,2
FIXTURE:ufo:mtch:1uz-08r,2,2
FIXTURE:ufo:mtch:1uz-096,2,2
FIXTURE:ufo:mtch:1uz-098,2,2
FIXTURE:ufo:mtch:1uz-09b,2,2
FIXTURE:ufo:mtch:1uz-09g,2,2
FIXTURE:ufo:mtch:1uz-09n,2,2
FIXTURE:ufo:mtch:1uz-0a9,2,2
FIXTURE:ufo:mtch:1uz-0ah,2,2
FIXTURE:ufo:mtch:1uz-0ai,2,2
FIXTURE:ufo:mtch:1uz-0ak,2,2
FIXTURE:ufo:mtch:1uz-0at,2,2
FIXTURE:ufo:mtch:1uz-0au,2,2
FIXTURE:ufo:mtch:1uz-0av,2,2
FIXTURE:ufo:mtch:1uz-0bz,2,2
FIXTURE:ufo:mtch:1uz-0c0,2,2
FIXTURE:ufo:mtch:1uz-0c6,2,2
FIXTURE:ufo:mtch:1uz-0c7,2,2
FIXTURE:ufo:mtch:1uz-0cb,2,2
FIXTURE:ufo:mtch:1uz-0cp,2,2
FIXTURE:ufo:mtch:1uz-0ej,2,2
FIXTURE:ufo:mtch:1uz-0ez,2,2
FIXTURE:ufo:mtch:1uz-0fq,2,2
FIXTURE:ufo:mtch:1uz-0fu,2,2
FIXTURE:ufo:mtch:1uz-0fv,2,2
FIXTURE:ufo:mtch:1uz-0g3,2,2
FIXTURE:ufo:mtch:1uz-0gg,2,2
FIXTURE:ufo:mtch:1uz-0gk,2,2
FIXTURE:ufo:mtch:1uz-0h8,2,2
FIXTURE:ufo:mtch:1uz-0hj,2,2
FIXTURE:ufo:mtch:1uz-0hq,2,2
FIXTURE:ufo:mtch:1uz-0hr,2,2
FIXTURE:ufo:mtch:1uz-0id,2,2
FIXTURE:ufo:mtch:1uz-0il,2,2
FIXTURE:ufo:mtch:1uz-0im,2,2
FIXTURE:ufo:mtch:1uz-0k9,2,2
FIXTURE:ufo:mtch:1uz-0kc,2,2
FIXTURE:ufo:mtch:1uz-0lw,2,2
FIXTURE:ufo:mtch:1uz-0ly,2,2
FIXTURE:ufo:mtch:1uz-0m3,2,2
FIXTURE:ufo:mtch:1uz-0m6,2,2
FIXTURE:ufo:mtch:1uz-0mc,2,2
FIXTURE:ufo:mtch:1uz-0mh,2,2
FIXTURE:ufo:mtch:1uz-0n7,2,2
FIXTURE:ufo:mtch:1uz-0na,2,2
FIXTURE:ufo:mtch:1uz-0nq,2,2
FIXTURE:ufo:mtch:1uz-0ou,2,2
FIXTURE:ufo:mtch:1uz-0rh,2,2
FIXTURE:ufo:mtch:1uz-0rp,2,2
FIXTURE:ufo:mtch:1uz-0sp,2,2
FIXTURE:ufo:mtch:1uz-0t3,2,2
FIXTURE:ufo:mtch:1uz-0tp,2,2
FIXTURE:ufo:mtch:1uz-0tu,2,2
FIXTURE:ufo:mtch:1uz-0uf,2,2
FIXTURE:ufo:mtch:1uz-0uj,2,2
FIXTURE:ufo:mtch:1uz-0vn,2,2
FIXTURE:ufo:mtch:1uz-0vy,2,2
FIXTURE:ufo:mtch:1uz-0yz,2,2
FIXTURE:ufo:mtch:1uz-0za,2,2
FIXTURE:ufo:mtch:1uz-0zs,2,2
FIXTURE:ufo:mtch:1uz-119,2,2
FIXTURE:ufo:mtch:1uz-11d,2,2
FIXTURE:ufo:mtch:1uz-13w,2,2
FIXTURE:ufo:mtch:1uz-15b,2,2
FIXTURE:ufo:mtch:1uz-1a7,2,2
FIXTURE:ufo:mtch:1uz-1ax,2,2
FIXTURE:ufo:mtch:1uz-1ek,2,2
FIXTURE:ufo:mtch:1uz-1pb,2,2
FIXTURE:ufo:mtch:1uz-1r3,2,2
FIXTURE:ufo:mtch:1uz-1sm,2,2
FIXTURE:ufo:mtch:1uz-1uw,2,2
FIXTURE:ufo:mtch:1uz-1v7,2,2
FIXTURE:ufo:mtch:1uz-1vh,2,2
FIXTURE:ufo:mtch:1uz-1vk,2,2
FIXTURE:ufo:mtch:1uz-1vz,2,2
FIXTURE:ufo:mtch:1uz-1wb,2,2
FIXTURE:ufo:mtch:1uz-1wk,2,2
FIXTURE:ufo:mtch:1uz-1wl,2,2
FIXTURE:ufo:mtch:1uz-1wm,2,2
FIXTURE:ufo:mtch:1uz-1wn,2,2
FIXTURE:ufo:mtch:1uz-1wo,2,2
FIXTURE:ufo:mtch:1uz-1wp,2,2
FIXTURE:ufo:mtch:1uz-1wr,2,2
FIXTURE:ufo:mtch:1uz-1ws,2,2
FIXTURE:ufo:mtch:1uz-1wv,2,2
FIXTURE:ufo:mtch:1uz-1wy,2,2
FIXTURE:ufo:mtch:1uz-1wz,2,2
FIXTURE:ufo:mtch:1uz-1x0,2,2
FIXTURE:ufo:mtch:1uz-1x2,2,2
FIXTURE:ufo:mtch:1uz-1x4,2,2
FIXTURE:ufo:mtch:1uz-1x9,2,2
FIXTURE:ufo:mtch:1uz-1xa,2,2
FIXTURE:ufo:mtch:1uz-1xc,2,2
FIXTURE:ufo:mtch:1uz-1xd,2,2
FIXTURE:ufo:mtch:1uz-1xj,2,2
FIXTURE:ufo:mtch:1uz-1xo,2,2
FIXTURE:ufo:mtch:1uz-1xq,2,2
FIXTURE:ufo:mtch:1uz-1xy,2,2
FIXTURE:ufo:mtch:1uz-1y6,2,2
FIXTURE:ufo:mtch:1uz-1y9,2,2
FIXTURE:ufo:mtch:1uz-1yd,2,2
FIXTURE:ufo:mtch:1uz-1yn,2,2
FIXTURE:ufo:mtch:1uz-1yy,2,2
FIXTURE:ufo:mtch:1uz-1yz,2,2
FIXTURE:ufo:mtch:1uz-1zn,2,2
FIXTURE:ufo:mtch:1uz-1zz,2,2
FIXTURE:ufo:mtch:1uz-205,2,2
FIXTURE:ufo:mtch:1uz-20b,2,2
FIXTURE:ufo:mtch:1uz-216,2,2
FIXTURE:ufo:mtch:1uz-219,2,2
FIXTURE:ufo:mtch:1uz-21e,2,2
FIXTURE:ufo:mtch:1uz-21n,2,2
FIXTURE:ufo:mtch:1uz-21q,2,2
FIXTURE:ufo:mtch:1uz-21v,2,2
FIXTURE:ufo:mtch:1uz-21w,2,2
FIXTURE:ufo:mtch:1uz-21z,2,2
FIXTURE:ufo:mtch:1uz-220,2,2
FIXTURE:ufo:mtch:1uz-226,2,2
FIXTURE:ufo:mtch:1uz-228,2,2
FIXTURE:ufo:mtch:1uz-22d,2,2
FIXTURE:ufo:mtch:1uz-22l,2,2
FIXTURE:ufo:mtch:1uz-22m,2,2
FIXTURE:ufo:mtch:1uz-22o,2,2
FIXTURE:ufo:mtch:1uz-22w,2,2
FIXTURE:ufo:mtch:1uz-23w,2,2
FIXTURE:ufo:mtch:1uz-246,2,2
FIXTURE:ufo:mtch:1uz-24t,2,2
FIXTURE:ufo:mtch:1uz-28d,2,2
FIXTURE:ufo:mtch:1uz-28f,2,2
FIXTURE:ufo:mtch:1uz-28k,2,2
FIXTURE:ufo:mtch:1uz-28s,2,2
FIXTURE:ufo:mtch:1uz-28t,2,2
FIXTURE:ufo:mtch:1uz-291,2,2
FIXTURE:ufo:mtch:1uz-292,2,2
FIXTURE:ufo:mtch:1uz-293,2,2
FIXTURE:ufo:mtch:1uz-298,2,2
FIXTURE:ufo:mtch:1uz-299,2,2
FIXTURE:ufo:mtch:1uz-29d,2,2
FIXTURE:ufo:mtch:1uz-29h,2,2
FIXTURE:ufo:mtch:1uz-29k,2,2
FIXTURE:ufo:mtch:1uz-29o,2,2
FIXTURE:ufo:mtch:1uz-29s,2,2
FIXTURE:ufo:mtch:1uz-29u,2,2
FIXTURE:ufo:mtch:1uz-29v,2,2
FIXTURE:ufo:mtch:1uz-29z,2,2
FIXTURE:ufo:mtch:1uz-2a6,2,2
FIXTURE:ufo:mtch:1uz-2a7,2,2
FIXTURE:ufo:mtch:1uz-2a8,2,2
FIXTURE:ufo:mtch:1uz-2ag,2,2
FIXTURE:ufo:mtch:1uz-2ak,2,2
FIXTURE:ufo:mtch:1uz-2ao,2,2
FIXTURE:ufo:mtch:1uz-2b3,2,2
FIXTURE:ufo:mtch:1uz-2b7,2,2
FIXTURE:ufo:mtch:1uz-2bg,2,2
FIXTURE:ufo:mtch:1uz-2bl,2,2
FIXTURE:ufo:mtch:1uz-2bw,2,2
FIXTURE:ufo:mtch:1uz-2bx,2,2
FIXTURE:ufo:mtch:1uz-2bz,2,2
FIXTURE:ufo:mtch:1uz-2c3,2,2
FIXTURE:ufo:mtch:1uz-2c5,2,2
FIXTURE:ufo:mtch:1uz-2c9,2,2
FIXTURE:ufo:mtch:1uz-2cb,2,2
FIXTURE:ufo:mtch:1uz-2cd,2,2
FIXTURE:ufo:mtch:1uz-2ce,2,2
FIXTURE:ufo:mtch:1uz-2ci,2,2
FIXTURE:ufo:mtch:1uz-2cl,2,2
FIXTURE:ufo:mtch:1uz-2cz,2,2
FIXTURE:ufo:mtch:1uz-2d1,2,2
FIXTURE:ufo:mtch:1uz-2d5,2,2
FIXTURE:ufo:mtch:1uz-2dc,2,2
FIXTURE:ufo:mtch:1uz-2df,2,2
FIXTURE:ufo:mtch:1uz-2dh,2,2
FIXTURE:ufo:mtch:1uz-2di,2,2
FIXTURE:ufo:mtch:1uz-2dk,2,2
FIXTURE:ufo:mtch:1uz-2e7,2,2
FIXTURE:ufo:mtch:1uz-2eg,2,2
FIXTURE:ufo:mtch:1uz-2ej,2,2
FIXTURE:ufo:mtch:1uz-2ek,2,2
FIXTURE:ufo:mtch:1uz-2em,2,2
FIXTURE:ufo:mtch:1uz-2en,2,2
FIXTURE:ufo:mtch:1uz-2eo,2,2
FIXTURE:ufo:mtch:1uz-2f1,2,2
FIXTURE:ufo:mtch:1uz-2ff,2,2
FIXTURE:ufo:mtch:1uz-2fm,2,2
FIXTURE:ufo:mtch:1uz-2fu,2,2
FIXTURE:ufo:mtch:1uz-2fw,2,2
FIXTURE:ufo:mtch:1uz-2fx,2,2
FIXTURE:ufo:mtch:1uz-2fz,2,2
FIXTURE:ufo:mtch:1uz-2g0,2,2
FIXTURE:ufo:mtch:1uz-2g8,2,2
FIXTURE:ufo:mtch:1uz-2ga,2,2
FIXTURE:ufo:mtch:1uz-2gc,2,2
FIXTURE:ufo:mtch:1uz-2gf,2,2
FIXTURE:ufo:mtch:1uz-2gi,2,2
FIXTURE:ufo:mtch:1uz-2gj,2,2
FIXTURE:ufo:mtch:1uz-2go,2,2
FIXTURE:ufo:mtch:1uz-2gv,2,2
FIXTURE:ufo:mtch:1uz-2h5,2,2
FIXTURE:ufo:mtch:1uz-2ho,2,2
FIXTURE:ufo:mtch:1uz-2hs,2,2
FIXTURE:ufo:mtch:1uz-2hu,2,2
FIXTURE:ufo:mtch:1uz-2hv,2,2
FIXTURE:ufo:mtch:1uz-2i5,2,2
FIXTURE:ufo:mtch:1uz-2if,2,2
FIXTURE:ufo:mtch:1uz-2ij,2,2
FIXTURE:ufo:mtch:1uz-2io,2,2
FIXTURE:ufo:mtch:1uz-2ix,2,2
FIXTURE:ufo:mtch:1uz-2j1,2,2
FIXTURE:ufo:mtch:1uz-2nl,2,2
FIXTURE:ufo:mtch:1uz-2nn,2,2
FIXTURE:ufo:mtch:1uz-2pa,2,2
FIXTURE:ufo:mtch:1uz-2qt,2,2
FIXTURE:ufo:mtch:1uz-2r9,2,2
FIXTURE:ufo:mtch:1uz-2w1,2,2
FIXTURE:ufo:mtch:1uz-2wf,2,2
FIXTURE:ufo:mtch:1uz-2x6,2,2
FIXTURE:ufo:mtch:1uz-2xg,2,2
FIXTURE:ufo:mtch:1uz-2xt,2,2
FIXTURE:ufo:mtch:1uz-2y4,2,2
FIXTURE:ufo:mtch:1uz-2ya,2,2
FIXTURE:ufo:mtch:1uz-2zi,2,2
FIXTURE:ufo:mtch:1uz-2zs,2,2
FIXTURE:ufo:mtch:1uz-305,2,2
FIXTURE:ufo:mtch:1uz-30a,2,2
FIXTURE:ufo:mtch:1uz-311,2,2
FIXTURE:ufo:mtch:1uz-312,2,2
FIXTURE:ufo:mtch:1uz-31d,2,2
FIXTURE:ufo:mtch:1uz-31g,2,2
FIXTURE:ufo:mtch:1uz-31n,2,2
FIXTURE:ufo:mtch:1uz-321,2,2
FIXTURE:ufo:mtch:1uz-323,2,2
FIXTURE:ufo:mtch:1uz-328,2,2
FIXTURE:ufo:mtch:1uz-32i,2,2
FIXTURE:ufo:mtch:1uz-32x,2,2
FIXTURE:ufo:mtch:1uz-338,2,2
FIXTURE:ufo:mtch:1uz-33a,2,2
FIXTURE:ufo:mtch:1uz-33g,2,2
FIXTURE:ufo:mtch:1uz-33h,2,2
FIXTURE:ufo:mtch:1uz-33u,2,2
FIXTURE:ufo:mtch:1uz-33x,2,2
FIXTURE:ufo:mtch:1uz-341,2,2
FIXTURE:ufo:mtch:1uz-346,2,2
FIXTURE:ufo:mtch:1uz-34s,2,2
FIXTURE:ufo:mtch:1uz-34t,2,2
FIXTURE:ufo:mtch:1uz-34u,2,2
FIXTURE:ufo:mtch:1uz-34v,2,2
FIXTURE:ufo:mtch:1uz-364,2,2
FIXTURE:ufo:mtch:1uz-39g,2,2
FIXTURE:ufo:mtch:1uz-39j,2,2
FIXTURE:ufo:mtch:1uz-39o,2,2
FIXTURE:ufo:mtch:1uz-3az,2,2
FIXTURE:ufo:mtch:1uz-3c0,2,2
FIXTURE:ufo:mtch:1uz-3c6,2,2
FIXTURE:ufo:mtch:1uz-3db,2,2
FIXTURE:ufo:mtch:1uz-3dh,2,2
FIXTURE:ufo:mtch:1uz-3dv,2,2
FIXTURE:ufo:mtch:1uz-3fk,2,2
FIXTURE:ufo:mtch:1uz-3fx,2,2
FIXTURE:ufo:mtch:1uz-3gh,2,2
FIXTURE:ufo:mtch:1uz-3go,2,2
FIXTURE:ufo:mtch:1uz-3gp,2,2
FIXTURE:ufo:mtch:1uz-3gv,2,2
FIXTURE:ufo:mtch:1uz-3gw,2,2
FIXTURE:ufo:mtch:1uz-3h2,2,2
FIXTURE:ufo:mtch:1uz-3h7,2,2
FIXTURE:ufo:mtch:1uz-3hh,2,2
FIXTURE:ufo:mtch:1uz-3hi,2,2
FIXTURE:ufo:mtch:1uz-3hr,2,2
FIXTURE:ufo:mtch:1uz-3mr,2,2
FIXTURE:ufo:mtch:1uz-3o9,2,2
FIXTURE:ufo:mtch:1v0-01j,2,2
FIXTURE:ufo:mtch:1v0-023,2,2
FIXTURE:ufo:mtch:1v0-02f,2,2
FIXTURE:ufo:mtch:1v0-02w,2,2
FIXTURE:ufo:mtch:1v0-033,2,2
FIXTURE:ufo:mtch:1v0-03e,2,2
FIXTURE:ufo:mtch:1v0-03f,2,2
FIXTURE:ufo:mtch:1v0-03m,2,2
FIXTURE:ufo:mtch:1v0-03n,2,2
FIXTURE:ufo:mtch:1v0-03o,2,2
FIXTURE:ufo:mtch:1v0-03v,2,2
FIXTURE:ufo:mtch:1v0-042,2,2
FIXTURE:ufo:mtch:1v0-04e,2,2
FIXTURE:ufo:mtch:1v0-058,2,2
FIXTURE:ufo:mtch:1v0-05b,2,2
FIXTURE:ufo:mtch:1v0-062,2,2
FIXTURE:ufo:mtch:1v0-06f,2,2
FIXTURE:ufo:mtch:1v0-06n,2,2
FIXTURE:ufo:mtch:1v0-07b,2,2
FIXTURE:ufo:mtch:1v0-07s,2,2
FIXTURE:ufo:mtch:1v0-07y,2,2
FIXTURE:ufo:mtch:1v0-086,2,2
FIXTURE:ufo:mtch:1v0-08f,2,2
FIXTURE:ufo:mtch:1v0-0a8,2,2
FIXTURE:ufo:mtch:1v0-0ab,2,2
FIXTURE:ufo:mtch:1v0-0am,2,2
FIXTURE:ufo:mtch:1v0-0ao,2,2
FIXTURE:ufo:mtch:1v0-0bn,2,2
FIXTURE:ufo:mtch:1v0-0br,2,2
FIXTURE:ufo:mtch:1v0-0cu,2,2
FIXTURE:ufo:mtch:1v0-0d6,2,2
FIXTURE:ufo:mtch:1v0-0e1,2,2
FIXTURE:ufo:mtch:1v0-0ep,2,2
FIXTURE:ufo:mtch:1v0-0g0,2,2
FIXTURE:ufo:mtch:1v0-0g3,2,2
FIXTURE:ufo:mtch:1v0-0g8,2,2
FIXTURE:ufo:mtch:1v0-0gl,2,2
FIXTURE:ufo:mtch:1v0-0gz,2,2
FIXTURE:ufo:mtch:1v0-0h4,2,2
FIXTURE:ufo:mtch:1v0-0jg,2,2
FIXTURE:ufo:mtch:1v0-0ji,2,2
FIXTURE:ufo:mtch:1v0-0jq,2,2
FIXTURE:ufo:mtch:1v0-0k0,2,2
FIXTURE:ufo:mtch:1v0-0ke,2,2
FIXTURE:ufo:mtch:1v0-0kj,2,2
FIXTURE:ufo:mtch:1v0-0kn,2,2
FIXTURE:ufo:mtch:1v0-0l8,2,2
FIXTURE:ufo:mtch:1v0-0ng,2,2
FIXTURE:ufo:mtch:1v0-0oc,2,2
FIXTURE:ufo:mtch:1v0-0oq,2,2
FIXTURE:ufo:mtch:1v0-0q0,2,2
FIXTURE:ufo:mtch:1v0-0q2,2,2
FIXTURE:ufo:mtch:1v0-0qa,2,2
FIXTURE:ufo:mtch:1v0-0vv,2,2
FIXTURE:ufo:mtch:1v0-0wr,2,2
FIXTURE:ufo:mtch:1v0-0y1,2,2
FIXTURE:ufo:mtch:1v0-15o,2,2
FIXTURE:ufo:mtch:1v0-160,2,2
FIXTURE:ufo:mtch:1v0-167,2,2
FIXTURE:ufo:mtch:1v0-16h,2,2
FIXTURE:ufo:mtch:1v0-16i,2,2
FIXTURE:ufo:mtch:1v0-16l,2,2
FIXTURE:ufo:mtch:1v0-16r,2,2
FIXTURE:ufo:mtch:1v0-177,2,2
FIXTURE:ufo:mtch:1v0-17p,2,2
FIXTURE:ufo:mtch:1v0-17r,2,2
FIXTURE:ufo:mtch:1v0-17t,2,2
FIXTURE:ufo:mtch:1v0-17v,2,2
FIXTURE:ufo:mtch:1v0-17w,2,2
FIXTURE:ufo:mtch:1v0-180,2,2
FIXTURE:ufo:mtch:1v0-182,2,2
FIXTURE:ufo:mtch:1v0-183,2,2
FIXTURE:ufo:mtch:1v0-18a,2,2
FIXTURE:ufo:mtch:1v0-18c,2,2
FIXTURE:ufo:mtch:1v0-18d,2,2
FIXTURE:ufo:mtch:1v0-18j,2,2
FIXTURE:ufo:mtch:1v0-18l,2,2
FIXTURE:ufo:mtch:1v0-192,2,2
FIXTURE:ufo:mtch:1v0-19z,2,2
FIXTURE:ufo:mtch:1v0-1a2,2,2
FIXTURE:ufo:mtch:1v0-1b2,2,2
FIXTURE:ufo:mtch:1v0-1b5,2,2
FIXTURE:ufo:mtch:1v0-1b7,2,2
FIXTURE:ufo:mtch:1v0-1b9,2,2
FIXTURE:ufo:mtch:1v0-1ba,2,2
FIXTURE:ufo:mtch:1v0-1bh,2,2
FIXTURE:ufo:mtch:1v0-1bk,2,2
FIXTURE:ufo:mtch:1v0-1bm,2,2
FIXTURE:ufo:mtch:1v0-1bp,2,2
FIXTURE:ufo:mtch:1v0-1br,2,2
FIXTURE:ufo:mtch:1v0-1bs,2,2
FIXTURE:ufo:mtch:1v0-1by,2,2
FIXTURE:ufo:mtch:1v0-1c7,2,2
FIXTURE:ufo:mtch:1v0-1cd,2,2
FIXTURE:ufo:mtch:1v0-1ck,2,2
FIXTURE:ufo:mtch:1v0-1cp,2,2
FIXTURE:ufo:mtch:1v0-1ea,2,2
FIXTURE:ufo:mtch:1v0-1hg,2,2
FIXTURE:ufo:mtch:1v0-1hw,2,2
FIXTURE:ufo:mtch:1v0-1i5,2,2
FIXTURE:ufo:mtch:1v0-1i7,2,2
FIXTURE:ufo:mtch:1v0-1in,2,2
FIXTURE:ufo:mtch:1v0-1it,2,2
FIXTURE:ufo:mtch:1v0-1iu,2,2
FIXTURE:ufo:mtch:1v0-1iv,2,2
FIXTURE:ufo:mtch:1v0-1ix,2,2
FIXTURE:ufo:mtch:1v0-1iy,2,2
FIXTURE:ufo:mtch:1v0-1iz,2,2
FIXTURE:ufo:mtch:1v0-1j6,2,2
FIXTURE:ufo:mtch:1v0-1jn,2,2
FIXTURE:ufo:mtch:1v0-1jt,2,2
FIXTURE:ufo:mtch:1v0-1k0,2,2
FIXTURE:ufo:mtch:1v0-1k5,2,2
FIXTURE:ufo:mtch:1v0-1k7,2,2
FIXTURE:ufo:mtch:1v0-1kb,2,2
FIXTURE:ufo:mtch:1v0-1kc,2,2
FIXTURE:ufo:mtch:1v0-1ki,2,2
FIXTURE:ufo:mtch:1v0-1kk,2,2
FIXTURE:ufo:mtch:1v0-1kr,2,2
FIXTURE:ufo:mtch:1v0-1ky,2,2
FIXTURE:ufo:mtch:1v0-1l2,2,2
FIXTURE:ufo:mtch:1v0-1l3,2,2
FIXTURE:ufo:mtch:1v0-1l4,2,2
FIXTURE:ufo:mtch:1v0-1lh,2,2
FIXTURE:ufo:mtch:1v0-1li,2,2
FIXTURE:ufo:mtch:1v0-1ll,2,2
FIXTURE:ufo:mtch:1v0-1ln,2,2
FIXTURE:ufo:mtch:1v0-1lo,2,2
FIXTURE:ufo:mtch:1v0-1lp,2,2
FIXTURE:ufo:mtch:1v0-1lr,2,2
FIXTURE:ufo:mtch:1v0-1ls,2,2
FIXTURE:ufo:mtch:1v0-1lt,2,2
FIXTURE:ufo:mtch:1v0-1lu,2,2
FIXTURE:ufo:mtch:1v0-1lw,2,2
FIXTURE:ufo:mtch:1v0-1lx,2,2
FIXTURE:ufo:mtch:1v0-1m6,2,2
FIXTURE:ufo:mtch:1v0-1ma,2,2
FIXTURE:ufo:mtch:1v0-1mb,2,2
FIXTURE:ufo:mtch:1v0-1ms,2,2
FIXTURE:ufo:mtch:1v0-1mw,2,2
FIXTURE:ufo:mtch:1v0-1mz,2,2
FIXTURE:ufo:mtch:1v0-1n4,2,2
FIXTURE:ufo:mtch:1v0-1n5,2,2
FIXTURE:ufo:mtch:1v0-1n6,2,2
FIXTURE:ufo:mtch:1v0-1nb,2,2
FIXTURE:ufo:mtch:1v0-1nf,2,2
FIXTURE:ufo:mtch:1v0-1nj,2,2
FIXTURE:ufo:mtch:1v0-1nm,2,2
FIXTURE:ufo:mtch:1v0-1nx,2,2
FIXTURE:ufo:mtch:1v0-1nz,2,2
FIXTURE:ufo:mtch:1v0-1o1,2,2
FIXTURE:ufo:mtch:1v0-1o5,2,2
FIXTURE:ufo:mtch:1v0-1o6,2,2
FIXTURE:ufo:mtch:1v0-1oz,2,2
FIXTURE:ufo:mtch:1v0-1p1,2,2
FIXTURE:ufo:mtch:1v0-1pk,2,2
FIXTURE:ufo:mtch:1v0-1pl,2,2
FIXTURE:ufo:mtch:1v0-1pq,2,2
FIXTURE:ufo:mtch:1v0-1q2,2,2
FIXTURE:ufo:mtch:1v0-1vo,2,2
FIXTURE:ufo:mtch:1v0-1xb,2,2
FIXTURE:ufo:mtch:1v0-1xd,2,2
FIXTURE:ufo:mtch:1v0-1xg,2,2
FIXTURE:ufo:mtch:1v0-1ye,2,2
FIXTURE:ufo:mtch:1v0-1yj,2,2
FIXTURE:ufo:mtch:1v0-1za,2,2
FIXTURE:ufo:mtch:1v0-1zw,2,2
FIXTURE:ufo:mtch:1v0-20f,2,2
FIXTURE:ufo:mtch:1v0-20i,2,2
FIXTURE:ufo:mtch:1v0-20k,2,2
FIXTURE:ufo:mtch:1v0-21a,2,2
FIXTURE:ufo:mtch:1v0-21c,2,2
FIXTURE:ufo:mtch:1v0-21g,2,2
FIXTURE:ufo:mtch:1v0-22c,2,2
FIXTURE:ufo:mtch:1v0-23c,2,2
FIXTURE:ufo:mtch:1v0-23l,2,2
FIXTURE:ufo:mtch:1v0-24x,2,2
FIXTURE:ufo:mtch:1v0-26r,2,2
FIXTURE:ufo:mtch:1v0-2ai,2,2
FIXTURE:ufo:mtch:1v0-2ez,2,2
FIXTURE:ufo:mtch:1v0-2f2,2,2
FIXTURE:ufo:mtch:1v0-2g1,2,2
FIXTURE:ufo:mtch:1v0-2i2,2,2
FIXTURE:ufo:mtch:1v0-2ig,2,2
FIXTURE:ufo:mtch:1v0-2jf,2,2
FIXTURE:ufo:mtch:1v0-2jx,2,2
FIXTURE:ufo:mtch:1v0-2p2,2,2
FIXTURE:ufo:mtch:1v0-2pe,2,2
FIXTURE:ufo:mtch:1v0-2qv,2,2
FIXTURE:ufo:mtch:1v0-2rh,2,2
FIXTURE:ufo:mtch:1v0-2sa,2,2
FIXTURE:ufo:mtch:1v0-2v4,2,2
FIXTURE:ufo:mtch:1v0-2wh,2,2
FIXTURE:ufo:mtch:1v0-2wk,2,2
FIXTURE:ufo:mtch:1v0-2wl,2,2
FIXTURE:ufo:mtch:1v0-2yj,2,2
FIXTURE:ufo:mtch:1v0-30a,2,2
FIXTURE:ufo:mtch:1v0-34k,2,2
FIXTURE:ufo:mtch:1v1-008,2,2
FIXTURE:ufo:mtch:1v1-00f,2,2
FIXTURE:ufo:mtch:1v1-00o,2,2
FIXTURE:ufo:mtch:1v1-01o,2,2
FIXTURE:ufo:mtch:1v1-01r,2,2
FIXTURE:ufo:mtch:1v1-01y,2,2
FIXTURE:ufo:mtch:1v1-02k,2,2
FIXTURE:ufo:mtch:1v1-02w,2,2
FIXTURE:ufo:mtch:1v1-032,2,2
FIXTURE:ufo:mtch:1v1-03z,2,2
FIXTURE:ufo:mtch:1v1-040,2,2
FIXTURE:ufo:mtch:1v1-041,2,2
FIXTURE:ufo:mtch:1v1-043,2,2
FIXTURE:ufo:mtch:1v1-04v,2,2
FIXTURE:ufo:mtch:1v1-055,2,2
FIXTURE:ufo:mtch:1v1-06a,2,2
FIXTURE:ufo:mtch:1v1-0cn,2,2
FIXTURE:ufo:mtch:1v1-0fw,2,2
FIXTURE:ufo:mtch:1v1-0ia,2,2
FIXTURE:ufo:mtch:1v1-0ik,2,2
FIXTURE:ufo:mtch:1v1-0pm,2,2
FIXTURE:ufo:mtch:1v1-0ux,2,2
FIXTURE:ufo:mtch:1v1-0v8,2,2
FIXTURE:ufo:mtch:1v1-0wg,2,2
FIXTURE:ufo:mtch:1v1-0wt,2,2
FIXTURE:ufo:mtch:1v1-0x5,2,2
FIXTURE:ufo:mtch:1v1-0xx,2,2
FIXTURE:ufo:mtch:1v1-0xy,2,2
FIXTURE:ufo:mtch:1v1-0yo,2,2
FIXTURE:ufo:mtch:1v1-0yr,2,2
FIXTURE:ufo:mtch:1v1-0z0,2,2
FIXTURE:ufo:mtch:1v1-0z1,2,2
FIXTURE:ufo:mtch:1v1-0z2,2,2
FIXTURE:ufo:mtch:1v1-0zc,2,2
FIXTURE:ufo:mtch:1v1-0zg,2,2
FIXTURE:ufo:mtch:1v1-0zj,2,2
FIXTURE:ufo:mtch:1v1-0zl,2,2
FIXTURE:ufo:mtch:1v1-0zn,2,2
FIXTURE:ufo:mtch:1v1-101,2,2
FIXTURE:ufo:mtch:1v1-102,2,2
FIXTURE:ufo:mtch:1v1-108,2,2
FIXTURE:ufo:mtch:1v1-10b,2,2
FIXTURE:ufo:mtch:1v1-10l,2,2
FIXTURE:ufo:mtch:1v1-10p,2,2
FIXTURE:ufo:mtch:1v1-10s,2,2
FIXTURE:ufo:mtch:1v1-116,2,2
FIXTURE:ufo:mtch:1v1-118,2,2
FIXTURE:ufo:mtch:1v1-11b,2,2
FIXTURE:ufo:mtch:1v1-11h,2,2
FIXTURE:ufo:mtch:1v1-12d,2,2
FIXTURE:ufo:mtch:1v1-12n,2,2
FIXTURE:ufo:mtch:1v1-12o,2,2
FIXTURE:ufo:mtch:1v1-12r,2,2
FIXTURE:ufo:mtch:1v1-12u,2,2
FIXTURE:ufo:mtch:1v1-130,2,2
FIXTURE:ufo:mtch:1v1-133,2,2
FIXTURE:ufo:mtch:1v1-13a,2,2
FIXTURE:ufo:mtch:1v1-13b,2,2
FIXTURE:ufo:mtch:1v1-13c,2,2
FIXTURE:ufo:mtch:1v1-13j,2,2
FIXTURE:ufo:mtch:1v1-13k,2,2
FIXTURE:ufo:mtch:1v1-13q,2,2
FIXTURE:ufo:mtch:1v1-14m,2,2
FIXTURE:ufo:mtch:1v1-14o,2,2
FIXTURE:ufo:mtch:1v1-14s,2,2
FIXTURE:ufo:mtch:1v1-14v,2,2
FIXTURE:ufo:mtch:1v1-150,2,2
FIXTURE:ufo:mtch:1v1-152,2,2
FIXTURE:ufo:mtch:1v1-153,2,2
FIXTURE:ufo:mtch:1v1-15t,2,2
FIXTURE:ufo:mtch:1v1-16d,2,2
FIXTURE:ufo:mtch:1v1-18k,2,2
FIXTURE:ufo:mtch:1v1-18n,2,2
FIXTURE:ufo:mtch:1v1-18q,2,2
FIXTURE:ufo:mtch:1v1-191,2,2
FIXTURE:ufo:mtch:1v1-1ao,2,2
FIXTURE:ufo:mtch:1v1-1au,2,2
FIXTURE:ufo:mtch:1v1-1ax,2,2
FIXTURE:ufo:mtch:1v1-1ay,2,2
FIXTURE:ufo:mtch:1v1-1az,2,2
FIXTURE:ufo:mtch:1v1-1b0,2,2
FIXTURE:ufo:mtch:1v1-1bd,2,2
FIXTURE:ufo:mtch:1v1-1bo,2,2
FIXTURE:ufo:mtch:1v1-1c0,2,2
FIXTURE:ufo:mtch:1v1-1c6,2,2
FIXTURE:ufo:mtch:1v1-1c7,2,2
FIXTURE:ufo:mtch:1v1-1ce,2,2
FIXTURE:ufo:mtch:1v1-1cu,2,2
FIXTURE:ufo:mtch:1v1-1cz,2,2
FIXTURE:ufo:mtch:1v1-1d0,2,2
FIXTURE:ufo:mtch:1v1-1d2,2,2
FIXTURE:ufo:mtch:1v1-1dc,2,2
FIXTURE:ufo:mtch:1v1-1dd,2,2
FIXTURE:ufo:mtch:1v1-1de,2,2
FIXTURE:ufo:mtch:1v1-1do,2,2
FIXTURE:ufo:mtch:1v1-1dt,2,2
FIXTURE:ufo:mtch:1v1-1e4,2,2
FIXTURE:ufo:mtch:1v1-1e6,2,2
FIXTURE:ufo:mtch:1v1-1ea,2,2
FIXTURE:ufo:mtch:1v1-1eb,2,2
FIXTURE:ufo:mtch:1v1-1f8,2,2
FIXTURE:ufo:mtch:1v1-1fc,2,2
FIXTURE:ufo:mtch:1v1-1fg,2,2
FIXTURE:ufo:mtch:1v1-1fo,2,2
FIXTURE:ufo:mtch:1v1-1fx,2,2
FIXTURE:ufo:mtch:1v1-1gj,2,2
FIXTURE:ufo:mtch:1v1-1gl,2,2
FIXTURE:ufo:mtch:1v1-1gw,2,2
FIXTURE:ufo:mtch:1v1-1h0,2,2
FIXTURE:ufo:mtch:1v1-1ha,2,2
FIXTURE:ufo:mtch:1v1-1hk,2,2
FIXTURE:ufo:mtch:1v1-1hp,2,2
FIXTURE:ufo:mtch:1v1-1hv,2,2
FIXTURE:ufo:mtch:1v1-1hw,2,2
FIXTURE:ufo:mtch:1v1-1i0,2,2
FIXTURE:ufo:mtch:1v1-1i4,2,2
FIXTURE:ufo:mtch:1v1-1im,2,2
FIXTURE:ufo:mtch:1v1-1in,2,2
FIXTURE:ufo:mtch:1v1-1ip,2,2
FIXTURE:ufo:mtch:1v1-1iy,2,2
FIXTURE:ufo:mtch:1v1-1j9,2,2
FIXTURE:ufo:mtch:1v1-1jb,2,2
FIXTURE:ufo:mtch:1v1-1jx,2,2
FIXTURE:ufo:mtch:1v1-1jy,2,2
FIXTURE:ufo:mtch:1v1-1k5,2,2
FIXTURE:ufo:mtch:1v1-1kq,2,2
FIXTURE:ufo:mtch:1v1-1l8,2,2
FIXTURE:ufo:mtch:1v1-1li,2,2
FIXTURE:ufo:mtch:1v1-1mg,2,2
FIXTURE:ufo:mtch:1v1-1ms,2,2
FIXTURE:ufo:mtch:1v1-1pi,2,2
FIXTURE:ufo:mtch:1v1-1vf,2,2
FIXTURE:ufo:mtch:1v1-1wc,2,2
FIXTURE:ufo:mtch:1v1-1ws,2,2
FIXTURE:ufo:mtch:1v1-1wu,2,2
FIXTURE:ufo:mtch:1v1-1wv,2,2
FIXTURE:ufo:mtch:1v1-1wy,2,2
FIXTURE:ufo:mtch:1v1-1x3,2,2
FIXTURE:ufo:mtch:1v1-1x9,2,2
FIXTURE:ufo:mtch:1v1-1xd,2,2
FIXTURE:ufo:mtch:1v1-1xe,2,2
FIXTURE:ufo:mtch:1v1-1xo,2,2
FIXTURE:ufo:mtch:1v1-1xs,2,2
FIXTURE:ufo:mtch:1v1-1yx,2,2
FIXTURE:ufo:mtch:1v1-1yy,2,2
FIXTURE:ufo:mtch:1v1-1z0,2,2
FIXTURE:ufo:mtch:1v1-1z1,2,2
FIXTURE:ufo:mtch:1v1-1z9,2,2
FIXTURE:ufo:mtch:1v1-21a,2,2
FIXTURE:ufo:mtch:1v1-21f,2,2
FIXTURE:ufo:mtch:1v1-21g,2,2
FIXTURE:ufo:mtch:1v1-21h,2,2
FIXTURE:ufo:mtch:1v1-21i,2,2
FIXTURE:ufo:mtch:1v1-21k,2,2
FIXTURE:ufo:mtch:1v1-21n,2,2
FIXTURE:ufo:mtch:1v1-21p,2,2
FIXTURE:ufo:mtch:1v1-21r,2,2
FIXTURE:ufo:mtch:1v1-21s,2,2
FIXTURE:ufo:mtch:1v1-21u,2,2
FIXTURE:ufo:mtch:1v1-21v,2,2
FIXTURE:ufo:mtch:1v1-21y,2,2
FIXTURE:ufo:mtch:1v1-21z,2,2
FIXTURE:ufo:mtch:1v1-221,2,2
FIXTURE:ufo:mtch:1v1-223,2,2
FIXTURE:ufo:mtch:1v1-224,2,2
FIXTURE:ufo:mtch:1v1-225,2,2
FIXTURE:ufo:mtch:1v1-227,2,2
FIXTURE:ufo:mtch:1v1-228,2,2
FIXTURE:ufo:mtch:1v1-229,2,2
FIXTURE:ufo:mtch:1v1-22d,2,2
FIXTURE:ufo:mtch:1v1-22e,2,2
FIXTURE:ufo:mtch:1v1-22g,2,2
FIXTURE:ufo:mtch:1v1-22z,2,2
FIXTURE:ufo:mtch:1v1-233,2,2
FIXTURE:ufo:mtch:1v1-23k,2,2
FIXTURE:ufo:mtch:1v1-247,2,2
FIXTURE:ufo:mtch:1v1-24i,2,2
FIXTURE:ufo:mtch:1v1-258,2,2
FIXTURE:ufo:mtch:1v1-25b,2,2
FIXTURE:ufo:mtch:1v1-25q,2,2
FIXTURE:ufo:mtch:1v1-25z,2,2
FIXTURE:ufo:mtch:1v1-263,2,2
FIXTURE:ufo:mtch:1v1-265,2,2
FIXTURE:ufo:mtch:1v1-269,2,2
FIXTURE:ufo:mtch:1v1-26a,2,2
FIXTURE:ufo:mtch:1v1-27g,2,2
FIXTURE:ufo:mtch:1v1-27h,2,2
FIXTURE:ufo:mtch:1v1-27j,2,2
FIXTURE:ufo:mtch:1v1-27x,2,2
FIXTURE:ufo:mtch:1v1-28m,2,2
FIXTURE:ufo:mtch:1v1-2ap,2,2
FIXTURE:ufo:mtch:1v1-2at,2,2
FIXTURE:ufo:mtch:1v1-2b2,2,2
FIXTURE:ufo:mtch:1v1-2b6,2,2
FIXTURE:ufo:mtch:1v1-2ba,2,2
FIXTURE:ufo:mtch:1v1-2bc,2,2
FIXTURE:ufo:mtch:1v1-2bn,2,2
FIXTURE:ufo:mtch:1v1-2bq,2,2
FIXTURE:ufo:mtch:1v1-2c2,2,2
FIXTURE:ufo:mtch:1v1-2c6,2,2
FIXTURE:ufo:mtch:1v1-2ca,2,2
FIXTURE:ufo:mtch:1v1-2ds,2,2
FIXTURE:ufo:mtch:1v1-2du,2,2
FIXTURE:ufo:mtch:1v1-2dx,2,2
FIXTURE:ufo:mtch:1v1-2eb,2,2
FIXTURE:ufo:mtch:1v1-2ec,2,2
FIXTURE:ufo:mtch:1v1-2ex,2,2
FIXTURE:ufo:mtch:1v1-2g0,2,2
FIXTURE:ufo:mtch:1v1-2gs,2,2
FIXTURE:ufo:mtch:1v1-2gy,2,2
FIXTURE:ufo:mtch:1v2-00k,2,2
FIXTURE:ufo:mtch:1v2-00m,2,2
FIXTURE:ufo:mtch:1v2-00o,2,2
FIXTURE:ufo:mtch:1v2-00p,2,2
FIXTURE:ufo:mtch:1v2-016,2,2
FIXTURE:ufo:mtch:1v2-01w,2,2
FIXTURE:ufo:mtch:1v2-01x,2,2
FIXTURE:ufo:mtch:1v2-025,2,2
FIXTURE:ufo:mtch:1v2-02b,2,2
FIXTURE:ufo:mtch:1v2-030,2,2
FIXTURE:ufo:mtch:1v2-034,2,2
FIXTURE:ufo:mtch:1v2-03d,2,2
FIXTURE:ufo:mtch:1v2-03u,2,2
FIXTURE:ufo:mtch:1v2-054,2,2
FIXTURE:ufo:mtch:1v2-056,2,2
FIXTURE:ufo:mtch:1v2-058,2,2
FIXTURE:ufo:mtch:1v2-063,2,2
FIXTURE:ufo:mtch:1v2-06t,2,2
FIXTURE:ufo:mtch:1v2-079,2,2
FIXTURE:ufo:mtch:1v2-07f,2,2
FIXTURE:ufo:mtch:1v2-07q,2,2
FIXTURE:ufo:mtch:1v2-07x,2,2
FIXTURE:ufo:mtch:1v2-086,2,2
FIXTURE:ufo:mtch:1v2-0bj,2,2
FIXTURE:ufo:mtch:1v2-0c9,2,2
FIXTURE:ufo:mtch:1v2-0cc,2,2
FIXTURE:ufo:mtch:1v2-0ch,2,2
FIXTURE:ufo:mtch:1v2-0cj,2,2
FIXTURE:ufo:mtch:1v2-0ck,2,2
FIXTURE:ufo:mtch:1v2-0eb,2,2
FIXTURE:ufo:mtch:1v2-0f4,2,2
FIXTURE:ufo:mtch:1v2-0fb,2,2
FIXTURE:ufo:mtch:1v2-0fd,2,2
FIXTURE:ufo:mtch:1v2-0fh,2,2
FIXTURE:ufo:mtch:1v2-0gu,2,2
FIXTURE:ufo:mtch:1v2-0gx,2,2
FIXTURE:ufo:mtch:1v2-0gy,2,2
FIXTURE:ufo:mtch:1v2-0hq,2,2
FIXTURE:ufo:mtch:1v2-0hr,2,2
FIXTURE:ufo:mtch:1v2-0hw,2,2
FIXTURE:ufo:mtch:1v2-0hy,2,2
FIXTURE:ufo:mtch:1v2-0i2,2,2
FIXTURE:ufo:mtch:1v2-0i4,2,2
FIXTURE:ufo:mtch:1v2-0ie,2,2
FIXTURE:ufo:mtch:1v2-0ix,2,2
FIXTURE:ufo:mtch:1v2-0j4,2,2
FIXTURE:ufo:mtch:1v2-0jk,2,2
FIXTURE:ufo:mtch:1v2-0js,2,2
FIXTURE:ufo:mtch:1v2-0jt,2,2
FIXTURE:ufo:mtch:1v2-0k4,2,2
FIXTURE:ufo:mtch:1v2-0kn,2,2
FIXTURE:ufo:mtch:1v2-0kp,2,2
FIXTURE:ufo:mtch:1v2-0li,2,2
FIXTURE:ufo:mtch:1v2-0lm,2,2
FIXTURE:ufo:mtch:1v2-0m5,2,2
FIXTURE:ufo:mtch:1v2-0mj,2,2
FIXTURE:ufo:mtch:1v2-0mn,2,2
FIXTURE:ufo:mtch:1v2-0ms,2,2
FIXTURE:ufo:mtch:1v2-0mu,2,2
FIXTURE:ufo:mtch:1v2-0mv,2,2
FIXTURE:ufo:mtch:1v2-0r6,2,2
FIXTURE:ufo:mtch:1v2-0t1,2,2
FIXTURE:ufo:mtch:1v2-0td,2,2
FIXTURE:ufo:mtch:1v2-0ty,2,2
FIXTURE:ufo:mtch:1v2-0wq,2,2
FIXTURE:ufo:mtch:1v2-0y4,2,2
FIXTURE:ufo:mtch:1v2-0y6,2,2
FIXTURE:ufo:mtch:1v2-0y9,2,2
FIXTURE:ufo:mtch:1v2-0yc,2,2
FIXTURE:ufo:mtch:1v2-0yg,2,2
FIXTURE:ufo:mtch:1v2-0yj,2,2
FIXTURE:ufo:mtch:1v2-0ym,2,2
FIXTURE:ufo:mtch:1v2-0yn,2,2
FIXTURE:ufo:mtch:1v2-0yq,2,2
FIXTURE:ufo:mtch:1v2-0yu,2,2
FIXTURE:ufo:mtch:1v2-0yv,2,2
FIXTURE:ufo:mtch:1v2-0yw,2,2
FIXTURE:ufo:mtch:1v2-0yz,2,2
FIXTURE:ufo:mtch:1v2-0z2,2,2
FIXTURE:ufo:mtch:1v2-0zd,2,2
FIXTURE:ufo:mtch:1v2-0zk,2,2
FIXTURE:ufo:mtch:1v2-0zn,2,2
FIXTURE:ufo:mtch:1v2-10k,2,2
FIXTURE:ufo:mtch:1v2-110,2,2
FIXTURE:ufo:mtch:1v2-11k,2,2
FIXTURE:ufo:mtch:1v2-11o,2,2
FIXTURE:ufo:mtch:1v2-120,2,2
FIXTURE:ufo:mtch:1v2-121,2,2
FIXTURE:ufo:mtch:1v2-12c,2,2
FIXTURE:ufo:mtch:1v2-12w,2,2
FIXTURE:ufo:mtch:1v2-130,2,2
FIXTURE:ufo:mtch:1v2-133,2,2
FIXTURE:ufo:mtch:1v2-13a,2,2
FIXTURE:ufo:mtch:1v2-13h,2,2
FIXTURE:ufo:mtch:1v2-13i,2,2
FIXTURE:ufo:mtch:1v2-13t,2,2
FIXTURE:ufo:mtch:1v2-13u,2,2
FIXTURE:ufo:mtch:1v2-141,2,2
FIXTURE:ufo:mtch:1v2-143,2,2
FIXTURE:ufo:mtch:1v2-146,2,2
FIXTURE:ufo:mtch:1v2-149,2,2
FIXTURE:ufo:mtch:1v2-14e,2,2
FIXTURE:ufo:mtch:1v2-14p,2,2
FIXTURE:ufo:mtch:1v2-14t,2,2
FIXTURE:ufo:mtch:1v2-15m,2,2
FIXTURE:ufo:mtch:1v2-16e,2,2
FIXTURE:ufo:mtch:1v2-174,2,2
FIXTURE:ufo:mtch:1v2-19b,2,2
FIXTURE:ufo:mtch:1v2-19n,2,2
FIXTURE:ufo:mtch:1v2-19u,2,2
FIXTURE:ufo:mtch:1v2-19w,2,2
FIXTURE:ufo:mtch:1v2-1a8,2,2
FIXTURE:ufo:mtch:1v2-1aa,2,2
FIXTURE:ufo:mtch:1v2-1ag,2,2
FIXTURE:ufo:mtch:1v2-1br,2,2
FIXTURE:ufo:mtch:1v2-1bu,2,2
FIXTURE:ufo:mtch:1v2-1c8,2,2
FIXTURE:ufo:mtch:1v2-1ca,2,2
FIXTURE:ufo:mtch:1v2-1dm,2,2
FIXTURE:ufo:mtch:1v2-1dx,2,2
FIXTURE:ufo:mtch:1v2-1dy,2,2
FIXTURE:ufo:mtch:1v2-1e6,2,2
FIXTURE:ufo:mtch:1v2-1e8,2,2
FIXTURE:ufo:mtch:1v2-1ee,2,2
FIXTURE:ufo:mtch:1v2-1eo,2,2
FIXTURE:ufo:mtch:1v2-1fv,2,2
FIXTURE:ufo:mtch:1v2-1o4,2,2
FIXTURE:ufo:mtch:1v2-1oa,2,2
FIXTURE:ufo:mtch:1v2-1oi,2,2
FIXTURE:ufo:mtch:1v2-1om,2,2
FIXTURE:ufo:mtch:1v2-1p3,2,2
FIXTURE:ufo:mtch:1v2-1p5,2,2
FIXTURE:ufo:mtch:1v2-1px,2,2
FIXTURE:ufo:mtch:1v2-1qd,2,2
FIXTURE:ufo:mtch:1v2-1qs,2,2
FIXTURE:ufo:mtch:1v2-1r3,2,2
FIXTURE:ufo:mtch:1v2-1r9,2,2
FIXTURE:ufo:mtch:1v2-1vi,2,2
FIXTURE:ufo:mtch:1v2-1vt,2,2
FIXTURE:ufo:mtch:1v2-1we,2,2
FIXTURE:ufo:mtch:1v2-1z5,2,2
FIXTURE:ufo:mtch:1v2-20q,2,2
FIXTURE:ufo:mtch:1v2-21a,2,2
FIXTURE:ufo:mtch:1v2-24i,2,2
FIXTURE:ufo:mtch:1v2-25d,2,2
FIXTURE:ufo:mtch:1v2-25f,2,2
FIXTURE:ufo:mtch:1v2-25i,2,2
FIXTURE:ufo:mtch:1v2-25x,2,2
FIXTURE:ufo:mtch:1v2-25z,2,2
FIXTURE:ufo:mtch:1v2-263,2,2
FIXTURE:ufo:mtch:1v2-26g,2,2
FIXTURE:ufo:mtch:1v2-26i,2,2
FIXTURE:ufo:mtch:1v2-26l,2,2
FIXTURE:ufo:mtch:1v2-26v,2,2
FIXTURE:ufo:mtch:1v2-276,2,2
FIXTURE:ufo:mtch:1v2-27a,2,2
FIXTURE:ufo:mtch:1v2-27b,2,2
FIXTURE:ufo:mtch:1v2-27d,2,2
FIXTURE:ufo:mtch:1v2-27e,2,2
FIXTURE:ufo:mtch:1v2-27i,2,2
FIXTURE:ufo:mtch:1v2-27k,2,2
FIXTURE:ufo:mtch:1v2-27o,2,2
FIXTURE:ufo:mtch:1v2-27p,2,2
FIXTURE:ufo:mtch:1v2-27r,2,2
FIXTURE:ufo:mtch:1v2-27w,2,2
FIXTURE:ufo:mtch:1v2-27x,2,2
FIXTURE:ufo:mtch:1v2-27z,2,2
FIXTURE:ufo:mtch:1v2-281,2,2
FIXTURE:ufo:mtch:1v2-283,2,2
FIXTURE:ufo:mtch:1v2-285,2,2
FIXTURE:ufo:mtch:1v2-289,2,2
FIXTURE:ufo:mtch:1v2-28i,2,2
FIXTURE:ufo:mtch:1v2-28j,2,2
FIXTURE:ufo:mtch:1v2-28m,2,2
FIXTURE:ufo:mtch:1v2-28p,2,2
FIXTURE:ufo:mtch:1v2-28r,2,2
FIXTURE:ufo:mtch:1v2-28v,2,2
FIXTURE:ufo:mtch:1v2-2at,2,2
FIXTURE:ufo:mtch:1v2-2au,2,2
FIXTURE:ufo:mtch:1v2-2av,2,2
FIXTURE:ufo:mtch:1v2-2b2,2,2
FIXTURE:ufo:mtch:1v2-2b6,2,2
FIXTURE:ufo:mtch:1v2-2b9,2,2
FIXTURE:ufo:mtch:1v2-2be,2,2
FIXTURE:ufo:mtch:1v2-2bj,2,2
FIXTURE:ufo:mtch:1v2-2bk,2,2
FIXTURE:ufo:mtch:1v2-2ck,2,2
FIXTURE:ufo:mtch:1v2-2cn,2,2
FIXTURE:ufo:mtch:1v2-2cq,2,2
FIXTURE:ufo:mtch:1v2-2cu,2,2
FIXTURE:ufo:mtch:1v2-2cy,2,2
FIXTURE:ufo:mtch:1v2-2d3,2,2
FIXTURE:ufo:mtch:1v2-2d7,2,2
FIXTURE:ufo:mtch:1v2-2dk,2,2
FIXTURE:ufo:mtch:1v2-2dr,2,2
FIXTURE:ufo:mtch:1v2-2dw,2,2
FIXTURE:ufo:mtch:1v2-2f4,2,2
FIXTURE:ufo:mtch:1v2-2g8,2,2
FIXTURE:ufo:mtch:1v2-2gd,2,2
FIXTURE:ufo:mtch:1v2-2gi,2,2
FIXTURE:ufo:mtch:1v2-2gj,2,2
FIXTURE:ufo:mtch:1v2-2gl,2,2
FIXTURE:ufo:mtch:1v2-2gn,2,2
FIXTURE:ufo:mtch:1v2-2h9,2,2
FIXTURE:ufo:mtch:1v2-2hl,2,2
FIXTURE:ufo:mtch:1v2-2hz,2,2
FIXTURE:ufo:mtch:1v2-2in,2,2
FIXTURE:ufo:mtch:1v2-2j0,2,2
FIXTURE:ufo:mtch:1v2-2t6,2,2
FIXTURE:ufo:mtch:1v2-2t7,2,2
FIXTURE:ufo:mtch:1v2-2t8,2,2
FIXTURE:ufo:mtch:1v2-2ux,2,2
FIXTURE:ufo:mtch:1v2-2v0,2,2
FIXTURE:ufo:mtch:1v3-00s,2,2
FIXTURE:ufo:mtch:1v3-013,2,2
FIXTURE:ufo:mtch:1v3-01g,2,2
FIXTURE:ufo:mtch:1v3-01i,2,2
FIXTURE:ufo:mtch:1v3-01k,2,2
FIXTURE:ufo:mtch:1v3-021,2,2
FIXTURE:ufo:mtch:1v3-045,2,2
FIXTURE:ufo:mtch:1v3-04i,2,2
FIXTURE:ufo:mtch:1v3-05j,2,2
FIXTURE:ufo:mtch:1v3-05s,2,2
FIXTURE:ufo:mtch:1v3-061,2,2
FIXTURE:ufo:mtch:1v3-069,2,2
FIXTURE:ufo:mtch:1v3-06t,2,2
FIXTURE:ufo:mtch:1v3-075,2,2
FIXTURE:ufo:mtch:1v3-076,2,2
FIXTURE:ufo:mtch:1v3-07j,2,2
FIXTURE:ufo:mtch:1v3-09n,2,2
FIXTURE:ufo:mtch:1v3-0ab,2,2
FIXTURE:ufo:mtch:1v3-0an,2,2
FIXTURE:ufo:mtch:1v3-0at,2,2
FIXTURE:ufo:mtch:1v3-0b4,2,2
FIXTURE:ufo:mtch:1v3-0b6,2,2
FIXTURE:ufo:mtch:1v3-0b8,2,2
FIXTURE:ufo:mtch:1v3-0bd,2,2
FIXTURE:ufo:mtch:1v3-0bk,2,2
FIXTURE:ufo:mtch:1v3-0bt,2,2
FIXTURE:ufo:mtch:1v3-0cf,2,2
FIXTURE:ufo:mtch:1v3-0d3,2,2
FIXTURE:ufo:mtch:1v3-0d4,2,2
FIXTURE:ufo:mtch:1v3-0eu,2,2
FIXTURE:ufo:mtch:1v3-0ew,2,2
FIXTURE:ufo:mtch:1v3-0ex,2,2
FIXTURE:ufo:mtch:1v3-0f2,2,2
FIXTURE:ufo:mtch:1v3-0f8,2,2
FIXTURE:ufo:mtch:1v3-0n4,2,2
FIXTURE:ufo:mtch:1v3-0na,2,2
FIXTURE:ufo:mtch:1v3-0pz,2,2
FIXTURE:ufo:mtch:1v3-0q0,2,2
FIXTURE:ufo:mtch:1v3-0q1,2,2
FIXTURE:ufo:mtch:1v3-0q5,2,2
FIXTURE:ufo:mtch:1v3-0u5,2,2
FIXTURE:ufo:mtch:1v3-11b,2,2
FIXTURE:ufo:mtch:1v3-11z,2,2
FIXTURE:ufo:mtch:1v3-120,2,2
FIXTURE:ufo:mtch:1v3-125,2,2
FIXTURE:ufo:mtch:1v3-1cp,2,2
FIXTURE:ufo:mtch:1v3-1cq,2,2
FIXTURE:ufo:mtch:1v3-1dn,2,2
FIXTURE:ufo:mtch:1v3-1dr,2,2
FIXTURE:ufo:mtch:1v3-1ha,2,2
FIXTURE:ufo:mtch:1v3-1hp,2,2
FIXTURE:ufo:mtch:1v3-1ig,2,2
FIXTURE:ufo:mtch:1v3-1k2,2,2
FIXTURE:ufo:mtch:1v3-1kh,2,2
FIXTURE:ufo:mtch:1v3-1m2,2,2
FIXTURE:ufo:mtch:1v3-1mf,2,2
FIXTURE:ufo:mtch:1v3-1ml,2,2
FIXTURE:ufo:mtch:1v3-1my,2,2
FIXTURE:ufo:mtch:1v3-1n0,2,2
FIXTURE:ufo:mtch:1v3-1n1,2,2
FIXTURE:ufo:mtch:1v3-1n7,2,2
FIXTURE:ufo:mtch:1v3-1na,2,2
FIXTURE:ufo:mtch:1v3-1nn,2,2
FIXTURE:ufo:mtch:1v3-1nt,2,2
FIXTURE:ufo:mtch:1v3-1ny,2,2
FIXTURE:ufo:mtch:1v3-1o9,2,2
FIXTURE:ufo:mtch:1v3-1ob,2,2
FIXTURE:ufo:mtch:1v3-1oe,2,2
FIXTURE:ufo:mtch:1v3-1oh,2,2
FIXTURE:ufo:mtch:1v3-1om,2,2
FIXTURE:ufo:mtch:1v3-1or,2,2
FIXTURE:ufo:mtch:1v3-1ph,2,2
FIXTURE:ufo:mtch:1v3-1pm,2,2
FIXTURE:ufo:mtch:1v3-1sr,2,2
FIXTURE:ufo:mtch:1v3-1sz,2,2
FIXTURE:ufo:mtch:1v3-1t0,2,2
FIXTURE:ufo:mtch:1v3-1t1,2,2
FIXTURE:ufo:mtch:1v3-1u3,2,2
FIXTURE:ufo:mtch:1v3-1ub,2,2
FIXTURE:ufo:mtch:1v3-1ud,2,2
FIXTURE:ufo:mtch:1v3-1ue,2,2
FIXTURE:ufo:mtch:1v3-1uu,2,2
FIXTURE:ufo:mtch:1v3-1x0,2,2
FIXTURE:ufo:mtch:1v3-1yh,2,2
FIXTURE:ufo:mtch:1v3-1zj,2,2
FIXTURE:ufo:mtch:1v3-20m,2,2
FIXTURE:ufo:mtch:1v3-21o,2,2
FIXTURE:ufo:mtch:1v3-223,2,2
FIXTURE:ufo:mtch:1v3-225,2,2
FIXTURE:ufo:mtch:1v3-22p,2,2
FIXTURE:ufo:mtch:1v3-22s,2,2
FIXTURE:ufo:mtch:1v3-22t,2,2
FIXTURE:ufo:mtch:1v3-23b,2,2
FIXTURE:ufo:mtch:1v3-23g,2,2
FIXTURE:ufo:mtch:1v3-23j,2,2
FIXTURE:ufo:mtch:1v3-24h,2,2
FIXTURE:ufo:mtch:1v3-24j,2,2
FIXTURE:ufo:mtch:1v3-262,2,2
FIXTURE:ufo:mtch:1v3-273,2,2
FIXTURE:ufo:mtch:1v3-27u,2,2
FIXTURE:ufo:mtch:1v3-27w,2,2
FIXTURE:ufo:mtch:1v3-28t,2,2
FIXTURE:ufo:mtch:1v3-2b2,2,2
FIXTURE:ufo:mtch:1v3-2b4,2,2
FIXTURE:ufo:mtch:1v3-2bp,2,2
FIXTURE:ufo:mtch:1v3-2da,2,2
FIXTURE:ufo:mtch:1v3-2hc,2,2
FIXTURE:ufo:mtch:1v3-2hp,2,2
FIXTURE:ufo:mtch:1v3-2ji,2,2
FIXTURE:ufo:mtch:1v3-2jo,2,2
FIXTURE:ufo:mtch:1v3-2jv,2,2
FIXTURE:ufo:mtch:1v3-2mi,2,2
FIXTURE:ufo:mtch:1v3-2mj,2,2
FIXTURE:ufo:mtch:1v3-2mq,2,2
FIXTURE:ufo:mtch:1v3-2mr,2,2
FIXTURE:ufo:mtch:1v3-2ms,2,2
FIXTURE:ufo:mtch:1v3-2no,2,2
FIXTURE:ufo:mtch:1v3-2q9,2,2
FIXTURE:ufo:mtch:1v3-2sd,2,2
FIXTURE:ufo:mtch:1v3-2sg,2,2
FIXTURE:ufo:mtch:1v3-2uj,2,2
FIXTURE:ufo:mtch:1v3-2v5,2,2
FIXTURE:ufo:mtch:1v3-2vz,2,2
FIXTURE:ufo:mtch:1v3-2w8,2,2
FIXTURE:ufo:mtch:1v3-2wb,2,2
FIXTURE:ufo:mtch:1v4-005,2,2
FIXTURE:ufo:mtch:1v4-01y,2,2
FIXTURE:ufo:mtch:1v4-036,2,2
FIXTURE:ufo:mtch:1v4-04p,2,2
FIXTURE:ufo:mtch:1v4-05m,2,2
FIXTURE:ufo:mtch:1v4-066,2,2
FIXTURE:ufo:mtch:1v4-06q,2,2
FIXTURE:ufo:mtch:1v4-06w,2,2
FIXTURE:ufo:mtch:1v4-06z,2,2
FIXTURE:ufo:mtch:1v4-072,2,2
FIXTURE:ufo:mtch:1v4-076,2,2
FIXTURE:ufo:mtch:1v4-07i,2,2
FIXTURE:ufo:mtch:1v4-08x,2,2
FIXTURE:ufo:mtch:1v4-0bb,2,2
FIXTURE:ufo:mtch:1v4-0bh,2,2
FIXTURE:ufo:mtch:1v4-0bm,2,2
FIXTURE:ufo:mtch:1v4-0bs,2,2
FIXTURE:ufo:mtch:1v4-0cl,2,2
FIXTURE:ufo:mtch:1v4-0dp,2,2
FIXTURE:ufo:mtch:1v4-0el,2,2
FIXTURE:ufo:mtch:1v4-0g3,2,2
FIXTURE:ufo:mtch:1v4-0gr,2,2
FIXTURE:ufo:mtch:1v4-0hm,2,2
FIXTURE:ufo:mtch:1v4-0j5,2,2
FIXTURE:ufo:mtch:1v4-0nn,2,2
FIXTURE:ufo:mtch:1v4-0o8,2,2
FIXTURE:ufo:mtch:1v4-0oj,2,2
FIXTURE:ufo:mtch:1v4-0ot,2,2
FIXTURE:ufo:mtch:1v4-0ow,2,2
FIXTURE:ufo:mtch:1v4-0q4,2,2
FIXTURE:ufo:mtch:1v4-0q9,2,2
FIXTURE:ufo:mtch:1v4-0qc,2,2
FIXTURE:ufo:mtch:1v4-0sv,2,2
FIXTURE:ufo:mtch:1v4-0sy,2,2
FIXTURE:ufo:mtch:1v4-0tc,2,2
FIXTURE:ufo:mtch:1v4-0th,2,2
FIXTURE:ufo:mtch:1v4-0w0,2,2
FIXTURE:ufo:mtch:1v4-0w5,2,2
FIXTURE:ufo:mtch:1v4-0wb,2,2
FIXTURE:ufo:mtch:1v4-0wx,2,2
FIXTURE:ufo:mtch:1v4-0x1,2,2
FIXTURE:ufo:mtch:1v4-0xc,2,2
FIXTURE:ufo:mtch:1v4-0xf,2,2
FIXTURE:ufo:mtch:1v4-0xg,2,2
FIXTURE:ufo:mtch:1v4-0yo,2,2
FIXTURE:ufo:mtch:1v4-0yp,2,2
FIXTURE:ufo:mtch:1v4-0z1,2,2
FIXTURE:ufo:mtch:1v4-0zw,2,2
FIXTURE:ufo:mtch:1v4-100,2,2
FIXTURE:ufo:mtch:1v4-105,2,2
FIXTURE:ufo:mtch:1v4-10i,2,2
FIXTURE:ufo:mtch:1v4-10z,2,2
FIXTURE:ufo:mtch:1v4-111,2,2
FIXTURE:ufo:mtch:1v4-11i,2,2
FIXTURE:ufo:mtch:1v4-11n,2,2
FIXTURE:ufo:mtch:1v4-11p,2,2
FIXTURE:ufo:mtch:1v4-11s,2,2
FIXTURE:ufo:mtch:1v4-154,2,2
FIXTURE:ufo:mtch:1v4-15a,2,2
FIXTURE:ufo:mtch:1v4-15h,2,2
FIXTURE:ufo:mtch:1v4-15t,2,2
FIXTURE:ufo:mtch:1v4-15x,2,2
FIXTURE:ufo:mtch:1v4-19b,2,2
FIXTURE:ufo:mtch:1v4-19f,2,2
FIXTURE:ufo:mtch:1v4-19q,2,2
FIXTURE:ufo:mtch:1v4-1b6,2,2
FIXTURE:ufo:mtch:1v4-1bl,2,2
FIXTURE:ufo:mtch:1v4-1bm,2,2
FIXTURE:ufo:mtch:1v4-1bq,2,2
FIXTURE:ufo:mtch:1v4-1by,2,2
FIXTURE:ufo:mtch:1v4-1bz,2,2
FIXTURE:ufo:mtch:1v4-1cd,2,2
FIXTURE:ufo:mtch:1v4-1ci,2,2
FIXTURE:ufo:mtch:1v4-1cm,2,2
FIXTURE:ufo:mtch:1v4-1cn,2,2
FIXTURE:ufo:mtch:1v4-1d0,2,2
FIXTURE:ufo:mtch:1v4-1dc,2,2
FIXTURE:ufo:mtch:1v4-1de,2,2
FIXTURE:ufo:mtch:1v4-1ep,2,2
FIXTURE:ufo:mtch:1v4-1ew,2,2
FIXTURE:ufo:mtch:1v4-1fq,2,2
FIXTURE:ufo:mtch:1v4-1fw,2,2
FIXTURE:ufo:mtch:1v4-1fx,2,2
FIXTURE:ufo:mtch:1v4-1gg,2,2
FIXTURE:ufo:mtch:1v4-1gr,2,2
FIXTURE:ufo:mtch:1v4-1gt,2,2
FIXTURE:ufo:mtch:1v4-1gu,2,2
FIXTURE:ufo:mtch:1v4-1gv,2,2
FIXTURE:ufo:mtch:1v4-1jw,2,2
FIXTURE:ufo:mtch:1v4-1m2,2,2
FIXTURE:ufo:mtch:1v4-1mz,2,2
FIXTURE:ufo:mtch:1v4-1nq,2,2
FIXTURE:ufo:mtch:1v4-1nv,2,2
FIXTURE:ufo:mtch:1v4-1o2,2,2
FIXTURE:ufo:mtch:1v4-1o4,2,2
FIXTURE:ufo:mtch:1v4-1q8,2,2
FIXTURE:ufo:mtch:1v4-1r2,2,2
FIXTURE:ufo:mtch:1v4-1s3,2,2
FIXTURE:ufo:mtch:1v4-1sb,2,2
FIXTURE:ufo:mtch:1v4-1ue,2,2
FIXTURE:ufo:mtch:1v4-1uj,2,2
FIXTURE:ufo:mtch:1v4-1uq,2,2
FIXTURE:ufo:mtch:1v4-1v0,2,2
FIXTURE:ufo:mtch:1v4-1v8,2,2
FIXTURE:ufo:mtch:1v4-1vc,2,2
FIXTURE:ufo:mtch:1v4-1vn,2,2
FIXTURE:ufo:mtch:1v4-1vo,2,2
FIXTURE:ufo:mtch:1v4-1wy,2,2
FIXTURE:ufo:mtch:1v4-1x0,2,2
FIXTURE:ufo:mtch:1v4-1y0,2,2
FIXTURE:ufo:mtch:1v4-1y3,2,2
FIXTURE:ufo:mtch:1v4-1yo,2,2
FIXTURE:ufo:mtch:1v4-1yu,2,2
FIXTURE:ufo:mtch:1v4-20q,2,2
FIXTURE:ufo:mtch:1v4-21e,2,2
FIXTURE:ufo:mtch:1v4-21l,2,2
FIXTURE:ufo:mtch:1v4-21z,2,2
FIXTURE:ufo:mtch:1v4-220,2,2
FIXTURE:ufo:mtch:1v4-225,2,2
FIXTURE:ufo:mtch:1v4-22v,2,2
FIXTURE:ufo:mtch:1v4-235,2,2
FIXTURE:ufo:mtch:1v4-23z,2,2
FIXTURE:ufo:mtch:1v4-25e,2,2
FIXTURE:ufo:mtch:1v4-280,2,2
FIXTURE:ufo:mtch:1v4-297,2,2
FIXTURE:ufo:mtch:1v4-2b1,2,2
FIXTURE:ufo:mtch:1v4-2b4,2,2
FIXTURE:ufo:mtch:1v4-2br,2,2
FIXTURE:ufo:mtch:1v4-2dr,2,2
FIXTURE:ufo:mtch:1v4-2e6,2,2
FIXTURE:ufo:mtch:1v4-2e8,2,2
FIXTURE:ufo:mtch:1v4-2e9,2,2
FIXTURE:ufo:mtch:1v4-2hc,2,2
FIXTURE:ufo:mtch:1v4-2hk,2,2
FIXTURE:ufo:mtch:1v4-2jn,2,2
FIXTURE:ufo:mtch:1v4-2m3,2,2
FIXTURE:ufo:mtch:1v4-2mp,2,2
FIXTURE:ufo:mtch:1v4-2n2,2,2
FIXTURE:ufo:mtch:1v4-2nd,2,2
FIXTURE:ufo:mtch:1v4-2ng,2,2
FIXTURE:ufo:mtch:1v4-2nz,2,2
FIXTURE:ufo:mtch:1v4-2oj,2,2
FIXTURE:ufo:mtch:1v4-2or,2,2
FIXTURE:ufo:mtch:1v5-00i,2,2
FIXTURE:ufo:mtch:1v5-00j,2,2
FIXTURE:ufo:mtch:1v5-00v,2,2
FIXTURE:ufo:mtch:1v5-00x,2,2
FIXTURE:ufo:mtch:1v5-00z,2,2
FIXTURE:ufo:mtch:1v5-011,2,2
FIXTURE:ufo:mtch:1v5-013,2,2
FIXTURE:ufo:mtch:1v5-017,2,2
FIXTURE:ufo:mtch:1v5-01c,2,2
FIXTURE:ufo:mtch:1v5-01g,2,2
FIXTURE:ufo:mtch:1v5-024,2,2
FIXTURE:ufo:mtch:1v5-032,2,2
FIXTURE:ufo:mtch:1v5-035,2,2
FIXTURE:ufo:mtch:1v5-03b,2,2
FIXTURE:ufo:mtch:1v5-03e,2,2
FIXTURE:ufo:mtch:1v5-03l,2,2
FIXTURE:ufo:mtch:1v5-03r,2,2
FIXTURE:ufo:mtch:1v5-03u,2,2
FIXTURE:ufo:mtch:1v5-040,2,2
FIXTURE:ufo:mtch:1v5-051,2,2
FIXTURE:ufo:mtch:1v5-05d,2,2
FIXTURE:ufo:mtch:1v5-05g,2,2
FIXTURE:ufo:mtch:1v5-05n,2,2
FIXTURE:ufo:mtch:1v5-05o,2,2
FIXTURE:ufo:mtch:1v5-05v,2,2
FIXTURE:ufo:mtch:1v5-05w,2,2
FIXTURE:ufo:mtch:1v5-062,2,2
FIXTURE:ufo:mtch:1v5-068,2,2
FIXTURE:ufo:mtch:1v5-06d,2,2
FIXTURE:ufo:mtch:1v5-06h,2,2
FIXTURE:ufo:mtch:1v5-06x,2,2
FIXTURE:ufo:mtch:1v5-06y,2,2
FIXTURE:ufo:mtch:1v5-072,2,2
FIXTURE:ufo:mtch:1v5-07f,2,2
FIXTURE:ufo:mtch:1v5-081,2,2
FIXTURE:ufo:mtch:1v5-08a,2,2
FIXTURE:ufo:mtch:1v5-08l,2,2
FIXTURE:ufo:mtch:1v5-092,2,2
FIXTURE:ufo:mtch:1v5-09b,2,2
FIXTURE:ufo:mtch:1v5-09q,2,2
FIXTURE:ufo:mtch:1v5-0a0,2,2
FIXTURE:ufo:mtch:1v5-0a6,2,2
FIXTURE:ufo:mtch:1v5-0bx,2,2
FIXTURE:ufo:mtch:1v5-0cm,2,2
FIXTURE:ufo:mtch:1v5-0cw,2,2
FIXTURE:ufo:mtch:1v5-0d0,2,2
FIXTURE:ufo:mtch:1v5-0d1,2,2
FIXTURE:ufo:mtch:1v5-0d6,2,2
FIXTURE:ufo:mtch:1v5-0d8,2,2
FIXTURE:ufo:mtch:1v5-0da,2,2
FIXTURE:ufo:mtch:1v5-0de,2,2
FIXTURE:ufo:mtch:1v5-0e9,2,2
FIXTURE:ufo:mtch:1v5-0fk,2,2
FIXTURE:ufo:mtch:1v5-0g8,2,2
FIXTURE:ufo:mtch:1v5-0h3,2,2
FIXTURE:ufo:mtch:1v5-0hz,2,2
FIXTURE:ufo:mtch:1v5-0jw,2,2
FIXTURE:ufo:mtch:1v5-0ke,2,2
FIXTURE:ufo:mtch:1v5-0ku,2,2
FIXTURE:ufo:mtch:1v5-0mx,2,2
FIXTURE:ufo:mtch:1v5-0q8,2,2
FIXTURE:ufo:mtch:1v5-0q9,2,2
FIXTURE:ufo:mtch:1v5-0rb,2,2
FIXTURE:ufo:mtch:1v5-0rg,2,2
FIXTURE:ufo:mtch:1v5-0rl,2,2
FIXTURE:ufo:mtch:1v5-0rp,2,2
FIXTURE:ufo:mtch:1v5-0wm,2,2
FIXTURE:ufo:mtch:1v5-0wv,2,2
FIXTURE:ufo:mtch:1v5-0xi,2,2
FIXTURE:ufo:mtch:1v5-0xk,2,2
FIXTURE:ufo:mtch:1v5-0xs,2,2
FIXTURE:ufo:mtch:1v5-0xv,2,2
FIXTURE:ufo:mtch:1v5-0y1,2,2
FIXTURE:ufo:mtch:1v5-0y2,2,2
FIXTURE:ufo:mtch:1v5-0y3,2,2
FIXTURE:ufo:mtch:1v5-0yf,2,2
FIXTURE:ufo:mtch:1v5-0yl,2,2
FIXTURE:ufo:mtch:1v5-0ym,2,2
FIXTURE:ufo:mtch:1v5-0yq,2,2
FIXTURE:ufo:mtch:1v5-0yt,2,2
FIXTURE:ufo:mtch:1v5-0z6,2,2
FIXTURE:ufo:mtch:1v5-0za,2,2
FIXTURE:ufo:mtch:1v5-0zd,2,2
FIXTURE:ufo:mtch:1v5-0zf,2,2
FIXTURE:ufo:mtch:1v5-0zi,2,2
FIXTURE:ufo:mtch:1v5-0zv,2,2
FIXTURE:ufo:mtch:1v5-0zz,2,2
FIXTURE:ufo:mtch:1v5-102,2,2
FIXTURE:ufo:mtch:1v5-104,2,2
FIXTURE:ufo:mtch:1v5-10e,2,2
FIXTURE:ufo:mtch:1v5-10u,2,2
FIXTURE:ufo:mtch:1v5-12x,2,2
FIXTURE:ufo:mtch:1v5-13f,2,2
FIXTURE:ufo:mtch:1v5-15t,2,2
FIXTURE:ufo:mtch:1v5-161,2,2
FIXTURE:ufo:mtch:1v5-1cb,2,2
FIXTURE:ufo:mtch:1v5-1cd,2,2
FIXTURE:ufo:mtch:1v5-1ch,2,2
FIXTURE:ufo:mtch:1v5-1co,2,2
FIXTURE:ufo:mtch:1v5-1dk,2,2
FIXTURE:ufo:mtch:1v5-1du,2,2
FIXTURE:ufo:mtch:1v5-1h2,2,2
FIXTURE:ufo:mtch:1v5-1h5,2,2
FIXTURE:ufo:mtch:1v5-1hb,2,2
FIXTURE:ufo:mtch:1v5-1hc,2,2
FIXTURE:ufo:mtch:1v5-1hg,2,2
FIXTURE:ufo:mtch:1v5-1hi,2,2
FIXTURE:ufo:mtch:1v5-1hj,2,2
FIXTURE:ufo:mtch:1v5-1j9,2,2
FIXTURE:ufo:mtch:1v5-1je,2,2
FIXTURE:ufo:mtch:1v5-1lf,2,2
FIXTURE:ufo:mtch:1v5-1lk,2,2
FIXTURE:ufo:mtch:1v5-1lv,2,2
FIXTURE:ufo:mtch:1v5-1mw,2,2
FIXTURE:ufo:mtch:1v5-1nc,2,2
FIXTURE:ufo:mtch:1v5-1ni,2,2
FIXTURE:ufo:mtch:1v5-1pj,2,2
FIXTURE:ufo:mtch:1v5-1pk,2,2
FIXTURE:ufo:mtch:1v5-1qy,2,2
FIXTURE:ufo:mtch:1v5-1rg,2,2
FIXTURE:ufo:mtch:1v5-1ri,2,2
FIXTURE:ufo:mtch:1v5-1t7,2,2
FIXTURE:ufo:mtch:1v5-1u9,2,2
FIXTURE:ufo:mtch:1v5-1ua,2,2
FIXTURE:ufo:mtch:1v5-1uj,2,2
FIXTURE:ufo:mtch:1v5-1un,2,2
FIXTURE:ufo:mtch:1v5-1vf,2,2
FIXTURE:ufo:mtch:1v5-1vn,2,2
FIXTURE:ufo:mtch:1v5-1vo,2,2
FIXTURE:ufo:mtch:1v5-1vs,2,2
FIXTURE:ufo:mtch:1v5-1vw,2,2
FIXTURE:ufo:mtch:1v5-1w1,2,2
FIXTURE:ufo:mtch:1v5-1w4,2,2
FIXTURE:ufo:mtch:1v5-1x5,2,2
FIXTURE:ufo:mtch:1v5-1xt,2,2
FIXTURE:ufo:mtch:1v5-1xw,2,2
FIXTURE:ufo:mtch:1v5-1y1,2,2
FIXTURE:ufo:mtch:1v5-1y3,2,2
FIXTURE:ufo:mtch:1v5-1yg,2,2
FIXTURE:ufo:mtch:1v5-1yk,2,2
FIXTURE:ufo:mtch:1v5-1zu,2,2
FIXTURE:ufo:mtch:1v5-1zy,2,2
FIXTURE:ufo:mtch:1v5-20j,2,2
FIXTURE:ufo:mtch:1v5-20t,2,2
FIXTURE:ufo:mtch:1v5-210,2,2
FIXTURE:ufo:mtch:1v5-21y,2,2
FIXTURE:ufo:mtch:1v5-22b,2,2
FIXTURE:ufo:mtch:1v5-22d,2,2
FIXTURE:ufo:mtch:1v5-22k,2,2
FIXTURE:ufo:mtch:1v5-23u,2,2
FIXTURE:ufo:mtch:1v5-283,2,2
FIXTURE:ufo:mtch:1v5-28v,2,2
FIXTURE:ufo:mtch:1v5-29v,2,2
FIXTURE:ufo:mtch:1v5-2a7,2,2
FIXTURE:ufo:mtch:1v5-2ad,2,2
FIXTURE:ufo:mtch:1v5-2ak,2,2
FIXTURE:ufo:mtch:1v5-2ey,2,2
FIXTURE:ufo:mtch:1v5-2fh,2,2
FIXTURE:ufo:mtch:1v5-2fl,2,2
FIXTURE:ufo:mtch:1v5-2fu,2,2
FIXTURE:ufo:mtch:1v5-2hd,2,2
FIXTURE:ufo:mtch:1v5-2ip,2,2
FIXTURE:ufo:mtch:1v5-2ir,2,2
FIXTURE:ufo:mtch:1v5-2km,2,2
FIXTURE:ufo:mtch:1v5-2op,2,2
FIXTURE:ufo:mtch:1v5-2p0,2,2
FIXTURE:ufo:mtch:1v5-2qk,2,2
FIXTURE:ufo:mtch:1v5-2rc,2,2
FIXTURE:ufo:mtch:1v5-2ud,2,2
FIXTURE:ufo:mtch:1v5-2vx,2,2
FIXTURE:ufo:mtch:1v5-2w5,2,2
FIXTURE:ufo:mtch:1v6-00g,2,2
FIXTURE:ufo:mtch:1v6-02b,2,2
FIXTURE:ufo:mtch:1v6-032,2,2
FIXTURE:ufo:mtch:1v6-038,2,2
FIXTURE:ufo:mtch:1v6-044,2,2
FIXTURE:ufo:mtch:1v6-048,2,2
FIXTURE:ufo:mtch:1v6-050,2,2
FIXTURE:ufo:mtch:1v6-052,2,2
FIXTURE:ufo:mtch:1v6-05c,2,2
FIXTURE:ufo:mtch:1v6-05m,2,2
FIXTURE:ufo:mtch:1v6-05x,2,2
FIXTURE:ufo:mtch:1v6-064,2,2
FIXTURE:ufo:mtch:1v6-06e,2,2
FIXTURE:ufo:mtch:1v6-06w,2,2
FIXTURE:ufo:mtch:1v6-072,2,2
FIXTURE:ufo:mtch:1v6-079,2,2
FIXTURE:ufo:mtch:1v6-07c,2,2
FIXTURE:ufo:mtch:1v6-07x,2,2
FIXTURE:ufo:mtch:1v6-081,2,2
FIXTURE:ufo:mtch:1v6-082,2,2
FIXTURE:ufo:mtch:1v6-084,2,2
FIXTURE:ufo:mtch:1v6-08k,2,2
FIXTURE:ufo:mtch:1v6-08n,2,2
FIXTURE:ufo:mtch:1v6-08o,2,2
FIXTURE:ufo:mtch:1v6-093,2,2
FIXTURE:ufo:mtch:1v6-096,2,2
FIXTURE:ufo:mtch:1v6-09b,2,2
FIXTURE:ufo:mtch:1v6-09d,2,2
FIXTURE:ufo:mtch:1v6-09r,2,2
FIXTURE:ufo:mtch:1v6-09u,2,2
FIXTURE:ufo:mtch:1v6-0af,2,2
FIXTURE:ufo:mtch:1v6-0al,2,2
FIXTURE:ufo:mtch:1v6-0ap,2,2
FIXTURE:ufo:mtch:1v6-0aq,2,2
FIXTURE:ufo:mtch:1v6-0ar,2,2
FIXTURE:ufo:mtch:1v6-0ay,2,2
FIXTURE:ufo:mtch:1v6-0az,2,2
FIXTURE:ufo:mtch:1v6-0b0,2,2
FIXTURE:ufo:mtch:1v6-0bb,2,2
FIXTURE:ufo:mtch:1v6-0cj,2,2
FIXTURE:ufo:mtch:1v6-0cx,2,2
FIXTURE:ufo:mtch:1v6-0db,2,2
FIXTURE:ufo:mtch:1v6-0dg,2,2
FIXTURE:ufo:mtch:1v6-0di,2,2
FIXTURE:ufo:mtch:1v6-0dk,2,2
FIXTURE:ufo:mtch:1v6-0dl,2,2
FIXTURE:ufo:mtch:1v6-0eq,2,2
FIXTURE:ufo:mtch:1v6-0fj,2,2
FIXTURE:ufo:mtch:1v6-0fq,2,2
FIXTURE:ufo:mtch:1v6-0g2,2,2
FIXTURE:ufo:mtch:1v6-0ga,2,2
FIXTURE:ufo:mtch:1v6-0gc,2,2
FIXTURE:ufo:mtch:1v6-0gt,2,2
FIXTURE:ufo:mtch:1v6-0hi,2,2
FIXTURE:ufo:mtch:1v6-0hj,2,2
FIXTURE:ufo:mtch:1v6-0hk,2,2
FIXTURE:ufo:mtch:1v6-0i6,2,2
FIXTURE:ufo:mtch:1v6-0i9,2,2
FIXTURE:ufo:mtch:1v6-0j3,2,2
FIXTURE:ufo:mtch:1v6-0j4,2,2
FIXTURE:ufo:mtch:1v6-0jd,2,2
FIXTURE:ufo:mtch:1v6-0jk,2,2
FIXTURE:ufo:mtch:1v6-0jt,2,2
FIXTURE:ufo:mtch:1v6-0jx,2,2
FIXTURE:ufo:mtch:1v6-0l1,2,2
FIXTURE:ufo:mtch:1v6-0lb,2,2
FIXTURE:ufo:mtch:1v6-0lx,2,2
FIXTURE:ufo:mtch:1v6-0m3,2,2
FIXTURE:ufo:mtch:1v6-0ma,2,2
FIXTURE:ufo:mtch:1v6-0mk,2,2
FIXTURE:ufo:mtch:1v6-0n4,2,2
FIXTURE:ufo:mtch:1v6-0n8,2,2
FIXTURE:ufo:mtch:1v6-0na,2,2
FIXTURE:ufo:mtch:1v6-0nb,2,2
FIXTURE:ufo:mtch:1v6-0ng,2,2
FIXTURE:ufo:mtch:1v6-0nj,2,2
FIXTURE:ufo:mtch:1v6-0no,2,2
FIXTURE:ufo:mtch:1v6-0nx,2,2
FIXTURE:ufo:mtch:1v6-0o1,2,2
FIXTURE:ufo:mtch:1v6-0o9,2,2
FIXTURE:ufo:mtch:1v6-0ol,2,2
FIXTURE:ufo:mtch:1v6-0oo,2,2
FIXTURE:ufo:mtch:1v6-0oy,2,2
FIXTURE:ufo:mtch:1v6-0oz,2,2
FIXTURE:ufo:mtch:1v6-0p7,2,2
FIXTURE:ufo:mtch:1v6-0px,2,2
FIXTURE:ufo:mtch:1v6-0r8,2,2
FIXTURE:ufo:mtch:1v6-0s4,2,2
FIXTURE:ufo:mtch:1v6-0s5,2,2
FIXTURE:ufo:mtch:1v6-0sd,2,2
FIXTURE:ufo:mtch:1v6-0sz,2,2
FIXTURE:ufo:mtch:1v6-0t8,2,2
FIXTURE:ufo:mtch:1v6-0ta,2,2
FIXTURE:ufo:mtch:1v6-0uv,2,2
FIXTURE:ufo:mtch:1v6-0vu,2,2
FIXTURE:ufo:mtch:1v6-0w0,2,2
FIXTURE:ufo:mtch:1v6-0wd,2,2
FIXTURE:ufo:mtch:1v6-0xe,2,2
FIXTURE:ufo:mtch:1v6-0y4,2,2
FIXTURE:ufo:mtch:1v6-0y5,2,2
FIXTURE:ufo:mtch:1v6-0y7,2,2
FIXTURE:ufo:mtch:1v6-0ye,2,2
FIXTURE:ufo:mtch:1v6-0yw,2,2
FIXTURE:ufo:mtch:1v6-0yx,2,2
FIXTURE:ufo:mtch:1v6-0zh,2,2
FIXTURE:ufo:mtch:1v6-116,2,2
FIXTURE:ufo:mtch:1v6-11c,2,2
FIXTURE:ufo:mtch:1v6-11d,2,2
FIXTURE:ufo:mtch:1v6-11e,2,2
FIXTURE:ufo:mtch:1v6-11v,2,2
FIXTURE:ufo:mtch:1v6-14z,2,2
FIXTURE:ufo:mtch:1v6-150,2,2
FIXTURE:ufo:mtch:1v6-151,2,2
FIXTURE:ufo:mtch:1v6-15a,2,2
FIXTURE:ufo:mtch:1v6-15g,2,2
FIXTURE:ufo:mtch:1v6-1a3,2,2
FIXTURE:ufo:mtch:1v6-1dg,2,2
FIXTURE:ufo:mtch:1v6-1dl,2,2
FIXTURE:ufo:mtch:1v6-1e3,2,2
FIXTURE:ufo:mtch:1v6-1e6,2,2
FIXTURE:ufo:mtch:1v6-1ec,2,2
FIXTURE:ufo:mtch:1v6-1ee,2,2
FIXTURE:ufo:mtch:1v6-1jk,2,2
FIXTURE:ufo:mtch:1v6-1k0,2,2
FIXTURE:ufo:mtch:1v6-1ka,2,2
FIXTURE:ufo:mtch:1v6-1kb,2,2
FIXTURE:ufo:mtch:1v6-1kg,2,2
FIXTURE:ufo:mtch:1v6-1kj,2,2
FIXTURE:ufo:mtch:1v6-1kw,2,2
FIXTURE:ufo:mtch:1v6-1l1,2,2
FIXTURE:ufo:mtch:1v6-1l7,2,2
FIXTURE:ufo:mtch:1v6-1lc,2,2
FIXTURE:ufo:mtch:1v6-1ls,2,2
FIXTURE:ufo:mtch:1v6-1lx,2,2
FIXTURE:ufo:mtch:1v6-1md,2,2
FIXTURE:ufo:mtch:1v6-1ml,2,2
FIXTURE:ufo:mtch:1v6-1mm,2,2
FIXTURE:ufo:mtch:1v6-1na,2,2
FIXTURE:ufo:mtch:1v6-1nt,2,2
FIXTURE:ufo:mtch:1v6-1o5,2,2
FIXTURE:ufo:mtch:1v6-1o7,2,2
FIXTURE:ufo:mtch:1v6-1o9,2,2
FIXTURE:ufo:mtch:1v6-1oe,2,2
FIXTURE:ufo:mtch:1v6-1of,2,2
FIXTURE:ufo:mtch:1v6-1oh,2,2
FIXTURE:ufo:mtch:1v6-1ok,2,2
FIXTURE:ufo:mtch:1v6-1om,2,2
FIXTURE:ufo:mtch:1v6-1pd,2,2
FIXTURE:ufo:mtch:1v6-1pg,2,2
FIXTURE:ufo:mtch:1v6-1ph,2,2
FIXTURE:ufo:mtch:1v6-1pj,2,2
FIXTURE:ufo:mtch:1v6-1pl,2,2
FIXTURE:ufo:mtch:1v6-1xe,2,2
FIXTURE:ufo:mtch:1v6-1xi,2,2
FIXTURE:ufo:mtch:1v6-1xj,2,2
FIXTURE:ufo:mtch:1v6-1xl,2,2
FIXTURE:ufo:mtch:1v6-1xv,2,2
FIXTURE:ufo:mtch:1v6-1y9,2,2
FIXTURE:ufo:mtch:1v6-1z1,2,2
FIXTURE:ufo:mtch:1v6-1zb,2,2
FIXTURE:ufo:mtch:1v6-1zj,2,2
FIXTURE:ufo:mtch:1v6-1zt,2,2
FIXTURE:ufo:mtch:1v6-20k,2,2
FIXTURE:ufo:mtch:1v6-21b,2,2
FIXTURE:ufo:mtch:1v6-23a,2,2
FIXTURE:ufo:mtch:1v6-23j,2,2
FIXTURE:ufo:mtch:1v6-23u,2,2
FIXTURE:ufo:mtch:1v6-25a,2,2
FIXTURE:ufo:mtch:1v6-25d,2,2
FIXTURE:ufo:mtch:1v6-25l,2,2
FIXTURE:ufo:mtch:1v6-25p,2,2
FIXTURE:ufo:mtch:1v6-25u,2,2
FIXTURE:ufo:mtch:1v6-25y,2,2
FIXTURE:ufo:mtch:1v6-264,2,2
FIXTURE:ufo:mtch:1v6-266,2,2
FIXTURE:ufo:mtch:1v6-268,2,2
FIXTURE:ufo:mtch:1v6-26c,2,2
FIXTURE:ufo:mtch:1v6-26e,2,2
FIXTURE:ufo:mtch:1v6-271,2,2
FIXTURE:ufo:mtch:1v6-278,2,2
FIXTURE:ufo:mtch:1v6-27b,2,2
FIXTURE:ufo:mtch:1v6-27q,2,2
FIXTURE:ufo:mtch:1v6-27r,2,2
FIXTURE:ufo:mtch:1v6-27u,2,2
FIXTURE:ufo:mtch:1v6-28i,2,2
FIXTURE:ufo:mtch:1v6-28u,2,2
FIXTURE:ufo:mtch:1v6-28v,2,2
FIXTURE:ufo:mtch:1v6-295,2,2
FIXTURE:ufo:mtch:1v6-298,2,2
FIXTURE:ufo:mtch:1v6-29s,2,2
FIXTURE:ufo:mtch:1v6-29u,2,2
FIXTURE:ufo:mtch:1v6-2a1,2,2
FIXTURE:ufo:mtch:1v6-2a4,2,2
FIXTURE:ufo:mtch:1v6-2aa,2,2
FIXTURE:ufo:mtch:1v6-2ak,2,2
FIXTURE:ufo:mtch:1v6-2b5,2,2
FIXTURE:ufo:mtch:1v6-2bb,2,2
FIXTURE:ufo:mtch:1v6-2bk,2,2
FIXTURE:ufo:mtch:1v6-2c2,2,2
FIXTURE:ufo:mtch:1v6-2c9,2,2
FIXTURE:ufo:mtch:1v6-2cy,2,2
FIXTURE:ufo:mtch:1v6-2d2,2,2
FIXTURE:ufo:mtch:1v6-2d6,2,2
FIXTURE:ufo:mtch:1v6-2d9,2,2
FIXTURE:ufo:mtch:1v6-2dh,2,2
FIXTURE:ufo:mtch:1v6-2eu,2,2
FIXTURE:ufo:mtch:1v6-2ev,2,2
FIXTURE:ufo:mtch:1v6-2f7,2,2
FIXTURE:ufo:mtch:1v6-2fa,2,2
FIXTURE:ufo:mtch:1v6-2fj,2,2
FIXTURE:ufo:mtch:1v6-2fz,2,2
FIXTURE:ufo:mtch:1v6-2g1,2,2
FIXTURE:ufo:mtch:1v6-2g9,2,2
FIXTURE:ufo:mtch:1v6-2gg,2,2
FIXTURE:ufo:mtch:1v6-2gr,2,2
FIXTURE:ufo:mtch:1v6-2gx,2,2
FIXTURE:ufo:mtch:1v6-2hd,2,2
FIXTURE:ufo:mtch:1v6-2ib,2,2
FIXTURE:ufo:mtch:1v6-2s1,2,2
FIXTURE:ufo:mtch:1v6-2st,2,2
FIXTURE:ufo:mtch:1v6-2vm,2,2
FIXTURE:ufo:mtch:1v6-2vq,2,2
FIXTURE:ufo:mtch:1v6-2vs,2,2
FIXTURE:ufo:mtch:1v6-2wl,2,2
FIXTURE:ufo:mtch:1v6-2wn,2,2
FIXTURE:ufo:mtch:1v6-2xf,2,2
FIXTURE:ufo:mtch:1v6-2xg,2,2
FIXTURE:ufo:mtch:1v6-2xo,2,2
FIXTURE:ufo:mtch:1v6-2xv,2,2
FIXTURE:ufo:mtch:1v6-2xw,2,2
FIXTURE:ufo:mtch:1v6-2ya,2,2
FIXTURE:ufo:mtch:1v6-2yc,2,2
FIXTURE:ufo:mtch:1v6-2yi,2,2
FIXTURE:ufo:mtch:1v6-2yk,2,2
FIXTURE:ufo:mtch:1v6-2yl,2,2
FIXTURE:ufo:mtch:1v6-2yx,2,2
FIXTURE:ufo:mtch:1v6-2zc,2,2
FIXTURE:ufo:mtch:1v6-2zh,2,2
FIXTURE:ufo:mtch:1v6-2zi,2,2
FIXTURE:ufo:mtch:1v6-2zo,2,2
FIXTURE:ufo:mtch:1v6-2zy,2,2
FIXTURE:ufo:mtch:1v6-30g,2,2
FIXTURE:ufo:mtch:1v6-30i,2,2
FIXTURE:ufo:mtch:1v6-30k,2,2
FIXTURE:ufo:mtch:1v6-30o,2,2
FIXTURE:ufo:mtch:1v6-30p,2,2
FIXTURE:ufo:mtch:1v6-30q,2,2
FIXTURE:ufo:mtch:1v6-30u,2,2
FIXTURE:ufo:mtch:1v6-30w,2,2
FIXTURE:ufo:mtch:1v6-318,2,2
FIXTURE:ufo:mtch:1v6-31f,2,2
FIXTURE:ufo:mtch:1v6-329,2,2
FIXTURE:ufo:mtch:1v6-32a,2,2
FIXTURE:ufo:mtch:1v6-32n,2,2
FIXTURE:ufo:mtch:1v6-33f,2,2
FIXTURE:ufo:mtch:1v6-33g,2,2
FIXTURE:ufo:mtch:1v6-33n,2,2
FIXTURE:ufo:mtch:1v6-33r,2,2
FIXTURE:ufo:mtch:1v6-33t,2,2
FIXTURE:ufo:mtch:1v6-33v,2,2
FIXTURE:ufo:mtch:1v6-33y,2,2
FIXTURE:ufo:mtch:1v6-344,2,2
FIXTURE:ufo:mtch:1v6-34f,2,2
FIXTURE:ufo:mtch:1v6-34l,2,2
FIXTURE:ufo:mtch:1v6-34x,2,2
FIXTURE:ufo:mtch:1v6-352,2,2
FIXTURE:ufo:mtch:1v6-355,2,2
FIXTURE:ufo:mtch:1v6-357,2,2
FIXTURE:ufo:mtch:1v6-35d,2,2
FIXTURE:ufo:mtch:1v6-35q,2,2
FIXTURE:ufo:mtch:1v6-35s,2,2
FIXTURE:ufo:mtch:1v6-35y,2,2
FIXTURE:ufo:mtch:1v6-35z,2,2
FIXTURE:ufo:mtch:1v6-360,2,2
FIXTURE:ufo:mtch:1v6-361,2,2
FIXTURE:ufo:mtch:1v6-37j,2,2
FIXTURE:ufo:mtch:1v6-38k,2,2
FIXTURE:ufo:mtch:1v6-391,2,2
FIXTURE:ufo:mtch:1v6-39a,2,2
FIXTURE:ufo:mtch:1v6-39b,2,2
FIXTURE:ufo:mtch:1v6-39d,2,2
FIXTURE:ufo:mtch:1v6-39k,2,2
FIXTURE:ufo:mtch:1v6-3bc,2,2
FIXTURE:ufo:mtch:1v6-3bq,2,2
FIXTURE:ufo:mtch:1v6-3bu,2,2
FIXTURE:ufo:mtch:1v6-3c2,2,2
FIXTURE:ufo:mtch:1v6-3d9,2,2
FIXTURE:ufo:mtch:1v6-3da,2,2
FIXTURE:ufo:mtch:1v6-3db,2,2
FIXTURE:ufo:mtch:1v6-3dc,2,2
FIXTURE:ufo:mtch:1v6-3de,2,2
FIXTURE:ufo:mtch:1v6-3do,2,2
FIXTURE:ufo:mtch:1v6-3fw,2,2
FIXTURE:ufo:mtch:1v6-3g7,2,2
FIXTURE:ufo:mtch:1v6-3i1,2,2
FIXTURE:ufo:mtch:1v6-3i5,2,2
FIXTURE:ufo:mtch:1v6-3ir,2,2
FIXTURE:ufo:mtch:1v6-3iv,2,2
FIXTURE:ufo:mtch:1v6-3j1,2,2
FIXTURE:ufo:mtch:1v6-3j4,2,2
FIXTURE:ufo:mtch:1v7-01a,2,2
FIXTURE:ufo:mtch:1v7-01o,2,2
FIXTURE:ufo:mtch:1v7-01p,2,2
FIXTURE:ufo:mtch:1v7-02f,2,2
FIXTURE:ufo:mtch:1v7-02h,2,2
FIXTURE:ufo:mtch:1v7-03c,2,2
FIXTURE:ufo:mtch:1v7-03d,2,2
FIXTURE:ufo:mtch:1v7-03t,2,2
FIXTURE:ufo:mtch:1v7-03u,2,2
FIXTURE:ufo:mtch:1v7-046,2,2
FIXTURE:ufo:mtch:1v7-04f,2,2
FIXTURE:ufo:mtch:1v7-04i,2,2
FIXTURE:ufo:mtch:1v7-04w,2,2
FIXTURE:ufo:mtch:1v7-05c,2,2
FIXTURE:ufo:mtch:1v7-05h,2,2
FIXTURE:ufo:mtch:1v7-05s,2,2
FIXTURE:ufo:mtch:1v7-05w,2,2
FIXTURE:ufo:mtch:1v7-063,2,2
FIXTURE:ufo:mtch:1v7-064,2,2
FIXTURE:ufo:mtch:1v7-066,2,2
FIXTURE:ufo:mtch:1v7-06i,2,2
FIXTURE:ufo:mtch:1v7-06q,2,2
FIXTURE:ufo:mtch:1v7-06u,2,2
FIXTURE:ufo:mtch:1v7-074,2,2
FIXTURE:ufo:mtch:1v7-076,2,2
FIXTURE:ufo:mtch:1v7-07b,2,2
FIXTURE:ufo:mtch:1v7-07x,2,2
FIXTURE:ufo:mtch:1v7-07z,2,2
FIXTURE:ufo:mtch:1v7-085,2,2
FIXTURE:ufo:mtch:1v7-08g,2,2
FIXTURE:ufo:mtch:1v7-08l,2,2
FIXTURE:ufo:mtch:1v7-08p,2,2
FIXTURE:ufo:mtch:1v7-08q,2,2
FIXTURE:ufo:mtch:1v7-08x,2,2
FIXTURE:ufo:mtch:1v7-094,2,2
FIXTURE:ufo:mtch:1v7-0a5,2,2
FIXTURE:ufo:mtch:1v7-0a8,2,2
FIXTURE:ufo:mtch:1v7-0ac,2,2
FIXTURE:ufo:mtch:1v7-0ad,2,2
FIXTURE:ufo:mtch:1v7-0ak,2,2
FIXTURE:ufo:mtch:1v7-0ba,2,2
FIXTURE:ufo:mtch:1v7-0br,2,2
FIXTURE:ufo:mtch:1v7-0ch,2,2
FIXTURE:ufo:mtch:1v7-0cj,2,2
FIXTURE:ufo:mtch:1v7-0ct,2,2
FIXTURE:ufo:mtch:1v7-0da,2,2
FIXTURE:ufo:mtch:1v7-0df,2,2
FIXTURE:ufo:mtch:1v7-0dm,2,2
FIXTURE:ufo:mtch:1v7-0do,2,2
FIXTURE:ufo:mtch:1v7-0dy,2,2
FIXTURE:ufo:mtch:1v7-0fu,2,2
FIXTURE:ufo:mtch:1v7-0g5,2,2
FIXTURE:ufo:mtch:1v7-0g6,2,2
FIXTURE:ufo:mtch:1v7-0g7,2,2
FIXTURE:ufo:mtch:1v7-0gg,2,2
FIXTURE:ufo:mtch:1v7-0gm,2,2
FIXTURE:ufo:mtch:1v7-0gr,2,2
FIXTURE:ufo:mtch:1v7-0gz,2,2
FIXTURE:ufo:mtch:1v7-0h2,2,2
FIXTURE:ufo:mtch:1v7-0h3,2,2
FIXTURE:ufo:mtch:1v7-0h8,2,2
FIXTURE:ufo:mtch:1v7-0hq,2,2
FIXTURE:ufo:mtch:1v7-0if,2,2
FIXTURE:ufo:mtch:1v7-0j9,2,2
FIXTURE:ufo:mtch:1v7-0k0,2,2
FIXTURE:ufo:mtch:1v7-0k5,2,2
FIXTURE:ufo:mtch:1v7-0l9,2,2
FIXTURE:ufo:mtch:1v7-0mx,2,2
FIXTURE:ufo:mtch:1v7-0ng,2,2
FIXTURE:ufo:mtch:1v7-0nl,2,2
FIXTURE:ufo:mtch:1v7-0og,2,2
FIXTURE:ufo:mtch:1v7-0pf,2,2
FIXTURE:ufo:mtch:1v7-0qu,2,2
FIXTURE:ufo:mtch:1v7-0qx,2,2
FIXTURE:ufo:mtch:1v7-0qz,2,2
FIXTURE:ufo:mtch:1v7-0sc,2,2
FIXTURE:ufo:mtch:1v7-0se,2,2
FIXTURE:ufo:mtch:1v7-0sf,2,2
FIXTURE:ufo:mtch:1v7-0sh,2,2
FIXTURE:ufo:mtch:1v7-0si,2,2
FIXTURE:ufo:mtch:1v7-0so,2,2
FIXTURE:ufo:mtch:1v7-0ss,2,2
FIXTURE:ufo:mtch:1v7-0st,2,2
FIXTURE:ufo:mtch:1v7-0u0,2,2
FIXTURE:ufo:mtch:1v7-0ub,2,2
FIXTURE:ufo:mtch:1v7-0uh,2,2
FIXTURE:ufo:mtch:1v7-0vy,2,2
FIXTURE:ufo:mtch:1v7-0xj,2,2
FIXTURE:ufo:mtch:1v7-0xs,2,2
FIXTURE:ufo:mtch:1v7-0xy,2,2
FIXTURE:ufo:mtch:1v7-0y4,2,2
FIXTURE:ufo:mtch:1v7-0yc,2,2
FIXTURE:ufo:mtch:1v7-0yd,2,2
FIXTURE:ufo:mtch:1v7-0yo,2,2
FIXTURE:ufo:mtch:1v7-0yv,2,2
FIXTURE:ufo:mtch:1v7-0yx,2,2
FIXTURE:ufo:mtch:1v7-0z6,2,2
FIXTURE:ufo:mtch:1v7-0zb,2,2
FIXTURE:ufo:mtch:1v7-0zd,2,2
FIXTURE:ufo:mtch:1v7-0zh,2,2
FIXTURE:ufo:mtch:1v7-0zs,2,2
FIXTURE:ufo:mtch:1v7-0zz,2,2
FIXTURE:ufo:mtch:1v7-103,2,2
FIXTURE:ufo:mtch:1v7-108,2,2
FIXTURE:ufo:mtch:1v7-10c,2,2
FIXTURE:ufo:mtch:1v7-10d,2,2
FIXTURE:ufo:mtch:1v7-10e,2,2
FIXTURE:ufo:mtch:1v7-10i,2,2
FIXTURE:ufo:mtch:1v7-10j,2,2
FIXTURE:ufo:mtch:1v7-10n,2,2
FIXTURE:ufo:mtch:1v7-10o,2,2
FIXTURE:ufo:mtch:1v7-10p,2,2
FIXTURE:ufo:mtch:1v7-10r,2,2
FIXTURE:ufo:mtch:1v7-111,2,2
FIXTURE:ufo:mtch:1v7-11c,2,2
FIXTURE:ufo:mtch:1v7-11e,2,2
FIXTURE:ufo:mtch:1v7-11n,2,2
FIXTURE:ufo:mtch:1v7-11z,2,2
FIXTURE:ufo:mtch:1v7-12e,2,2
FIXTURE:ufo:mtch:1v7-13f,2,2
FIXTURE:ufo:mtch:1v7-17p,2,2
FIXTURE:ufo:mtch:1v7-17r,2,2
FIXTURE:ufo:mtch:1v7-17s,2,2
FIXTURE:ufo:mtch:1v7-17u,2,2
FIXTURE:ufo:mtch:1v7-17w,2,2
FIXTURE:ufo:mtch:1v7-184,2,2
FIXTURE:ufo:mtch:1v7-1ak,2,2
FIXTURE:ufo:mtch:1v7-1ap,2,2
FIXTURE:ufo:mtch:1v7-1av,2,2
FIXTURE:ufo:mtch:1v7-1gt,2,2
FIXTURE:ufo:mtch:1v7-1gv,2,2
FIXTURE:ufo:mtch:1v7-1h7,2,2
FIXTURE:ufo:mtch:1v7-1hb,2,2
FIXTURE:ufo:mtch:1v7-1hy,2,2
FIXTURE:ufo:mtch:1v7-1ic,2,2
FIXTURE:ufo:mtch:1v7-1in,2,2
FIXTURE:ufo:mtch:1v7-1jk,2,2
FIXTURE:ufo:mtch:1v7-1jo,2,2
FIXTURE:ufo:mtch:1v7-1k5,2,2
FIXTURE:ufo:mtch:1v7-1l0,2,2
FIXTURE:ufo:mtch:1v7-1lf,2,2
FIXTURE:ufo:mtch:1v7-1lr,2,2
FIXTURE:ufo:mtch:1v7-1md,2,2
FIXTURE:ufo:mtch:1v7-1mm,2,2
FIXTURE:ufo:mtch:1v7-1np,2,2
FIXTURE:ufo:mtch:1v7-1o1,2,2
FIXTURE:ufo:mtch:1v7-1o8,2,2
FIXTURE:ufo:mtch:1v7-1oe,2,2
FIXTURE:ufo:mtch:1v7-1ol,2,2
FIXTURE:ufo:mtch:1v7-1ow,2,2
FIXTURE:ufo:mtch:1v7-1p6,2,2
FIXTURE:ufo:mtch:1v7-1pd,2,2
FIXTURE:ufo:mtch:1v7-1pj,2,2
FIXTURE:ufo:mtch:1v7-1qs,2,2
FIXTURE:ufo:mtch:1v7-1qw,2,2
FIXTURE:ufo:mtch:1v7-1r1,2,2
FIXTURE:ufo:mtch:1v7-1r5,2,2
FIXTURE:ufo:mtch:1v7-1ra,2,2
FIXTURE:ufo:mtch:1v7-1rd,2,2
FIXTURE:ufo:mtch:1v7-1rg,2,2
FIXTURE:ufo:mtch:1v7-1rt,2,2
FIXTURE:ufo:mtch:1v7-1s2,2,2
FIXTURE:ufo:mtch:1v7-1s3,2,2
FIXTURE:ufo:mtch:1v7-1to,2,2
FIXTURE:ufo:mtch:1v7-1tq,2,2
FIXTURE:ufo:mtch:1v7-1tr,2,2
FIXTURE:ufo:mtch:1v7-1w5,2,2
FIXTURE:ufo:mtch:1v7-1yv,2,2
FIXTURE:ufo:mtch:1v7-1yx,2,2
FIXTURE:ufo:mtch:1v7-270,2,2
FIXTURE:ufo:mtch:1v7-27f,2,2
FIXTURE:ufo:mtch:1v7-27n,2,2
FIXTURE:ufo:mtch:1v7-2bc,2,2
FIXTURE:ufo:mtch:1v7-2bf,2,2
FIXTURE:ufo:mtch:1v7-2cd,2,2
FIXTURE:ufo:mtch:1v7-2h8,2,2
FIXTURE:ufo:mtch:1v7-2hc,2,2
FIXTURE:ufo:mtch:1v7-2he,2,2
FIXTURE:ufo:mtch:1v7-2hf,2,2
FIXTURE:ufo:mtch:1v7-2iv,2,2
FIXTURE:ufo:mtch:1v7-2lm,2,2
FIXTURE:ufo:mtch:1v7-2lt,2,2
FIXTURE:ufo:mtch:1v7-2lx,2,2
FIXTURE:ufo:mtch:1v7-2mb,2,2
FIXTURE:ufo:mtch:1v7-2mn,2,2
FIXTURE:ufo:mtch:1v7-2mx,2,2
FIXTURE:ufo:mtch:1v7-2n0,2,2
FIXTURE:ufo:mtch:1v7-2oe,2,2
FIXTURE:ufo:mtch:1v7-2on,2,2
FIXTURE:ufo:mtch:1v7-2ow,2,2
FIXTURE:ufo:mtch:1v7-2pe,2,2
FIXTURE:ufo:mtch:1v7-2pf,2,2
FIXTURE:ufo:mtch:1v7-2pu,2,2
FIXTURE:ufo:mtch:1v7-2qb,2,2
FIXTURE:ufo:mtch:1v7-2qh,2,2
FIXTURE:ufo:mtch:1v7-2qn,2,2
FIXTURE:ufo:mtch:1v7-2qr,2,2
FIXTURE:ufo:mtch:1v7-2qz,2,2
FIXTURE:ufo:mtch:1v7-2r5,2,2
FIXTURE:ufo:mtch:1v7-2rq,2,2
FIXTURE:ufo:mtch:1v7-2ru,2,2
FIXTURE:ufo:mtch:1v7-2rw,2,2
FIXTURE:ufo:mtch:1v7-2tz,2,2
FIXTURE:ufo:mtch:1v7-2u6,2,2
FIXTURE:ufo:mtch:1v7-2xj,2,2
FIXTURE:ufo:mtch:1v7-2xm,2,2
FIXTURE:ufo:mtch:1v7-2xp,2,2
FIXTURE:ufo:mtch:1v7-2y0,2,2
FIXTURE:ufo:mtch:1v8-00o,2,2
FIXTURE:ufo:mtch:1v8-011,2,2
FIXTURE:ufo:mtch:1v8-014,2,2
FIXTURE:ufo:mtch:1v8-01h,2,2
FIXTURE:ufo:mtch:1v8-01k,2,2
FIXTURE:ufo:mtch:1v8-01l,2,2
FIXTURE:ufo:mtch:1v8-01r,2,2
FIXTURE:ufo:mtch:1v8-01x,2,2
FIXTURE:ufo:mtch:1v8-026,2,2
FIXTURE:ufo:mtch:1v8-02k,2,2
FIXTURE:ufo:mtch:1v8-02l,2,2
FIXTURE:ufo:mtch:1v8-02o,2,2
FIXTURE:ufo:mtch:1v8-02p,2,2
FIXTURE:ufo:mtch:1v8-02q,2,2
FIXTURE:ufo:mtch:1v8-02s,2,2
FIXTURE:ufo:mtch:1v8-02v,2,2
FIXTURE:ufo:mtch:1v8-04a,2,2
FIXTURE:ufo:mtch:1v8-0a7,2,2
FIXTURE:ufo:mtch:1v8-0d7,2,2
FIXTURE:ufo:mtch:1v8-0fj,2,2
FIXTURE:ufo:mtch:1v8-0fl,2,2
FIXTURE:ufo:mtch:1v8-0fu,2,2
FIXTURE:ufo:mtch:1v8-0g2,2,2
FIXTURE:ufo:mtch:1v8-0g6,2,2
FIXTURE:ufo:mtch:1v8-0g7,2,2
FIXTURE:ufo:mtch:1v8-0gf,2,2
FIXTURE:ufo:mtch:1v8-0gk,2,2
FIXTURE:ufo:mtch:1v8-0gl,2,2
FIXTURE:ufo:mtch:1v8-0mm,2,2
FIXTURE:ufo:mtch:1v8-0nv,2,2
FIXTURE:ufo:mtch:1v8-0o2,2,2
FIXTURE:ufo:mtch:1v8-0oh,2,2
FIXTURE:ufo:mtch:1v8-0tm,2,2
FIXTURE:ufo:mtch:1v8-0tn,2,2
FIXTURE:ufo:mtch:1v8-0tq,2,2
FIXTURE:ufo:mtch:1v8-0tt,2,2
FIXTURE:ufo:mtch:1v8-0tv,2,2
FIXTURE:ufo:mtch:1v8-0u0,2,2
FIXTURE:ufo:mtch:1v8-0u8,2,2
FIXTURE:ufo:mtch:1v8-0ud,2,2
FIXTURE:ufo:mtch:1v8-0ue,2,2
FIXTURE:ufo:mtch:1v8-0uo,2,2
FIXTURE:ufo:mtch:1v8-0ut,2,2
FIXTURE:ufo:mtch:1v8-0v6,2,2
FIXTURE:ufo:mtch:1v8-0vc,2,2
FIXTURE:ufo:mtch:1v8-0vd,2,2
FIXTURE:ufo:mtch:1v8-0vi,2,2
FIXTURE:ufo:mtch:1v8-0vo,2,2
FIXTURE:ufo:mtch:1v8-0vv,2,2
FIXTURE:ufo:mtch:1v8-0vy,2,2
FIXTURE:ufo:mtch:1v8-0w4,2,2
FIXTURE:ufo:mtch:1v8-0we,2,2
FIXTURE:ufo:mtch:1v8-0wh,2,2
FIXTURE:ufo:mtch:1v8-0wo,2,2
FIXTURE:ufo:mtch:1v8-0ws,2,2
FIXTURE:ufo:mtch:1v8-0xc,2,2
FIXTURE:ufo:mtch:1v8-0xj,2,2
FIXTURE:ufo:mtch:1v8-0xq,2,2
FIXTURE:ufo:mtch:1v8-0xu,2,2
FIXTURE:ufo:mtch:1v8-0y0,2,2
FIXTURE:ufo:mtch:1v8-0yh,2,2
FIXTURE:ufo:mtch:1v8-0yj,2,2
FIXTURE:ufo:mtch:1v8-0yn,2,2
FIXTURE:ufo:mtch:1v8-0yr,2,2
FIXTURE:ufo:mtch:1v8-0yt,2,2
FIXTURE:ufo:mtch:1v8-11d,2,2
FIXTURE:ufo:mtch:1v8-11o,2,2
FIXTURE:ufo:mtch:1v8-120,2,2
FIXTURE:ufo:mtch:1v8-12h,2,2
FIXTURE:ufo:mtch:1v8-133,2,2
FIXTURE:ufo:mtch:1v8-134,2,2
FIXTURE:ufo:mtch:1v8-138,2,2
FIXTURE:ufo:mtch:1v8-139,2,2
FIXTURE:ufo:mtch:1v8-13f,2,2
FIXTURE:ufo:mtch:1v8-13i,2,2
FIXTURE:ufo:mtch:1v8-13j,2,2
FIXTURE:ufo:mtch:1v8-13n,2,2
FIXTURE:ufo:mtch:1v8-13p,2,2
FIXTURE:ufo:mtch:1v8-13r,2,2
FIXTURE:ufo:mtch:1v8-13s,2,2
FIXTURE:ufo:mtch:1v8-13v,2,2
FIXTURE:ufo:mtch:1v8-13w,2,2
FIXTURE:ufo:mtch:1v8-141,2,2
FIXTURE:ufo:mtch:1v8-142,2,2
FIXTURE:ufo:mtch:1v8-148,2,2
FIXTURE:ufo:mtch:1v8-14c,2,2
FIXTURE:ufo:mtch:1v8-14g,2,2
FIXTURE:ufo:mtch:1v8-14l,2,2
FIXTURE:ufo:mtch:1v8-14m,2,2
FIXTURE:ufo:mtch:1v8-14n,2,2
FIXTURE:ufo:mtch:1v8-14o,2,2
FIXTURE:ufo:mtch:1v8-14r,2,2
FIXTURE:ufo:mtch:1v8-14v,2,2
FIXTURE:ufo:mtch:1v8-14x,2,2
FIXTURE:ufo:mtch:1v8-14z,2,2
FIXTURE:ufo:mtch:1v8-150,2,2
FIXTURE:ufo:mtch:1v8-151,2,2
FIXTURE:ufo:mtch:1v8-153,2,2
FIXTURE:ufo:mtch:1v8-154,2,2
FIXTURE:ufo:mtch:1v8-155,2,2
FIXTURE:ufo:mtch:1v8-156,2,2
FIXTURE:ufo:mtch:1v8-157,2,2
FIXTURE:ufo:mtch:1v8-15b,2,2
FIXTURE:ufo:mtch:1v8-15c,2,2
FIXTURE:ufo:mtch:1v8-15d,2,2
FIXTURE:ufo:mtch:1v8-15n,2,2
FIXTURE:ufo:mtch:1v8-15q,2,2
FIXTURE:ufo:mtch:1v8-170,2,2
FIXTURE:ufo:mtch:1v8-17w,2,2
FIXTURE:ufo:mtch:1v8-182,2,2
FIXTURE:ufo:mtch:1v8-196,2,2
FIXTURE:ufo:mtch:1v8-19t,2,2
FIXTURE:ufo:mtch:1v8-1a2,2,2
FIXTURE:ufo:mtch:1v8-1aj,2,2
FIXTURE:ufo:mtch:1v8-1al,2,2
FIXTURE:ufo:mtch:1v8-1an,2,2
FIXTURE:ufo:mtch:1v8-1as,2,2
FIXTURE:ufo:mtch:1v8-1at,2,2
FIXTURE:ufo:mtch:1v8-1ay,2,2
FIXTURE:ufo:mtch:1v8-1b0,2,2
FIXTURE:ufo:mtch:1v8-1b1,2,2
FIXTURE:ufo:mtch:1v8-1b3,2,2
FIXTURE:ufo:mtch:1v8-1b5,2,2
FIXTURE:ufo:mtch:1v8-1b8,2,2
FIXTURE:ufo:mtch:1v8-1ba,2,2
FIXTURE:ufo:mtch:1v8-1bb,2,2
FIXTURE:ufo:mtch:1v8-1bj,2,2
FIXTURE:ufo:mtch:1v8-1bl,2,2
FIXTURE:ufo:mtch:1v8-1bn,2,2
FIXTURE:ufo:mtch:1v8-1bo,2,2
FIXTURE:ufo:mtch:1v8-1bq,2,2
FIXTURE:ufo:mtch:1v8-1br,2,2
FIXTURE:ufo:mtch:1v8-1c3,2,2
FIXTURE:ufo:mtch:1v8-1c7,2,2
FIXTURE:ufo:mtch:1v8-1c9,2,2
FIXTURE:ufo:mtch:1v8-1ci,2,2
FIXTURE:ufo:mtch:1v8-1cj,2,2
FIXTURE:ufo:mtch:1v8-1ck,2,2
FIXTURE:ufo:mtch:1v8-1cm,2,2
FIXTURE:ufo:mtch:1v8-1cq,2,2
FIXTURE:ufo:mtch:1v8-1cr,2,2
FIXTURE:ufo:mtch:1v8-1d1,2,2
FIXTURE:ufo:mtch:1v8-1d3,2,2
FIXTURE:ufo:mtch:1v8-1da,2,2
FIXTURE:ufo:mtch:1v8-1df,2,2
FIXTURE:ufo:mtch:1v8-1dj,2,2
FIXTURE:ufo:mtch:1v8-1dl,2,2
FIXTURE:ufo:mtch:1v8-1do,2,2
FIXTURE:ufo:mtch:1v8-1dp,2,2
FIXTURE:ufo:mtch:1v8-1du,2,2
FIXTURE:ufo:mtch:1v8-1dw,2,2
FIXTURE:ufo:mtch:1v8-1e0,2,2
FIXTURE:ufo:mtch:1v8-1e1,2,2
FIXTURE:ufo:mtch:1v8-1el,2,2
FIXTURE:ufo:mtch:1v8-1ep,2,2
FIXTURE:ufo:mtch:1v8-1ev,2,2
FIXTURE:ufo:mtch:1v8-1ex,2,2
FIXTURE:ufo:mtch:1v8-1fx,2,2
FIXTURE:ufo:mtch:1v8-1g8,2,2
FIXTURE:ufo:mtch:1v8-1ga,2,2
FIXTURE:ufo:mtch:1v8-1gl,2,2
FIXTURE:ufo:mtch:1v8-1gm,2,2
FIXTURE:ufo:mtch:1v8-1go,2,2
FIXTURE:ufo:mtch:1v8-1h6,2,2
FIXTURE:ufo:mtch:1v8-1h9,2,2
FIXTURE:ufo:mtch:1v8-1hd,2,2
FIXTURE:ufo:mtch:1v8-1hw,2,2
FIXTURE:ufo:mtch:1v8-1hy,2,2
FIXTURE:ufo:mtch:1v8-1hz,2,2
FIXTURE:ufo:mtch:1v8-1i2,2,2
FIXTURE:ufo:mtch:1v8-1i4,2,2
FIXTURE:ufo:mtch:1v8-1ig,2,2
FIXTURE:ufo:mtch:1v8-1k3,2,2
FIXTURE:ufo:mtch:1v8-1k6,2,2
FIXTURE:ufo:mtch:1v8-1k9,2,2
FIXTURE:ufo:mtch:1v8-1km,2,2
FIXTURE:ufo:mtch:1v8-1lt,2,2
FIXTURE:ufo:mtch:1v8-1lu,2,2
FIXTURE:ufo:mtch:1v8-1n5,2,2
FIXTURE:ufo:mtch:1v8-1o6,2,2
FIXTURE:ufo:mtch:1v8-1ob,2,2
FIXTURE:ufo:mtch:1v8-1q7,2,2
FIXTURE:ufo:mtch:1v8-1qm,2,2
FIXTURE:ufo:mtch:1v8-1rx,2,2
FIXTURE:ufo:mtch:1v8-1sb,2,2
FIXTURE:ufo:mtch:1v8-1sj,2,2
FIXTURE:ufo:mtch:1v8-1sl,2,2
FIXTURE:ufo:mtch:1v8-1t9,2,2
FIXTURE:ufo:mtch:1v8-1ta,2,2
FIXTURE:ufo:mtch:1v8-1uq,2,2
FIXTURE:ufo:mtch:1v8-20m,2,2
FIXTURE:ufo:mtch:1v8-24b,2,2
FIXTURE:ufo:mtch:1v8-24p,2,2
FIXTURE:ufo:mtch:1v8-25a,2,2
FIXTURE:ufo:mtch:1v8-25c,2,2
FIXTURE:ufo:mtch:1v8-25h,2,2
FIXTURE:ufo:mtch:1v8-25v,2,2
FIXTURE:ufo:mtch:1v8-25w,2,2
FIXTURE:ufo:mtch:1v8-266,2,2
FIXTURE:ufo:mtch:1v8-26c,2,2
FIXTURE:ufo:mtch:1v8-26d,2,2
FIXTURE:ufo:mtch:1v8-26r,2,2
FIXTURE:ufo:mtch:1v8-27h,2,2
FIXTURE:ufo:mtch:1v8-28v,2,2
FIXTURE:ufo:mtch:1v8-28z,2,2
FIXTURE:ufo:mtch:1v8-29v,2,2
FIXTURE:ufo:mtch:1v8-29w,2,2
FIXTURE:ufo:mtch:1v8-29z,2,2
FIXTURE:ufo:mtch:1v8-2am,2,2
FIXTURE:ufo:mtch:1v8-2aw,2,2
FIXTURE:ufo:mtch:1v8-2b3,2,2
FIXTURE:ufo:mtch:1v8-2bd,2,2
FIXTURE:ufo:mtch:1v8-2bo,2,2
FIXTURE:ufo:mtch:1v8-2bx,2,2
FIXTURE:ufo:mtch:1v8-2dh,2,2
FIXTURE:ufo:mtch:1v8-2e3,2,2
FIXTURE:ufo:mtch:1v8-2ea,2,2
FIXTURE:ufo:mtch:1v8-2eb,2,2
FIXTURE:ufo:mtch:1v8-2ec,2,2
FIXTURE:ufo:mtch:1v8-2ee,2,2
FIXTURE:ufo:mtch:1v8-2ek,2,2
FIXTURE:ufo:mtch:1v8-2f2,2,2
FIXTURE:ufo:mtch:1v8-2f3,2,2
FIXTURE:ufo:mtch:1v8-2f4,2,2
FIXTURE:ufo:mtch:1v8-2gz,2,2
FIXTURE:ufo:mtch:1v8-2lf,2,2
FIXTURE:ufo:mtch:1v8-2pk,2,2
FIXTURE:ufo:mtch:1v8-2pl,2,2
FIXTURE:ufo:mtch:1v8-2ps,2,2
FIXTURE:ufo:mtch:1v8-2pu,2,2
FIXTURE:ufo:mtch:1v9-008,2,2
FIXTURE:ufo:mtch:1v9-009,2,2
FIXTURE:ufo:mtch:1v9-00a,2,2
FIXTURE:ufo:mtch:1v9-00u,2,2
FIXTURE:ufo:mtch:1v9-01h,2,2
FIXTURE:ufo:mtch:1v9-02r,2,2
FIXTURE:ufo:mtch:1v9-02u,2,2
FIXTURE:ufo:mtch:1v9-02w,2,2
FIXTURE:ufo:mtch:1v9-03a,2,2
FIXTURE:ufo:mtch:1v9-03n,2,2
FIXTURE:ufo:mtch:1v9-04j,2,2
FIXTURE:ufo:mtch:1v9-04k,2,2
FIXTURE:ufo:mtch:1v9-04l,2,2
FIXTURE:ufo:mtch:1v9-050,2,2
FIXTURE:ufo:mtch:1v9-052,2,2
FIXTURE:ufo:mtch:1v9-055,2,2
FIXTURE:ufo:mtch:1v9-05a,2,2
FIXTURE:ufo:mtch:1v9-05s,2,2
FIXTURE:ufo:mtch:1v9-066,2,2
FIXTURE:ufo:mtch:1v9-06r,2,2
FIXTURE:ufo:mtch:1v9-083,2,2
FIXTURE:ufo:mtch:1v9-085,2,2
FIXTURE:ufo:mtch:1v9-087,2,2
FIXTURE:ufo:mtch:1v9-08w,2,2
FIXTURE:ufo:mtch:1v9-0aw,2,2
FIXTURE:ufo:mtch:1v9-0ba,2,2
FIXTURE:ufo:mtch:1v9-0bl,2,2
FIXTURE:ufo:mtch:1v9-0bq,2,2
FIXTURE:ufo:mtch:1v9-0dd,2,2
FIXTURE:ufo:mtch:1v9-0e5,2,2
FIXTURE:ufo:mtch:1v9-0gc,2,2
FIXTURE:ufo:mtch:1v9-0gt,2,2
FIXTURE:ufo:mtch:1v9-0h1,2,2
FIXTURE:ufo:mtch:1v9-0he,2,2
FIXTURE:ufo:mtch:1v9-0hf,2,2
FIXTURE:ufo:mtch:1v9-0hg,2,2
FIXTURE:ufo:mtch:1v9-0hh,2,2
FIXTURE:ufo:mtch:1v9-0hw,2,2
FIXTURE:ufo:mtch:1v9-0i4,2,2
FIXTURE:ufo:mtch:1v9-0i6,2,2
FIXTURE:ufo:mtch:1v9-0jg,2,2
FIXTURE:ufo:mtch:1v9-0k7,2,2
FIXTURE:ufo:mtch:1v9-0kf,2,2
FIXTURE:ufo:mtch:1v9-0lf,2,2
FIXTURE:ufo:mtch:1v9-0lg,2,2
FIXTURE:ufo:mtch:1v9-0li,2,2
FIXTURE:ufo:mtch:1v9-0m6,2,2
FIXTURE:ufo:mtch:1v9-0ue,2,2
FIXTURE:ufo:mtch:1v9-0up,2,2
FIXTURE:ufo:mtch:1v9-0xz,2,2
FIXTURE:ufo:mtch:1v9-0yp,2,2
FIXTURE:ufo:mtch:1v9-102,2,2
FIXTURE:ufo:mtch:1v9-10k,2,2
FIXTURE:ufo:mtch:1v9-110,2,2
FIXTURE:ufo:mtch:1v9-11e,2,2
FIXTURE:ufo:mtch:1v9-11n,2,2
FIXTURE:ufo:mtch:1v9-11v,2,2
FIXTURE:ufo:mtch:1v9-11w,2,2
FIXTURE:ufo:mtch:1v9-120,2,2
FIXTURE:ufo:mtch:1v9-125,2,2
FIXTURE:ufo:mtch:1v9-126,2,2
FIXTURE:ufo:mtch:1v9-12b,2,2
FIXTURE:ufo:mtch:1v9-12l,2,2
FIXTURE:ufo:mtch:1v9-12o,2,2
FIXTURE:ufo:mtch:1v9-131,2,2
FIXTURE:ufo:mtch:1v9-13s,2,2
FIXTURE:ufo:mtch:1v9-13t,2,2
FIXTURE:ufo:mtch:1v9-13u,2,2
FIXTURE:ufo:mtch:1v9-144,2,2
FIXTURE:ufo:mtch:1v9-148,2,2
FIXTURE:ufo:mtch:1v9-151,2,2
FIXTURE:ufo:mtch:1v9-152,2,2
FIXTURE:ufo:mtch:1v9-153,2,2
FIXTURE:ufo:mtch:1v9-17r,2,2
FIXTURE:ufo:mtch:1v9-17u,2,2
FIXTURE:ufo:mtch:1v9-17y,2,2
FIXTURE:ufo:mtch:1v9-183,2,2
FIXTURE:ufo:mtch:1v9-184,2,2
FIXTURE:ufo:mtch:1v9-18d,2,2
FIXTURE:ufo:mtch:1v9-18f,2,2
FIXTURE:ufo:mtch:1v9-18h,2,2
FIXTURE:ufo:mtch:1v9-18k,2,2
FIXTURE:ufo:mtch:1v9-18q,2,2
FIXTURE:ufo:mtch:1v9-18z,2,2
FIXTURE:ufo:mtch:1v9-191,2,2
FIXTURE:ufo:mtch:1v9-194,2,2
FIXTURE:ufo:mtch:1v9-197,2,2
FIXTURE:ufo:mtch:1v9-199,2,2
FIXTURE:ufo:mtch:1v9-19f,2,2
FIXTURE:ufo:mtch:1v9-19o,2,2
FIXTURE:ufo:mtch:1v9-1a9,2,2
FIXTURE:ufo:mtch:1v9-1ad,2,2
FIXTURE:ufo:mtch:1v9-1ce,2,2
FIXTURE:ufo:mtch:1v9-1d4,2,2
FIXTURE:ufo:mtch:1v9-1d8,2,2
FIXTURE:ufo:mtch:1v9-1dr,2,2
FIXTURE:ufo:mtch:1v9-1e1,2,2
FIXTURE:ufo:mtch:1v9-1e2,2,2
FIXTURE:ufo:mtch:1v9-1fr,2,2
FIXTURE:ufo:mtch:1v9-1gt,2,2
FIXTURE:ufo:mtch:1v9-1gu,2,2
FIXTURE:ufo:mtch:1v9-1gv,2,2
FIXTURE:ufo:mtch:1v9-1gw,2,2
FIXTURE:ufo:mtch:1v9-1gx,2,2
FIXTURE:ufo:mtch:1v9-1h0,2,2
FIXTURE:ufo:mtch:1v9-1h1,2,2
FIXTURE:ufo:mtch:1v9-1h2,2,2
FIXTURE:ufo:mtch:1v9-1h3,2,2
FIXTURE:ufo:mtch:1v9-1h6,2,2
FIXTURE:ufo:mtch:1v9-1h9,2,2
FIXTURE:ufo:mtch:1v9-1hb,2,2
FIXTURE:ufo:mtch:1v9-1hg,2,2
FIXTURE:ufo:mtch:1v9-1i9,2,2
FIXTURE:ufo:mtch:1v9-1ih,2,2
FIXTURE:ufo:mtch:1v9-1il,2,2
FIXTURE:ufo:mtch:1v9-1in,2,2
FIXTURE:ufo:mtch:1v9-1iu,2,2
FIXTURE:ufo:mtch:1v9-1jz,2,2
FIXTURE:ufo:mtch:1v9-1k2,2,2
FIXTURE:ufo:mtch:1v9-1kz,2,2
FIXTURE:ufo:mtch:1v9-1l0,2,2
FIXTURE:ufo:mtch:1v9-1l2,2,2
FIXTURE:ufo:mtch:1v9-1l3,2,2
FIXTURE:ufo:mtch:1v9-1l7,2,2
FIXTURE:ufo:mtch:1v9-1la,2,2
FIXTURE:ufo:mtch:1v9-1lb,2,2
FIXTURE:ufo:mtch:1v9-1lc,2,2
FIXTURE:ufo:mtch:1v9-1ld,2,2
FIXTURE:ufo:mtch:1v9-1lf,2,2
FIXTURE:ufo:mtch:1v9-1n9,2,2
FIXTURE:ufo:mtch:1v9-1oi,2,2
FIXTURE:ufo:mtch:1v9-1or,2,2
FIXTURE:ufo:mtch:1v9-1ou,2,2
FIXTURE:ufo:mtch:1v9-1ov,2,2
FIXTURE:ufo:mtch:1v9-1ox,2,2
FIXTURE:ufo:mtch:1v9-1oz,2,2
FIXTURE:ufo:mtch:1v9-1p0,2,2
FIXTURE:ufo:mtch:1v9-1p2,2,2
FIXTURE:ufo:mtch:1v9-1pd,2,2
FIXTURE:ufo:mtch:1v9-1sr,2,2
FIXTURE:ufo:mtch:1v9-1t1,2,2
FIXTURE:ufo:mtch:1v9-1t2,2,2
FIXTURE:ufo:mtch:1v9-1t3,2,2
FIXTURE:ufo:mtch:1v9-1tc,2,2
FIXTURE:ufo:mtch:1v9-1ti,2,2
FIXTURE:ufo:mtch:1v9-1tl,2,2
FIXTURE:ufo:mtch:1v9-1tm,2,2
FIXTURE:ufo:mtch:1v9-1tp,2,2
FIXTURE:ufo:mtch:1v9-1tq,2,2
FIXTURE:ufo:mtch:1v9-1tw,2,2
FIXTURE:ufo:mtch:1v9-1ua,2,2
FIXTURE:ufo:mtch:1v9-1uc,2,2
FIXTURE:ufo:mtch:1v9-1us,2,2
FIXTURE:ufo:mtch:1v9-1w1,2,2
FIXTURE:ufo:mtch:1v9-1x1,2,2
FIXTURE:ufo:mtch:1v9-1y4,2,2
FIXTURE:ufo:mtch:1v9-1yl,2,2
FIXTURE:ufo:mtch:1v9-1yn,2,2
FIXTURE:ufo:mtch:1v9-1yr,2,2
FIXTURE:ufo:mtch:1v9-1yt,2,2
FIXTURE:ufo:mtch:1v9-1z7,2,2
FIXTURE:ufo:mtch:1v9-21e,2,2
FIXTURE:ufo:mtch:1v9-26d,2,2
FIXTURE:ufo:mtch:1v9-28r,2,2
FIXTURE:ufo:mtch:1v9-29b,2,2
FIXTURE:ufo:mtch:1v9-29c,2,2
FIXTURE:ufo:mtch:1v9-2bq,2,2
FIXTURE:ufo:mtch:1v9-2bs,2,2
FIXTURE:ufo:mtch:1v9-2bv,2,2
FIXTURE:ufo:mtch:1v9-2c1,2,2
FIXTURE:ufo:mtch:1v9-2c5,2,2
FIXTURE:ufo:mtch:1v9-2c6,2,2
FIXTURE:ufo:mtch:1v9-2c8,2,2
FIXTURE:ufo:mtch:1v9-2cd,2,2
FIXTURE:ufo:mtch:1v9-2cj,2,2
FIXTURE:ufo:mtch:1v9-2cl,2,2
FIXTURE:ufo:mtch:1v9-2cx,2,2
FIXTURE:ufo:mtch:1v9-2cy,2,2
FIXTURE:ufo:mtch:1v9-2d3,2,2
FIXTURE:ufo:mtch:1v9-2el,2,2
FIXTURE:ufo:mtch:1v9-2eo,2,2
FIXTURE:ufo:mtch:1v9-2ew,2,2
FIXTURE:ufo:mtch:1v9-2ez,2,2
FIXTURE:ufo:mtch:1v9-2f9,2,2
FIXTURE:ufo:mtch:1v9-2fb,2,2
FIXTURE:ufo:mtch:1v9-2fd,2,2
FIXTURE:ufo:mtch:1v9-2fj,2,2
FIXTURE:ufo:mtch:1v9-2ho,2,2
FIXTURE:ufo:mtch:1v9-2hq,2,2
FIXTURE:ufo:mtch:1v9-2hs,2,2
FIXTURE:ufo:mtch:1v9-2hu,2,2
FIXTURE:ufo:mtch:1v9-2hv,2,2
FIXTURE:ufo:mtch:1v9-2i1,2,2
FIXTURE:ufo:mtch:1v9-2ia,2,2
FIXTURE:ufo:mtch:1v9-2id,2,2
FIXTURE:ufo:mtch:1v9-2ie,2,2
FIXTURE:ufo:mtch:1v9-2j2,2,2
FIXTURE:ufo:mtch:1v9-2j3,2,2
FIXTURE:ufo:mtch:1v9-2pa,2,2
FIXTURE:ufo:mtch:1v9-2pc,2,2
FIXTURE:ufo:mtch:1v9-2qe,2,2
FIXTURE:ufo:mtch:1v9-2qf,2,2
FIXTURE:ufo:mtch:1v9-2qk,2,2
FIXTURE:ufo:mtch:1v9-2qm,2,2
FIXTURE:ufo:mtch:1v9-2qo,2,2
FIXTURE:ufo:mtch:1v9-2qs,2,2
FIXTURE:ufo:mtch:1v9-2qu,2,2
FIXTURE:ufo:mtch:1va-00u,2,2
FIXTURE:ufo:mtch:1va-010,2,2
FIXTURE:ufo:mtch:1va-01b,2,2
FIXTURE:ufo:mtch:1va-01x,2,2
FIXTURE:ufo:mtch:1va-021,2,2
FIXTURE:ufo:mtch:1va-02t,2,2
FIXTURE:ufo:mtch:1va-03b,2,2
FIXTURE:ufo:mtch:1va-03h,2,2
FIXTURE:ufo:mtch:1va-03n,2,2
FIXTURE:ufo:mtch:1va-03p,2,2
FIXTURE:ufo:mtch:1va-03r,2,2
FIXTURE:ufo:mtch:1va-03u,2,2
FIXTURE:ufo:mtch:1va-03z,2,2
FIXTURE:ufo:mtch:1va-049,2,2
FIXTURE:ufo:mtch:1va-04b,2,2
FIXTURE:ufo:mtch:1va-06k,2,2
FIXTURE:ufo:mtch:1va-06v,2,2
FIXTURE:ufo:mtch:1va-06y,2,2
FIXTURE:ufo:mtch:1va-07a,2,2
FIXTURE:ufo:mtch:1va-07x,2,2
FIXTURE:ufo:mtch:1va-07y,2,2
FIXTURE:ufo:mtch:1va-07z,2,2
FIXTURE:ufo:mtch:1va-084,2,2
FIXTURE:ufo:mtch:1va-08a,2,2
FIXTURE:ufo:mtch:1va-08b,2,2
FIXTURE:ufo:mtch:1va-08e,2,2
FIXTURE:ufo:mtch:1va-08n,2,2
FIXTURE:ufo:mtch:1va-095,2,2
FIXTURE:ufo:mtch:1va-09l,2,2
FIXTURE:ufo:mtch:1va-09o,2,2
FIXTURE:ufo:mtch:1va-0a5,2,2
FIXTURE:ufo:mtch:1va-0ca,2,2
FIXTURE:ufo:mtch:1va-0cg,2,2
FIXTURE:ufo:mtch:1va-0dl,2,2
FIXTURE:ufo:mtch:1va-0f2,2,2
FIXTURE:ufo:mtch:1va-0ga,2,2
FIXTURE:ufo:mtch:1va-0gb,2,2
FIXTURE:ufo:mtch:1va-0i5,2,2
FIXTURE:ufo:mtch:1va-0i8,2,2
FIXTURE:ufo:mtch:1va-0le,2,2
FIXTURE:ufo:mtch:1va-0ln,2,2
FIXTURE:ufo:mtch:1va-0mh,2,2
FIXTURE:ufo:mtch:1va-0nv,2,2
FIXTURE:ufo:mtch:1va-0ny,2,2
FIXTURE:ufo:mtch:1va-0pd,2,2
FIXTURE:ufo:mtch:1va-0t2,2,2
FIXTURE:ufo:mtch:1va-0tb,2,2
FIXTURE:ufo:mtch:1va-0tc,2,2
FIXTURE:ufo:mtch:1va-0ui,2,2
FIXTURE:ufo:mtch:1va-0v5,2,2
FIXTURE:ufo:mtch:1va-0vb,2,2
FIXTURE:ufo:mtch:1va-0w8,2,2
FIXTURE:ufo:mtch:1va-0wc,2,2
FIXTURE:ufo:mtch:1va-0xk,2,2
FIXTURE:ufo:mtch:1va-0y5,2,2
FIXTURE:ufo:mtch:1va-0yg,2,2
FIXTURE:ufo:mtch:1va-11q,2,2
FIXTURE:ufo:mtch:1va-120,2,2
FIXTURE:ufo:mtch:1va-128,2,2
FIXTURE:ufo:mtch:1va-12c,2,2
FIXTURE:ufo:mtch:1va-12s,2,2
FIXTURE:ufo:mtch:1va-13e,2,2
FIXTURE:ufo:mtch:1va-13q,2,2
FIXTURE:ufo:mtch:1va-13s,2,2
FIXTURE:ufo:mtch:1va-141,2,2
FIXTURE:ufo:mtch:1va-14j,2,2
FIXTURE:ufo:mtch:1va-14o,2,2
FIXTURE:ufo:mtch:1va-14u,2,2
FIXTURE:ufo:mtch:1va-14w,2,2
FIXTURE:ufo:mtch:1va-14x,2,2
FIXTURE:ufo:mtch:1va-15g,2,2
FIXTURE:ufo:mtch:1va-15w,2,2
FIXTURE:ufo:mtch:1va-15x,2,2
FIXTURE:ufo:mtch:1va-161,2,2
FIXTURE:ufo:mtch:1va-163,2,2
FIXTURE:ufo:mtch:1va-167,2,2
FIXTURE:ufo:mtch:1va-168,2,2
FIXTURE:ufo:mtch:1va-16a,2,2
FIXTURE:ufo:mtch:1va-16f,2,2
FIXTURE:ufo:mtch:1va-16i,2,2
FIXTURE:ufo:mtch:1va-16k,2,2
FIXTURE:ufo:mtch:1va-16l,2,2
FIXTURE:ufo:mtch:1va-16n,2,2
FIXTURE:ufo:mtch:1va-16o,2,2
FIXTURE:ufo:mtch:1va-16p,2,2
FIXTURE:ufo:mtch:1va-16v,2,2
FIXTURE:ufo:mtch:1va-16w,2,2
FIXTURE:ufo:mtch:1va-16x,2,2
FIXTURE:ufo:mtch:1va-171,2,2
FIXTURE:ufo:mtch:1va-198,2,2
FIXTURE:ufo:mtch:1va-199,2,2
FIXTURE:ufo:mtch:1va-19a,2,2
FIXTURE:ufo:mtch:1va-19m,2,2
FIXTURE:ufo:mtch:1va-1cr,2,2
FIXTURE:ufo:mtch:1va-1da,2,2
FIXTURE:ufo:mtch:1va-1ds,2,2
FIXTURE:ufo:mtch:1va-1dt,2,2
FIXTURE:ufo:mtch:1va-1dw,2,2
FIXTURE:ufo:mtch:1va-1dx,2,2
FIXTURE:ufo:mtch:1va-1e0,2,2
FIXTURE:ufo:mtch:1va-1e4,2,2
FIXTURE:ufo:mtch:1va-1eg,2,2
FIXTURE:ufo:mtch:1va-1et,2,2
FIXTURE:ufo:mtch:1va-1f0,2,2
FIXTURE:ufo:mtch:1va-1fc,2,2
FIXTURE:ufo:mtch:1va-1fg,2,2
FIXTURE:ufo:mtch:1va-1g5,2,2
FIXTURE:ufo:mtch:1va-1gd,2,2
FIXTURE:ufo:mtch:1va-1gl,2,2
FIXTURE:ufo:mtch:1va-1h3,2,2
FIXTURE:ufo:mtch:1va-1hk,2,2
FIXTURE:ufo:mtch:1va-1r0,2,2
FIXTURE:ufo:mtch:1va-1r9,2,2
FIXTURE:ufo:mtch:1va-1rn,2,2
FIXTURE:ufo:mtch:1va-1rs,2,2
FIXTURE:ufo:mtch:1va-1s0,2,2
FIXTURE:ufo:mtch:1va-1s1,2,2
FIXTURE:ufo:mtch:1va-1s2,2,2
FIXTURE:ufo:mtch:1va-1tp,2,2
FIXTURE:ufo:mtch:1va-1um,2,2
FIXTURE:ufo:mtch:1va-1ut,2,2
FIXTURE:ufo:mtch:1va-1uu,2,2
FIXTURE:ufo:mtch:1va-1wb,2,2
FIXTURE:ufo:mtch:1va-1wv,2,2
FIXTURE:ufo:mtch:1va-1wx,2,2
FIXTURE:ufo:mtch:1va-1x0,2,2
FIXTURE:ufo:mtch:1va-1xj,2,2
FIXTURE:ufo:mtch:1va-1xn,2,2
FIXTURE:ufo:mtch:1va-1y6,2,2
FIXTURE:ufo:mtch:1va-1yb,2,2
FIXTURE:ufo:mtch:1va-1yc,2,2
FIXTURE:ufo:mtch:1va-285,2,2
FIXTURE:ufo:mtch:1va-28k,2,2
FIXTURE:ufo:mtch:1va-28m,2,2
FIXTURE:ufo:mtch:1va-28o,2,2
FIXTURE:ufo:mtch:1va-28p,2,2
FIXTURE:ufo:mtch:1va-2ap,2,2
FIXTURE:ufo:mtch:1va-2c0,2,2
FIXTURE:ufo:mtch:1va-2ci,2,2
FIXTURE:ufo:mtch:1va-2ck,2,2
FIXTURE:ufo:mtch:1va-2cm,2,2
FIXTURE:ufo:mtch:1va-2cq,2,2
FIXTURE:ufo:mtch:1va-2cs,2,2
FIXTURE:ufo:mtch:1va-2d4,2,2
FIXTURE:ufo:mtch:1va-2db,2,2
FIXTURE:ufo:mtch:1va-2dd,2,2
FIXTURE:ufo:mtch:1va-2eq,2,2
FIXTURE:ufo:mtch:1va-2er,2,2
FIXTURE:ufo:mtch:1va-2fp,2,2
FIXTURE:ufo:mtch:1va-2h3,2,2
FIXTURE:ufo:mtch:1va-2hp,2,2
FIXTURE:ufo:mtch:1va-2hq,2,2
FIXTURE:ufo:mtch:1va-2hr,2,2
FIXTURE:ufo:mtch:1va-2hw,2,2
FIXTURE:ufo:mtch:1va-2im,2,2
FIXTURE:ufo:mtch:1va-2it,2,2
FIXTURE:ufo:mtch:1va-2jf,2,2
FIXTURE:ufo:mtch:1va-2lg,2,2
FIXTURE:ufo:mtch:1va-2me,2,2
FIXTURE:ufo:mtch:1va-2n8,2,2
FIXTURE:ufo:mtch:1va-2nd,2,2
FIXTURE:ufo:mtch:1va-2pt,2,2
FIXTURE:ufo:mtch:1va-2q7,2,2
FIXTURE:ufo:mtch:1va-2qb,2,2
FIXTURE:ufo:mtch:1va-2s8,2,2
FIXTURE:ufo:mtch:1va-2s9,2,2
FIXTURE:ufo:mtch:1va-2uz,2,2
FIXTURE:ufo:mtch:1va-2xr,2,2
FIXTURE:ufo:mtch:1va-2xs,2,2
FIXTURE:ufo:mtch:1va-2za,2,2
FIXTURE:ufo:mtch:1va-2zt,2,2
FIXTURE:ufo:mtch:1va-30n,2,2
FIXTURE:ufo:mtch:1vb-005,2,2
FIXTURE:ufo:mtch:1vb-007,2,2
FIXTURE:ufo:mtch:1vb-00e,2,2
FIXTURE:ufo:mtch:1vb-00f,2,2
FIXTURE:ufo:mtch:1vb-00g,2,2
FIXTURE:ufo:mtch:1vb-00h,2,2
FIXTURE:ufo:mtch:1vb-00i,2,2
FIXTURE:ufo:mtch:1vb-00s,2,2
FIXTURE:ufo:mtch:1vb-014,2,2
FIXTURE:ufo:mtch:1vb-015,2,2
FIXTURE:ufo:mtch:1vb-01u,2,2
FIXTURE:ufo:mtch:1vb-02l,2,2
FIXTURE:ufo:mtch:1vb-02n,2,2
FIXTURE:ufo:mtch:1vb-05n,2,2
FIXTURE:ufo:mtch:1vb-05s,2,2
FIXTURE:ufo:mtch:1vb-05u,2,2
FIXTURE:ufo:mtch:1vb-05x,2,2
FIXTURE:ufo:mtch:1vb-05y,2,2
FIXTURE:ufo:mtch:1vb-07a,2,2
FIXTURE:ufo:mtch:1vb-084,2,2
FIXTURE:ufo:mtch:1vb-08j,2,2
FIXTURE:ufo:mtch:1vb-0a0,2,2
FIXTURE:ufo:mtch:1vb-0a8,2,2
FIXTURE:ufo:mtch:1vb-0dv,2,2
FIXTURE:ufo:mtch:1vb-0h1,2,2
FIXTURE:ufo:mtch:1vb-0hk,2,2
FIXTURE:ufo:mtch:1vb-0jz,2,2
FIXTURE:ufo:mtch:1vb-0k0,2,2
FIXTURE:ufo:mtch:1vb-0ks,2,2
FIXTURE:ufo:mtch:1vb-0p7,2,2
FIXTURE:ufo:mtch:1vb-0pi,2,2
FIXTURE:ufo:mtch:1vb-0qh,2,2
FIXTURE:ufo:mtch:1vb-0qi,2,2
FIXTURE:ufo:mtch:1vb-10d,2,2
FIXTURE:ufo:mtch:1vb-128,2,2
FIXTURE:ufo:mtch:1vb-12s,2,2
FIXTURE:ufo:mtch:1vb-137,2,2
FIXTURE:ufo:mtch:1vb-13l,2,2
FIXTURE:ufo:mtch:1vb-18k,2,2
FIXTURE:ufo:mtch:1vb-18n,2,2
FIXTURE:ufo:mtch:1vb-196,2,2
FIXTURE:ufo:mtch:1vb-198,2,2
FIXTURE:ufo:mtch:1vb-19b,2,2
FIXTURE:ufo:mtch:1vb-19p,2,2
FIXTURE:ufo:mtch:1vb-1gp,2,2
FIXTURE:ufo:mtch:1vb-1hu,2,2
FIXTURE:ufo:mtch:1vb-1hy,2,2
FIXTURE:ufo:mtch:1vb-1kl,2,2
FIXTURE:ufo:mtch:1vb-1kn,2,2
FIXTURE:ufo:mtch:1vb-1ld,2,2
FIXTURE:ufo:mtch:1vb-1le,2,2
FIXTURE:ufo:mtch:1vb-1lf,2,2
FIXTURE:ufo:mtch:1vb-1mb,2,2
FIXTURE:ufo:mtch:1vb-1mf,2,2
FIXTURE:ufo:mtch:1vb-1mh,2,2
FIXTURE:ufo:mtch:1vb-1mj,2,2
FIXTURE:ufo:mtch:1vb-1mz,2,2
FIXTURE:ufo:mtch:1vb-1oe,2,2
FIXTURE:ufo:mtch:1vb-1ok,2,2
FIXTURE:ufo:mtch:1vb-1ow,2,2
FIXTURE:ufo:mtch:1vb-1pi,2,2
FIXTURE:ufo:mtch:1vb-1pl,2,2
FIXTURE:ufo:mtch:1vb-1pp,2,2
FIXTURE:ufo:mtch:1vb-1py,2,2
FIXTURE:ufo:mtch:1vb-1q3,2,2
FIXTURE:ufo:mtch:1vb-1qa,2,2
FIXTURE:ufo:mtch:1vb-1r0,2,2
FIXTURE:ufo:mtch:1vb-1r9,2,2
FIXTURE:ufo:mtch:1vb-1um,2,2
FIXTURE:ufo:mtch:1vb-1w4,2,2
FIXTURE:ufo:mtch:1vb-1xn,2,2
FIXTURE:ufo:mtch:1vb-1yc,2,2
FIXTURE:ufo:mtch:1vb-1z1,2,2
FIXTURE:ufo:mtch:1vb-1zx,2,2
FIXTURE:ufo:mtch:1vb-22n,2,2
FIXTURE:ufo:mtch:1vb-23c,2,2
FIXTURE:ufo:mtch:1vb-23g,2,2
FIXTURE:ufo:mtch:1vb-23k,2,2
FIXTURE:ufo:mtch:1vb-26e,2,2
FIXTURE:ufo:mtch:1vb-2cf,2,2
FIXTURE:ufo:mtch:1vb-2dv,2,2
FIXTURE:ufo:mtch:1vb-2ff,2,2
FIXTURE:ufo:mtch:1vb-2gb,2,2
FIXTURE:ufo:mtch:1vb-2gh,2,2
FIXTURE:ufo:mtch:1vb-2gm,2,2
FIXTURE:ufo:mtch:1vb-2i7,2,2
FIXTURE:ufo:mtch:1vb-2l2,2,2
FIXTURE:ufo:mtch:1vb-2md,2,2
FIXTURE:ufo:mtch:1vb-2o1,2,2
FIXTURE:ufo:mtch:1vb-2oz,2,2
FIXTURE:ufo:mtch:1vb-2p3,2,2
FIXTURE:ufo:mtch:1vb-2qk,2,2
FIXTURE:ufo:mtch:1vb-2qq,2,2
FIXTURE:ufo:mtch:1vc-00e,2,2
FIXTURE:ufo:mtch:1vc-00f,2,2
FIXTURE:ufo:mtch:1vc-014,2,2
FIXTURE:ufo:mtch:1vc-01g,2,2
FIXTURE:ufo:mtch:1vc-01i,2,2
FIXTURE:ufo:mtch:1vc-02u,2,2
FIXTURE:ufo:mtch:1vc-02v,2,2
FIXTURE:ufo:mtch:1vc-02z,2,2
FIXTURE:ufo:mtch:1vc-030,2,2
FIXTURE:ufo:mtch:1vc-033,2,2
FIXTURE:ufo:mtch:1vc-034,2,2
FIXTURE:ufo:mtch:1vc-03m,2,2
FIXTURE:ufo:mtch:1vc-03r,2,2
FIXTURE:ufo:mtch:1vc-04z,2,2
FIXTURE:ufo:mtch:1vc-051,2,2
FIXTURE:ufo:mtch:1vc-057,2,2
FIXTURE:ufo:mtch:1vc-05b,2,2
FIXTURE:ufo:mtch:1vc-062,2,2
FIXTURE:ufo:mtch:1vc-06b,2,2
FIXTURE:ufo:mtch:1vc-06k,2,2
FIXTURE:ufo:mtch:1vc-06r,2,2
FIXTURE:ufo:mtch:1vc-06z,2,2
FIXTURE:ufo:mtch:1vc-07e,2,2
FIXTURE:ufo:mtch:1vc-082,2,2
FIXTURE:ufo:mtch:1vc-08b,2,2
FIXTURE:ufo:mtch:1vc-096,2,2
FIXTURE:ufo:mtch:1vc-0a7,2,2
FIXTURE:ufo:mtch:1vc-0ai,2,2
FIXTURE:ufo:mtch:1vc-0ao,2,2
FIXTURE:ufo:mtch:1vc-0b1,2,2
FIXTURE:ufo:mtch:1vc-0ba,2,2
FIXTURE:ufo:mtch:1vc-0bc,2,2
FIXTURE:ufo:mtch:1vc-0bp,2,2
FIXTURE:ufo:mtch:1vc-0bq,2,2
FIXTURE:ufo:mtch:1vc-0bt,2,2
FIXTURE:ufo:mtch:1vc-0bu,2,2
FIXTURE:ufo:mtch:1vc-0c4,2,2
FIXTURE:ufo:mtch:1vc-0d3,2,2
FIXTURE:ufo:mtch:1vc-0dq,2,2
FIXTURE:ufo:mtch:1vc-0e6,2,2
FIXTURE:ufo:mtch:1vc-0ev,2,2
FIXTURE:ufo:mtch:1vc-0ew,2,2
FIXTURE:ufo:mtch:1vc-0fb,2,2
FIXTURE:ufo:mtch:1vc-0fo,2,2
FIXTURE:ufo:mtch:1vc-0fr,2,2
FIXTURE:ufo:mtch:1vc-0fs,2,2
FIXTURE:ufo:mtch:1vc-0g3,2,2
FIXTURE:ufo:mtch:1vc-0g4,2,2
FIXTURE:ufo:mtch:1vc-0h7,2,2
FIXTURE:ufo:mtch:1vc-0li,2,2
FIXTURE:ufo:mtch:1vc-0lw,2,2
FIXTURE:ufo:mtch:1vc-0m6,2,2
FIXTURE:ufo:mtch:1vc-0sk,2,2
FIXTURE:ufo:mtch:1vc-0tl,2,2
FIXTURE:ufo:mtch:1vc-0tm,2,2
FIXTURE:ufo:mtch:1vc-0wv,2,2
FIXTURE:ufo:mtch:1vc-0x8,2,2
FIXTURE:ufo:mtch:1vc-0x9,2,2
FIXTURE:ufo:mtch:1vc-0xn,2,2
FIXTURE:ufo:mtch:1vc-0zo,2,2
FIXTURE:ufo:mtch:1vc-0zr,2,2
FIXTURE:ufo:mtch:1vc-10i,2,2
FIXTURE:ufo:mtch:1vc-121,2,2
FIXTURE:ufo:mtch:1vc-12l,2,2
FIXTURE:ufo:mtch:1vc-17w,2,2
FIXTURE:ufo:mtch:1vc-17x,2,2
FIXTURE:ufo:mtch:1vc-180,2,2
FIXTURE:ufo:mtch:1vc-186,2,2
FIXTURE:ufo:mtch:1vc-1c5,2,2
FIXTURE:ufo:mtch:1vc-1c7,2,2
FIXTURE:ufo:mtch:1vc-1c9,2,2
FIXTURE:ufo:mtch:1vc-1ch,2,2
FIXTURE:ufo:mtch:1vc-1cj,2,2
FIXTURE:ufo:mtch:1vc-1d5,2,2
FIXTURE:ufo:mtch:1vc-1d7,2,2
FIXTURE:ufo:mtch:1vc-1de,2,2
FIXTURE:ufo:mtch:1vc-1di,2,2
FIXTURE:ufo:mtch:1vc-1do,2,2
FIXTURE:ufo:mtch:1vc-1et,2,2
FIXTURE:ufo:mtch:1vc-1fe,2,2
FIXTURE:ufo:mtch:1vc-1hc,2,2
FIXTURE:ufo:mtch:1vc-1ig,2,2
FIXTURE:ufo:mtch:1vc-1jo,2,2
FIXTURE:ufo:mtch:1vc-1k5,2,2
FIXTURE:ufo:mtch:1vc-1nb,2,2
FIXTURE:ufo:mtch:1vc-1oi,2,2
FIXTURE:ufo:mtch:1vc-1pm,2,2
FIXTURE:ufo:mtch:1vc-1ps,2,2
FIXTURE:ufo:mtch:1vc-1px,2,2
FIXTURE:ufo:mtch:1vc-1ry,2,2
FIXTURE:ufo:mtch:1vc-1th,2,2
FIXTURE:ufo:mtch:1vc-1ty,2,2
FIXTURE:ufo:mtch:1vc-1u6,2,2
FIXTURE:ufo:mtch:1vc-1uf,2,2
FIXTURE:ufo:mtch:1vc-1ug,2,2
FIXTURE:ufo:mtch:1vc-1ul,2,2
FIXTURE:ufo:mtch:1vc-1um,2,2
FIXTURE:ufo:mtch:1vc-1ut,2,2
FIXTURE:ufo:mtch:1vc-1wu,2,2
FIXTURE:ufo:mtch:1vc-22w,2,2
FIXTURE:ufo:mtch:1vc-272,2,2
FIXTURE:ufo:mtch:1vc-27b,2,2
FIXTURE:ufo:mtch:1vc-29r,2,2
FIXTURE:ufo:mtch:1vc-29t,2,2
FIXTURE:ufo:mtch:1vc-29x,2,2
FIXTURE:ufo:mtch:1vc-2ao,2,2
FIXTURE:ufo:mtch:1vc-2bi,2,2
FIXTURE:ufo:mtch:1vc-2cx,2,2
FIXTURE:ufo:mtch:1vc-2d2,2,2
FIXTURE:ufo:mtch:1vc-2dl,2,2
FIXTURE:ufo:mtch:1vc-2hh,2,2
FIXTURE:ufo:mtch:1vc-2hr,2,2
FIXTURE:ufo:mtch:1vc-2hv,2,2
FIXTURE:ufo:mtch:1vc-2hx,2,2
FIXTURE:ufo:mtch:1vc-2i7,2,2
FIXTURE:ufo:mtch:1vc-2k8,2,2
FIXTURE:ufo:mtch:1vc-2kh,2,2
FIXTURE:ufo:mtch:1vc-2ks,2,2
FIXTURE:ufo:mtch:1vc-2kz,2,2
FIXTURE:ufo:mtch:1vc-2n1,2,2
FIXTURE:ufo:mtch:1vc-2v7,2,2
FIXTURE:ufo:mtch:1vd-001,2,2
FIXTURE:ufo:mtch:1vd-00j,2,2
FIXTURE:ufo:mtch:1vd-01a,2,2
FIXTURE:ufo:mtch:1vd-026,2,2
FIXTURE:ufo:mtch:1vd-03c,2,2
FIXTURE:ufo:mtch:1vd-03g,2,2
FIXTURE:ufo:mtch:1vd-03i,2,2
FIXTURE:ufo:mtch:1vd-03m,2,2
FIXTURE:ufo:mtch:1vd-03n,2,2
FIXTURE:ufo:mtch:1vd-03o,2,2
FIXTURE:ufo:mtch:1vd-03p,2,2
FIXTURE:ufo:mtch:1vd-045,2,2
FIXTURE:ufo:mtch:1vd-04j,2,2
FIXTURE:ufo:mtch:1vd-05m,2,2
FIXTURE:ufo:mtch:1vd-06g,2,2
FIXTURE:ufo:mtch:1vd-06h,2,2
FIXTURE:ufo:mtch:1vd-06p,2,2
FIXTURE:ufo:mtch:1vd-06t,2,2
FIXTURE:ufo:mtch:1vd-079,2,2
FIXTURE:ufo:mtch:1vd-07e,2,2
FIXTURE:ufo:mtch:1vd-07f,2,2
FIXTURE:ufo:mtch:1vd-07i,2,2
FIXTURE:ufo:mtch:1vd-096,2,2
FIXTURE:ufo:mtch:1vd-09l,2,2
FIXTURE:ufo:mtch:1vd-09v,2,2
FIXTURE:ufo:mtch:1vd-0a5,2,2
FIXTURE:ufo:mtch:1vd-0a6,2,2
FIXTURE:ufo:mtch:1vd-0bb,2,2
FIXTURE:ufo:mtch:1vd-0bf,2,2
FIXTURE:ufo:mtch:1vd-0bh,2,2
FIXTURE:ufo:mtch:1vd-0bp,2,2
FIXTURE:ufo:mtch:1vd-0bz,2,2
FIXTURE:ufo:mtch:1vd-0c6,2,2
FIXTURE:ufo:mtch:1vd-0c9,2,2
FIXTURE:ufo:mtch:1vd-0ca,2,2
FIXTURE:ufo:mtch:1vd-0d3,2,2
FIXTURE:ufo:mtch:1vd-0d4,2,2
FIXTURE:ufo:mtch:1vd-0dd,2,2
FIXTURE:ufo:mtch:1vd-0dn,2,2
FIXTURE:ufo:mtch:1vd-0dp,2,2
FIXTURE:ufo:mtch:1vd-0e0,2,2
FIXTURE:ufo:mtch:1vd-0f2,2,2
FIXTURE:ufo:mtch:1vd-0fb,2,2
FIXTURE:ufo:mtch:1vd-0fl,2,2
FIXTURE:ufo:mtch:1vd-0fn,2,2
FIXTURE:ufo:mtch:1vd-0hv,2,2
FIXTURE:ufo:mtch:1vd-0ie,2,2
FIXTURE:ufo:mtch:1vd-0ii,2,2
FIXTURE:ufo:mtch:1vd-0il,2,2
FIXTURE:ufo:mtch:1vd-0in,2,2
FIXTURE:ufo:mtch:1vd-0it,2,2
FIXTURE:ufo:mtch:1vd-0j1,2,2
FIXTURE:ufo:mtch:1vd-0ja,2,2
FIXTURE:ufo:mtch:1vd-0jq,2,2
FIXTURE:ufo:mtch:1vd-0k1,2,2
FIXTURE:ufo:mtch:1vd-0k3,2,2
FIXTURE:ufo:mtch:1vd-0k7,2,2
FIXTURE:ufo:mtch:1vd-0l0,2,2
FIXTURE:ufo:mtch:1vd-0l3,2,2
FIXTURE:ufo:mtch:1vd-0l4,2,2
FIXTURE:ufo:mtch:1vd-0l9,2,2
FIXTURE:ufo:mtch:1vd-0m3,2,2
FIXTURE:ufo:mtch:1vd-0mc,2,2
FIXTURE:ufo:mtch:1vd-0mu,2,2
FIXTURE:ufo:mtch:1vd-0n5,2,2
FIXTURE:ufo:mtch:1vd-0nn,2,2
FIXTURE:ufo:mtch:1vd-0o3,2,2
FIXTURE:ufo:mtch:1vd-0o6,2,2
FIXTURE:ufo:mtch:1vd-0o8,2,2
FIXTURE:ufo:mtch:1vd-0oi,2,2
FIXTURE:ufo:mtch:1vd-0ol,2,2
FIXTURE:ufo:mtch:1vd-0oz,2,2
FIXTURE:ufo:mtch:1vd-0p3,2,2
FIXTURE:ufo:mtch:1vd-0pa,2,2
FIXTURE:ufo:mtch:1vd-0pi,2,2
FIXTURE:ufo:mtch:1vd-0pv,2,2
FIXTURE:ufo:mtch:1vd-0q0,2,2
FIXTURE:ufo:mtch:1vd-0q5,2,2
FIXTURE:ufo:mtch:1vd-0r2,2,2
FIXTURE:ufo:mtch:1vd-0rh,2,2
FIXTURE:ufo:mtch:1vd-0s2,2,2
FIXTURE:ufo:mtch:1vd-0sw,2,2
FIXTURE:ufo:mtch:1vd-0t3,2,2
FIXTURE:ufo:mtch:1vd-0t7,2,2
FIXTURE:ufo:mtch:1vd-0tf,2,2
FIXTURE:ufo:mtch:1vd-0tt,2,2
FIXTURE:ufo:mtch:1vd-0u0,2,2
FIXTURE:ufo:mtch:1vd-0uh,2,2
FIXTURE:ufo:mtch:1vd-0ur,2,2
FIXTURE:ufo:mtch:1vd-0uu,2,2
FIXTURE:ufo:mtch:1vd-0uw,2,2
FIXTURE:ufo:mtch:1vd-0vd,2,2
FIXTURE:ufo:mtch:1vd-0vq,2,2
FIXTURE:ufo:mtch:1vd-0x4,2,2
FIXTURE:ufo:mtch:1vd-0xl,2,2
FIXTURE:ufo:mtch:1vd-0xq,2,2
FIXTURE:ufo:mtch:1vd-0y6,2,2
FIXTURE:ufo:mtch:1vd-0yp,2,2
FIXTURE:ufo:mtch:1vd-0zn,2,2
FIXTURE:ufo:mtch:1vd-0zo,2,2
FIXTURE:ufo:mtch:1vd-0zq,2,2
FIXTURE:ufo:mtch:1vd-10q,2,2
FIXTURE:ufo:mtch:1vd-120,2,2
FIXTURE:ufo:mtch:1vd-12i,2,2
FIXTURE:ufo:mtch:1vd-12l,2,2
FIXTURE:ufo:mtch:1vd-15z,2,2
FIXTURE:ufo:mtch:1vd-17a,2,2
FIXTURE:ufo:mtch:1vd-17b,2,2
FIXTURE:ufo:mtch:1vd-17d,2,2
FIXTURE:ufo:mtch:1vd-17e,2,2
FIXTURE:ufo:mtch:1vd-17m,2,2
FIXTURE:ufo:mtch:1vd-17n,2,2
FIXTURE:ufo:mtch:1vd-17p,2,2
FIXTURE:ufo:mtch:1vd-1b4,2,2
FIXTURE:ufo:mtch:1vd-1cq,2,2
FIXTURE:ufo:mtch:1vd-1gb,2,2
FIXTURE:ufo:mtch:1vd-1oj,2,2
FIXTURE:ufo:mtch:1vd-1p2,2,2
FIXTURE:ufo:mtch:1vd-1pf,2,2
FIXTURE:ufo:mtch:1vd-1pp,2,2
FIXTURE:ufo:mtch:1vd-1pq,2,2
FIXTURE:ufo:mtch:1vd-1pt,2,2
FIXTURE:ufo:mtch:1vd-1px,2,2
FIXTURE:ufo:mtch:1vd-1uq,2,2
FIXTURE:ufo:mtch:1vd-20j,2,2
FIXTURE:ufo:mtch:1vd-20u,2,2
FIXTURE:ufo:mtch:1vd-20v,2,2
FIXTURE:ufo:mtch:1vd-213,2,2
FIXTURE:ufo:mtch:1vd-24r,2,2
FIXTURE:ufo:mtch:1vd-25k,2,2
FIXTURE:ufo:mtch:1vd-25l,2,2
FIXTURE:ufo:mtch:1vd-266,2,2
FIXTURE:ufo:mtch:1vd-268,2,2
FIXTURE:ufo:mtch:1vd-26d,2,2
FIXTURE:ufo:mtch:1vd-26y,2,2
FIXTURE:ufo:mtch:1vd-278,2,2
FIXTURE:ufo:mtch:1vd-288,2,2
FIXTURE:ufo:mtch:1vd-28b,2,2
FIXTURE:ufo:mtch:1vd-28d,2,2
FIXTURE:ufo:mtch:1vd-28f,2,2
FIXTURE:ufo:mtch:1vd-28u,2,2
FIXTURE:ufo:mtch:1vd-28x,2,2
FIXTURE:ufo:mtch:1vd-28z,2,2
FIXTURE:ufo:mtch:1vd-291,2,2
FIXTURE:ufo:mtch:1vd-29d,2,2
FIXTURE:ufo:mtch:1vd-2ba,2,2
FIXTURE:ufo:mtch:1vd-2be,2,2
FIXTURE:ufo:mtch:1vd-2c7,2,2
FIXTURE:ufo:mtch:1vd-2di,2,2
FIXTURE:ufo:mtch:1vd-2dk,2,2
FIXTURE:ufo:mtch:1vd-2dr,2,2
FIXTURE:ufo:mtch:1vd-2f6,2,2
FIXTURE:ufo:mtch:1vd-2h2,2,2
FIXTURE:ufo:mtch:1vd-2in,2,2
FIXTURE:ufo:mtch:1vd-2jk,2,2
FIXTURE:ufo:mtch:1vd-2kk,2,2
FIXTURE:ufo:mtch:1vd-2kz,2,2
FIXTURE:ufo:mtch:1vd-2mk,2,2
FIXTURE:ufo:mtch:1vd-2mo,2,2
FIXTURE:ufo:mtch:1vd-2mq,2,2
FIXTURE:ufo:mtch:1vd-2o5,2,2
FIXTURE:ufo:mtch:1vd-30b,2,2
FIXTURE:ufo:mtch:1vd-313,2,2
FIXTURE:ufo:mtch:1vd-31j,2,2
FIXTURE:ufo:mtch:1vd-31r,2,2
FIXTURE:ufo:mtch:1vd-31s,2,2
FIXTURE:ufo:mtch:1vd-33c,2,2
FIXTURE:ufo:mtch:1vd-33h,2,2
FIXTURE:ufo:mtch:1vd-341,2,2
FIXTURE:ufo:mtch:1vd-368,2,2
FIXTURE:ufo:mtch:1vd-3a8,2,2
FIXTURE:ufo:mtch:1vd-3ab,2,2
FIXTURE:ufo:mtch:1vd-3ae,2,2
FIXTURE:ufo:mtch:1vd-3an,2,2
FIXTURE:ufo:mtch:1vd-3ap,2,2
FIXTURE:ufo:mtch:1vd-3ax,2,2
FIXTURE:ufo:mtch:1vd-3ch,2,2
FIXTURE:ufo:mtch:1vd-3fj,2,2
FIXTURE:ufo:mtch:1vd-3fs,2,2
FIXTURE:ufo:mtch:1vd-3la,2,2
FIXTURE:ufo:mtch:1vd-3lo,2,2
FIXTURE:ufo:mtch:1vd-3ol,2,2
FIXTURE:ufo:mtch:1vd-3rc,2,2
FIXTURE:ufo:mtch:1vd-3u2,2,2
FIXTURE:ufo:mtch:1vd-3ud,2,2
FIXTURE:ufo:mtch:1vd-3ue,2,2
FIXTURE:ufo:mtch:1ve-010,2,2
FIXTURE:ufo:mtch:1ve-01l,2,2
FIXTURE:ufo:mtch:1ve-01m,2,2
FIXTURE:ufo:mtch:1ve-02j,2,2
FIXTURE:ufo:mtch:1ve-02t,2,2
FIXTURE:ufo:mtch:1ve-02w,2,2
FIXTURE:ufo:mtch:1ve-036,2,2
FIXTURE:ufo:mtch:1ve-037,2,2
FIXTURE:ufo:mtch:1ve-03c,2,2
FIXTURE:ufo:mtch:1ve-03p,2,2
FIXTURE:ufo:mtch:1ve-03s,2,2
FIXTURE:ufo:mtch:1ve-04c,2,2
FIXTURE:ufo:mtch:1ve-04i,2,2
FIXTURE:ufo:mtch:1ve-04z,2,2
FIXTURE:ufo:mtch:1ve-050,2,2
FIXTURE:ufo:mtch:1ve-051,2,2
FIXTURE:ufo:mtch:1ve-05g,2,2
FIXTURE:ufo:mtch:1ve-05s,2,2
FIXTURE:ufo:mtch:1ve-05u,2,2
FIXTURE:ufo:mtch:1ve-066,2,2
FIXTURE:ufo:mtch:1ve-06w,2,2
FIXTURE:ufo:mtch:1ve-072,2,2
FIXTURE:ufo:mtch:1ve-076,2,2
FIXTURE:ufo:mtch:1ve-078,2,2
FIXTURE:ufo:mtch:1ve-079,2,2
FIXTURE:ufo:mtch:1ve-07e,2,2
FIXTURE:ufo:mtch:1ve-07f,2,2
FIXTURE:ufo:mtch:1ve-07s,2,2
FIXTURE:ufo:mtch:1ve-07t,2,2
FIXTURE:ufo:mtch:1ve-07u,2,2
FIXTURE:ufo:mtch:1ve-080,2,2
FIXTURE:ufo:mtch:1ve-084,2,2
FIXTURE:ufo:mtch:1ve-085,2,2
FIXTURE:ufo:mtch:1ve-086,2,2
FIXTURE:ufo:mtch:1ve-089,2,2
FIXTURE:ufo:mtch:1ve-08p,2,2
FIXTURE:ufo:mtch:1ve-08s,2,2
FIXTURE:ufo:mtch:1ve-092,2,2
FIXTURE:ufo:mtch:1ve-09p,2,2
FIXTURE:ufo:mtch:1ve-09r,2,2
FIXTURE:ufo:mtch:1ve-09y,2,2
FIXTURE:ufo:mtch:1ve-0a7,2,2
FIXTURE:ufo:mtch:1ve-0ad,2,2
FIXTURE:ufo:mtch:1ve-0am,2,2
FIXTURE:ufo:mtch:1ve-0by,2,2
FIXTURE:ufo:mtch:1ve-0c2,2,2
FIXTURE:ufo:mtch:1ve-0cd,2,2
FIXTURE:ufo:mtch:1ve-0ch,2,2
FIXTURE:ufo:mtch:1ve-0dl,2,2
FIXTURE:ufo:mtch:1ve-0dq,2,2
FIXTURE:ufo:mtch:1ve-0ek,2,2
FIXTURE:ufo:mtch:1ve-0el,2,2
FIXTURE:ufo:mtch:1ve-0f9,2,2
FIXTURE:ufo:mtch:1ve-0fb,2,2
FIXTURE:ufo:mtch:1ve-0fk,2,2
FIXTURE:ufo:mtch:1ve-0gr,2,2
FIXTURE:ufo:mtch:1ve-0gs,2,2
FIXTURE:ufo:mtch:1ve-0h3,2,2
FIXTURE:ufo:mtch:1ve-0ha,2,2
FIXTURE:ufo:mtch:1ve-0hf,2,2
FIXTURE:ufo:mtch:1ve-0ij,2,2
FIXTURE:ufo:mtch:1ve-0k6,2,2
FIXTURE:ufo:mtch:1ve-0kt,2,2
FIXTURE:ufo:mtch:1ve-0m1,2,2
FIXTURE:ufo:mtch:1ve-0mh,2,2
FIXTURE:ufo:mtch:1ve-0n4,2,2
FIXTURE:ufo:mtch:1ve-0nd,2,2
FIXTURE:ufo:mtch:1ve-0o0,2,2
FIXTURE:ufo:mtch:1ve-0os,2,2
FIXTURE:ufo:mtch:1ve-0pc,2,2
FIXTURE:ufo:mtch:1ve-0pu,2,2
FIXTURE:ufo:mtch:1ve-0q3,2,2
FIXTURE:ufo:mtch:1ve-0qt,2,2
FIXTURE:ufo:mtch:1ve-0qx,2,2
FIXTURE:ufo:mtch:1ve-0vg,2,2
FIXTURE:ufo:mtch:1ve-0vh,2,2
FIXTURE:ufo:mtch:1ve-0vq,2,2
FIXTURE:ufo:mtch:1ve-0vw,2,2
FIXTURE:ufo:mtch:1ve-0wg,2,2
FIXTURE:ufo:mtch:1ve-0x6,2,2
FIXTURE:ufo:mtch:1ve-0zb,2,2
FIXTURE:ufo:mtch:1ve-0ze,2,2
FIXTURE:ufo:mtch:1ve-11c,2,2
FIXTURE:ufo:mtch:1ve-139,2,2
FIXTURE:ufo:mtch:1ve-13g,2,2
FIXTURE:ufo:mtch:1ve-13l,2,2
FIXTURE:ufo:mtch:1ve-141,2,2
FIXTURE:ufo:mtch:1ve-182,2,2
FIXTURE:ufo:mtch:1ve-18z,2,2
FIXTURE:ufo:mtch:1ve-191,2,2
FIXTURE:ufo:mtch:1ve-197,2,2
FIXTURE:ufo:mtch:1ve-19c,2,2
FIXTURE:ufo:mtch:1ve-19h,2,2
FIXTURE:ufo:mtch:1ve-19s,2,2
FIXTURE:ufo:mtch:1ve-1a0,2,2
FIXTURE:ufo:mtch:1ve-1ax,2,2
FIXTURE:ufo:mtch:1ve-1b2,2,2
FIXTURE:ufo:mtch:1ve-1bc,2,2
FIXTURE:ufo:mtch:1ve-1be,2,2
FIXTURE:ufo:mtch:1ve-1bn,2,2
FIXTURE:ufo:mtch:1ve-1c3,2,2
FIXTURE:ufo:mtch:1ve-1cq,2,2
FIXTURE:ufo:mtch:1ve-1ct,2,2
FIXTURE:ufo:mtch:1ve-1dg,2,2
FIXTURE:ufo:mtch:1ve-1dn,2,2
FIXTURE:ufo:mtch:1ve-1ee,2,2
FIXTURE:ufo:mtch:1ve-1f0,2,2
FIXTURE:ufo:mtch:1ve-1px,2,2
FIXTURE:ufo:mtch:1ve-1qt,2,2
FIXTURE:ufo:mtch:1ve-1ra,2,2
FIXTURE:ufo:mtch:1ve-1rj,2,2
FIXTURE:ufo:mtch:1ve-1ty,2,2
FIXTURE:ufo:mtch:1ve-1u2,2,2
FIXTURE:ufo:mtch:1ve-1vb,2,2
FIXTURE:ufo:mtch:1ve-1w5,2,2
FIXTURE:ufo:mtch:1ve-1y4,2,2
FIXTURE:ufo:mtch:1ve-1zw,2,2
FIXTURE:ufo:mtch:1ve-200,2,2
FIXTURE:ufo:mtch:1ve-20j,2,2
FIXTURE:ufo:mtch:1ve-20q,2,2
FIXTURE:ufo:mtch:1ve-23e,2,2
FIXTURE:ufo:mtch:1ve-23f,2,2
FIXTURE:ufo:mtch:1ve-245,2,2
FIXTURE:ufo:mtch:1ve-24i,2,2
FIXTURE:ufo:mtch:1ve-24k,2,2
FIXTURE:ufo:mtch:1ve-250,2,2
FIXTURE:ufo:mtch:1ve-253,2,2
FIXTURE:ufo:mtch:1ve-259,2,2
FIXTURE:ufo:mtch:1ve-25k,2,2
FIXTURE:ufo:mtch:1ve-268,2,2
FIXTURE:ufo:mtch:1ve-269,2,2
FIXTURE:ufo:mtch:1ve-26a,2,2
FIXTURE:ufo:mtch:1ve-26k,2,2
FIXTURE:ufo:mtch:1ve-26v,2,2
FIXTURE:ufo:mtch:1ve-271,2,2
FIXTURE:ufo:mtch:1ve-27m,2,2
FIXTURE:ufo:mtch:1ve-27q,2,2
FIXTURE:ufo:mtch:1ve-27r,2,2
FIXTURE:ufo:mtch:1ve-27t,2,2
FIXTURE:ufo:mtch:1ve-27u,2,2
FIXTURE:ufo:mtch:1ve-27v,2,2
FIXTURE:ufo:mtch:1ve-29l,2,2
FIXTURE:ufo:mtch:1ve-2b3,2,2
FIXTURE:ufo:mtch:1ve-2b7,2,2
FIXTURE:ufo:mtch:1ve-2c6,2,2
FIXTURE:ufo:mtch:1ve-2ce,2,2
FIXTURE:ufo:mtch:1ve-2da,2,2
FIXTURE:ufo:mtch:1ve-2dh,2,2
FIXTURE:ufo:mtch:1ve-2dj,2,2
FIXTURE:ufo:mtch:1ve-2dx,2,2
FIXTURE:ufo:mtch:1ve-2dz,2,2
FIXTURE:ufo:mtch:1ve-2ey,2,2
FIXTURE:ufo:mtch:1ve-2h1,2,2
FIXTURE:ufo:mtch:1ve-2h2,2,2
FIXTURE:ufo:mtch:1ve-2h6,2,2
FIXTURE:ufo:mtch:1ve-2hn,2,2
FIXTURE:ufo:mtch:1ve-2ht,2,2
FIXTURE:ufo:mtch:1ve-2hz,2,2
FIXTURE:ufo:mtch:1ve-2i6,2,2
FIXTURE:ufo:mtch:1ve-2ju,2,2
FIXTURE:ufo:mtch:1ve-2k0,2,2
FIXTURE:ufo:mtch:1ve-2k3,2,2
FIXTURE:ufo:mtch:1ve-2k9,2,2
FIXTURE:ufo:mtch:1ve-2kc,2,2
FIXTURE:ufo:mtch:1ve-2kf,2,2
FIXTURE:ufo:mtch:1ve-2kg,2,2
FIXTURE:ufo:mtch:1ve-2kh,2,2
FIXTURE:ufo:mtch:1ve-2np,2,2
FIXTURE:ufo:mtch:1ve-2nv,2,2
FIXTURE:ufo:mtch:1ve-2o5,2,2
FIXTURE:ufo:mtch:1ve-2qm,2,2
FIXTURE:ufo:mtch:1ve-2sa,2,2
FIXTURE:ufo:mtch:1ve-2uo,2,2
FIXTURE:ufo:mtch:1ve-2v4,2,2
FIXTURE:ufo:mtch:1ve-2x5,2,2
FIXTURE:ufo:mtch:1ve-2xc,2,2
FIXTURE:ufo:mtch:1ve-316,2,2
FIXTURE:ufo:mtch:1ve-319,2,2
FIXTURE:ufo:mtch:1ve-31y,2,2
FIXTURE:ufo:mtch:1ve-334,2,2
FIXTURE:ufo:mtch:1ve-347,2,2
FIXTURE:ufo:mtch:1ve-34z,2,2
FIXTURE:ufo:mtch:1ve-38h,2,2
FIXTURE:ufo:mtch:1vf-003,2,2
FIXTURE:ufo:mtch:1vf-00l,2,2
FIXTURE:ufo:mtch:1vf-00u,2,2
FIXTURE:ufo:mtch:1vf-00v,2,2
FIXTURE:ufo:mtch:1vf-00w,2,2
FIXTURE:ufo:mtch:1vf-011,2,2
FIXTURE:ufo:mtch:1vf-01y,2,2
FIXTURE:ufo:mtch:1vf-02n,2,2
FIXTURE:ufo:mtch:1vf-02s,2,2
FIXTURE:ufo:mtch:1vf-02v,2,2
FIXTURE:ufo:mtch:1vf-02w,2,2
FIXTURE:ufo:mtch:1vf-037,2,2
FIXTURE:ufo:mtch:1vf-03h,2,2
FIXTURE:ufo:mtch:1vf-03t,2,2
FIXTURE:ufo:mtch:1vf-03y,2,2
FIXTURE:ufo:mtch:1vf-040,2,2
FIXTURE:ufo:mtch:1vf-044,2,2
FIXTURE:ufo:mtch:1vf-047,2,2
FIXTURE:ufo:mtch:1vf-04k,2,2
FIXTURE:ufo:mtch:1vf-04w,2,2
FIXTURE:ufo:mtch:1vf-04y,2,2
FIXTURE:ufo:mtch:1vf-05q,2,2
FIXTURE:ufo:mtch:1vf-062,2,2
FIXTURE:ufo:mtch:1vf-075,2,2
FIXTURE:ufo:mtch:1vf-0a8,2,2
FIXTURE:ufo:mtch:1vf-0aa,2,2
FIXTURE:ufo:mtch:1vf-0b1,2,2
FIXTURE:ufo:mtch:1vf-0fh,2,2
FIXTURE:ufo:mtch:1vf-0fm,2,2
FIXTURE:ufo:mtch:1vf-0h8,2,2
FIXTURE:ufo:mtch:1vf-0l5,2,2
FIXTURE:ufo:mtch:1vf-0l6,2,2
FIXTURE:ufo:mtch:1vf-0l9,2,2
FIXTURE:ufo:mtch:1vf-0lx,2,2
FIXTURE:ufo:mtch:1vf-0ly,2,2
FIXTURE:ufo:mtch:1vf-0m3,2,2
FIXTURE:ufo:mtch:1vf-0qt,2,2
FIXTURE:ufo:mtch:1vf-0zu,2,2
FIXTURE:ufo:mtch:1vf-15b,2,2
FIXTURE:ufo:mtch:1vf-17i,2,2
FIXTURE:ufo:mtch:1vf-17p,2,2
FIXTURE:ufo:mtch:1vf-17q,2,2
FIXTURE:ufo:mtch:1vf-181,2,2
FIXTURE:ufo:mtch:1vf-186,2,2
FIXTURE:ufo:mtch:1vf-18d,2,2
FIXTURE:ufo:mtch:1vf-18e,2,2
FIXTURE:ufo:mtch:1vf-18v,2,2
FIXTURE:ufo:mtch:1vf-18x,2,2
FIXTURE:ufo:mtch:1vf-192,2,2
FIXTURE:ufo:mtch:1vf-193,2,2
FIXTURE:ufo:mtch:1vf-195,2,2
FIXTURE:ufo:mtch:1vf-19t,2,2
FIXTURE:ufo:mtch:1vf-1ag,2,2
FIXTURE:ufo:mtch:1vf-1b7,2,2
FIXTURE:ufo:mtch:1vf-1bd,2,2
FIXTURE:ufo:mtch:1vf-1bf,2,2
FIXTURE:ufo:mtch:1vf-1bg,2,2
FIXTURE:ufo:mtch:1vf-1bz,2,2
FIXTURE:ufo:mtch:1vf-1c5,2,2
FIXTURE:ufo:mtch:1vf-1cb,2,2
FIXTURE:ufo:mtch:1vf-1cl,2,2
FIXTURE:ufo:mtch:1vf-1el,2,2
FIXTURE:ufo:mtch:1vf-1fi,2,2
FIXTURE:ufo:mtch:1vf-1g6,2,2
FIXTURE:ufo:mtch:1vf-1gh,2,2
FIXTURE:ufo:mtch:1vf-1i0,2,2
FIXTURE:ufo:mtch:1vf-1k0,2,2
FIXTURE:ufo:mtch:1vf-1k6,2,2
FIXTURE:ufo:mtch:1vf-1ki,2,2
FIXTURE:ufo:mtch:1vf-1nc,2,2
FIXTURE:ufo:mtch:1vf-1nk,2,2
FIXTURE:ufo:mtch:1vf-1nl,2,2
FIXTURE:ufo:mtch:1vf-1np,2,2
FIXTURE:ufo:mtch:1vf-1o3,2,2
FIXTURE:ufo:mtch:1vf-1on,2,2
FIXTURE:ufo:mtch:1vf-1oo,2,2
FIXTURE:ufo:mtch:1vf-1oq,2,2
FIXTURE:ufo:mtch:1vf-1or,2,2
FIXTURE:ufo:mtch:1vf-1os,2,2
FIXTURE:ufo:mtch:1vf-1ot,2,2
FIXTURE:ufo:mtch:1vf-1q3,2,2
FIXTURE:ufo:mtch:1vf-1q5,2,2
FIXTURE:ufo:mtch:1vf-1qw,2,2
FIXTURE:ufo:mtch:1vf-1ut,2,2
FIXTURE:ufo:mtch:1vf-1vi,2,2
FIXTURE:ufo:mtch:1vf-1x2,2,2
FIXTURE:ufo:mtch:1vf-208,2,2
FIXTURE:ufo:mtch:1vf-20y,2,2
FIXTURE:ufo:mtch:1vf-21p,2,2
FIXTURE:ufo:mtch:1vf-256,2,2
FIXTURE:ufo:mtch:1vf-259,2,2
FIXTURE:ufo:mtch:1vf-25a,2,2
FIXTURE:ufo:mtch:1vf-25v,2,2
FIXTURE:ufo:mtch:1vf-268,2,2
FIXTURE:ufo:mtch:1vf-281,2,2
FIXTURE:ufo:mtch:1vf-2dn,2,2
FIXTURE:ufo:mtch:1vf-2eo,2,2
FIXTURE:ufo:mtch:1vf-2er,2,2
FIXTURE:ufo:mtch:1vf-2kv,2,2
FIXTURE:ufo:mtch:1vf-2lb,2,2
FIXTURE:ufo:mtch:1vf-2ms,2,2
FIXTURE:ufo:mtch:1vf-2n1,2,2
FIXTURE:ufo:mtch:1vf-2n9,2,2
FIXTURE:ufo:mtch:1vf-2nl,2,2
FIXTURE:ufo:mtch:1vf-2qx,2,2
FIXTURE:ufo:mtch:1vg-00b,2,2
FIXTURE:ufo:mtch:1vg-00q,2,2
FIXTURE:ufo:mtch:1vg-00v,2,2
FIXTURE:ufo:mtch:1vg-00w,2,2
FIXTURE:ufo:mtch:1vg-01m,2,2
FIXTURE:ufo:mtch:1vg-01y,2,2
FIXTURE:ufo:mtch:1vg-01z,2,2
FIXTURE:ufo:mtch:1vg-024,2,2
FIXTURE:ufo:mtch:1vg-029,2,2
FIXTURE:ufo:mtch:1vg-02g,2,2
FIXTURE:ufo:mtch:1vg-03e,2,2
FIXTURE:ufo:mtch:1vg-03x,2,2
FIXTURE:ufo:mtch:1vg-047,2,2
FIXTURE:ufo:mtch:1vg-049,2,2
FIXTURE:ufo:mtch:1vg-05o,2,2
FIXTURE:ufo:mtch:1vg-05u,2,2
FIXTURE:ufo:mtch:1vg-06c,2,2
FIXTURE:ufo:mtch:1vg-06p,2,2
FIXTURE:ufo:mtch:1vg-06q,2,2
FIXTURE:ufo:mtch:1vg-06s,2,2
FIXTURE:ufo:mtch:1vg-06w,2,2
FIXTURE:ufo:mtch:1vg-07d,2,2
FIXTURE:ufo:mtch:1vg-07e,2,2
FIXTURE:ufo:mtch:1vg-07s,2,2
FIXTURE:ufo:mtch:1vg-07v,2,2
FIXTURE:ufo:mtch:1vg-08a,2,2
FIXTURE:ufo:mtch:1vg-08j,2,2
FIXTURE:ufo:mtch:1vg-08t,2,2
FIXTURE:ufo:mtch:1vg-0ab,2,2
FIXTURE:ufo:mtch:1vg-0ac,2,2
FIXTURE:ufo:mtch:1vg-0bd,2,2
FIXTURE:ufo:mtch:1vg-0bj,2,2
FIXTURE:ufo:mtch:1vg-0by,2,2
FIXTURE:ufo:mtch:1vg-0fi,2,2
FIXTURE:ufo:mtch:1vg-0mu,2,2
FIXTURE:ufo:mtch:1vg-0oa,2,2
FIXTURE:ufo:mtch:1vg-0se,2,2
FIXTURE:ufo:mtch:1vg-0sf,2,2
FIXTURE:ufo:mtch:1vg-0t7,2,2
FIXTURE:ufo:mtch:1vg-0te,2,2
FIXTURE:ufo:mtch:1vg-0tj,2,2
FIXTURE:ufo:mtch:1vg-0tn,2,2
FIXTURE:ufo:mtch:1vg-0tt,2,2
FIXTURE:ufo:mtch:1vg-0tu,2,2
FIXTURE:ufo:mtch:1vg-0ty,2,2
FIXTURE:ufo:mtch:1vg-0u5,2,2
FIXTURE:ufo:mtch:1vg-0u8,2,2
FIXTURE:ufo:mtch:1vg-0um,2,2
FIXTURE:ufo:mtch:1vg-0ur,2,2
FIXTURE:ufo:mtch:1vg-0vn,2,2
FIXTURE:ufo:mtch:1vg-0w1,2,2
FIXTURE:ufo:mtch:1vg-10y,2,2
FIXTURE:ufo:mtch:1vg-11b,2,2
FIXTURE:ufo:mtch:1vg-158,2,2
FIXTURE:ufo:mtch:1vg-165,2,2
FIXTURE:ufo:mtch:1vg-16z,2,2
FIXTURE:ufo:mtch:1vg-17z,2,2
FIXTURE:ufo:mtch:1vg-181,2,2
FIXTURE:ufo:mtch:1vg-19e,2,2
FIXTURE:ufo:mtch:1vg-19g,2,2
FIXTURE:ufo:mtch:1vg-1aj,2,2
FIXTURE:ufo:mtch:1vg-1ak,2,2
FIXTURE:ufo:mtch:1vg-1aq,2,2
FIXTURE:ufo:mtch:1vg-1d1,2,2
FIXTURE:ufo:mtch:1vg-1db,2,2
FIXTURE:ufo:mtch:1vg-1de,2,2
FIXTURE:ufo:mtch:1vg-1dj,2,2
FIXTURE:ufo:mtch:1vg-1ga,2,2
FIXTURE:ufo:mtch:1vg-1gn,2,2
FIXTURE:ufo:mtch:1vg-1gp,2,2
FIXTURE:ufo:mtch:1vg-1h8,2,2
FIXTURE:ufo:mtch:1vg-1ha,2,2
FIXTURE:ufo:mtch:1vg-1hx,2,2
FIXTURE:ufo:mtch:1vg-1kt,2,2
FIXTURE:ufo:mtch:1vg-1l2,2,2
FIXTURE:ufo:mtch:1vg-1lg,2,2
FIXTURE:ufo:mtch:1vg-1ny,2,2
FIXTURE:ufo:mtch:1vg-1o2,2,2
FIXTURE:ufo:mtch:1vg-1on,2,2
FIXTURE:ufo:mtch:1vg-1q5,2,2
FIXTURE:ufo:mtch:1vg-1q7,2,2
FIXTURE:ufo:mtch:1vg-1r8,2,2
FIXTURE:ufo:mtch:1vg-1st,2,2
FIXTURE:ufo:mtch:1vg-1tl,2,2
FIXTURE:ufo:mtch:1vg-1ve,2,2
FIXTURE:ufo:mtch:1vg-20d,2,2
FIXTURE:ufo:mtch:1vg-21f,2,2
FIXTURE:ufo:mtch:1vg-21i,2,2
FIXTURE:ufo:mtch:1vg-21z,2,2
FIXTURE:ufo:mtch:1vg-222,2,2
FIXTURE:ufo:mtch:1vg-22g,2,2
FIXTURE:ufo:mtch:1vg-22h,2,2
FIXTURE:ufo:mtch:1vg-238,2,2
FIXTURE:ufo:mtch:1vg-23g,2,2
FIXTURE:ufo:mtch:1vg-29u,2,2
FIXTURE:ufo:mtch:1vg-2bf,2,2
FIXTURE:ufo:mtch:1vg-2bg,2,2
FIXTURE:ufo:mtch:1vg-2ef,2,2
FIXTURE:ufo:mtch:1vg-2fu,2,2
FIXTURE:ufo:mtch:1vg-2h1,2,2
FIXTURE:ufo:mtch:1vg-2ic,2,2
FIXTURE:ufo:mtch:1vg-2jb,2,2
FIXTURE:ufo:mtch:1vg-2jj,2,2
FIXTURE:ufo:mtch:1vg-2qc,2,2
FIXTURE:ufo:mtch:1vg-2qo,2,2
FIXTURE:ufo:mtch:1vg-2qs,2,2
FIXTURE:ufo:mtch:1vg-2qt,2,2
FIXTURE:ufo:mtch:1vg-2x3,2,2
FIXTURE:ufo:mtch:1vg-2yb,2,2
FIXTURE:ufo:mtch:1vg-2ys,2,2
FIXTURE:ufo:mtch:1vg-2zj,2,2
FIXTURE:ufo:mtch:1vg-32b,2,2
FIXTURE:ufo:mtch:1vh-007,2,2
FIXTURE:ufo:mtch:1vh-00j,2,2
FIXTURE:ufo:mtch:1vh-00o,2,2
FIXTURE:ufo:mtch:1vh-00s,2,2
FIXTURE:ufo:mtch:1vh-00t,2,2
FIXTURE:ufo:mtch:1vh-00u,2,2
FIXTURE:ufo:mtch:1vh-00y,2,2
FIXTURE:ufo:mtch:1vh-014,2,2
FIXTURE:ufo:mtch:1vh-018,2,2
FIXTURE:ufo:mtch:1vh-01f,2,2
FIXTURE:ufo:mtch:1vh-01r,2,2
FIXTURE:ufo:mtch:1vh-02w,2,2
FIXTURE:ufo:mtch:1vh-035,2,2
FIXTURE:ufo:mtch:1vh-04s,2,2
FIXTURE:ufo:mtch:1vh-04u,2,2
FIXTURE:ufo:mtch:1vh-04v,2,2
FIXTURE:ufo:mtch:1vh-04w,2,2
FIXTURE:ufo:mtch:1vh-04z,2,2
FIXTURE:ufo:mtch:1vh-057,2,2
FIXTURE:ufo:mtch:1vh-05a,2,2
FIXTURE:ufo:mtch:1vh-05i,2,2
FIXTURE:ufo:mtch:1vh-05n,2,2
FIXTURE:ufo:mtch:1vh-060,2,2
FIXTURE:ufo:mtch:1vh-061,2,2
FIXTURE:ufo:mtch:1vh-062,2,2
FIXTURE:ufo:mtch:1vh-063,2,2
FIXTURE:ufo:mtch:1vh-064,2,2
FIXTURE:ufo:mtch:1vh-065,2,2
FIXTURE:ufo:mtch:1vh-066,2,2
FIXTURE:ufo:mtch:1vh-06s,2,2
FIXTURE:ufo:mtch:1vh-077,2,2
FIXTURE:ufo:mtch:1vh-079,2,2
FIXTURE:ufo:mtch:1vh-07o,2,2
FIXTURE:ufo:mtch:1vh-07w,2,2
FIXTURE:ufo:mtch:1vh-085,2,2
FIXTURE:ufo:mtch:1vh-08n,2,2
FIXTURE:ufo:mtch:1vh-09o,2,2
FIXTURE:ufo:mtch:1vh-0a6,2,2
FIXTURE:ufo:mtch:1vh-0ar,2,2
FIXTURE:ufo:mtch:1vh-0as,2,2
FIXTURE:ufo:mtch:1vh-0at,2,2
FIXTURE:ufo:mtch:1vh-0c2,2,2
FIXTURE:ufo:mtch:1vh-0cs,2,2
FIXTURE:ufo:mtch:1vh-0d6,2,2
FIXTURE:ufo:mtch:1vh-0d8,2,2
FIXTURE:ufo:mtch:1vh-0e4,2,2
FIXTURE:ufo:mtch:1vh-0el,2,2
FIXTURE:ufo:mtch:1vh-0ey,2,2
FIXTURE:ufo:mtch:1vh-0lo,2,2
FIXTURE:ufo:mtch:1vh-0m1,2,2
FIXTURE:ufo:mtch:1vh-0m2,2,2
FIXTURE:ufo:mtch:1vh-0m4,2,2
FIXTURE:ufo:mtch:1vh-0m6,2,2
FIXTURE:ufo:mtch:1vh-0mc,2,2
FIXTURE:ufo:mtch:1vh-0q3,2,2
FIXTURE:ufo:mtch:1vh-154,2,2
FIXTURE:ufo:mtch:1vh-18s,2,2
FIXTURE:ufo:mtch:1vh-18t,2,2
FIXTURE:ufo:mtch:1vh-194,2,2
FIXTURE:ufo:mtch:1vh-19e,2,2
FIXTURE:ufo:mtch:1vh-19k,2,2
FIXTURE:ufo:mtch:1vh-1aa,2,2
FIXTURE:ufo:mtch:1vh-1ag,2,2
FIXTURE:ufo:mtch:1vh-1av,2,2
FIXTURE:ufo:mtch:1vh-1ax,2,2
FIXTURE:ufo:mtch:1vh-1bc,2,2
FIXTURE:ufo:mtch:1vh-1e9,2,2
FIXTURE:ufo:mtch:1vh-1fc,2,2
FIXTURE:ufo:mtch:1vh-1fz,2,2
FIXTURE:ufo:mtch:1vh-1g4,2,2
FIXTURE:ufo:mtch:1vh-1gg,2,2
FIXTURE:ufo:mtch:1vh-1go,2,2
FIXTURE:ufo:mtch:1vh-1hb,2,2
FIXTURE:ufo:mtch:1vh-1he,2,2
FIXTURE:ufo:mtch:1vh-1i7,2,2
FIXTURE:ufo:mtch:1vh-1ik,2,2
FIXTURE:ufo:mtch:1vh-1il,2,2
FIXTURE:ufo:mtch:1vh-1ip,2,2
FIXTURE:ufo:mtch:1vh-1jr,2,2
FIXTURE:ufo:mtch:1vh-1k0,2,2
FIXTURE:ufo:mtch:1vh-1k3,2,2
FIXTURE:ufo:mtch:1vh-1kb,2,2
FIXTURE:ufo:mtch:1vh-1l3,2,2
FIXTURE:ufo:mtch:1vh-1nt,2,2
FIXTURE:ufo:mtch:1vh-1on,2,2
FIXTURE:ufo:mtch:1vh-1oy,2,2
FIXTURE:ufo:mtch:1vh-1pl,2,2
FIXTURE:ufo:mtch:1vh-1pm,2,2
FIXTURE:ufo:mtch:1vh-1u7,2,2
FIXTURE:ufo:mtch:1vh-1u9,2,2
FIXTURE:ufo:mtch:1vh-1v5,2,2
FIXTURE:ufo:mtch:1vh-1v8,2,2
FIXTURE:ufo:mtch:1vh-1w4,2,2
FIXTURE:ufo:mtch:1vh-1ww,2,2
FIXTURE:ufo:mtch:1vh-1x3,2,2
FIXTURE:ufo:mtch:1vh-1xf,2,2
FIXTURE:ufo:mtch:1vh-1yi,2,2
FIXTURE:ufo:mtch:1vh-1yk,2,2
FIXTURE:ufo:mtch:1vh-1ys,2,2
FIXTURE:ufo:mtch:1vh-1zx,2,2
FIXTURE:ufo:mtch:1vh-20t,2,2
FIXTURE:ufo:mtch:1vh-20u,2,2
FIXTURE:ufo:mtch:1vh-21d,2,2
FIXTURE:ufo:mtch:1vh-21w,2,2
FIXTURE:ufo:mtch:1vh-22s,2,2
FIXTURE:ufo:mtch:1vh-23e,2,2
FIXTURE:ufo:mtch:1vh-26s,2,2
FIXTURE:ufo:mtch:1vh-29s,2,2
FIXTURE:ufo:mtch:1vh-2a5,2,2
FIXTURE:ufo:mtch:1vh-2bm,2,2
FIXTURE:ufo:mtch:1vh-2bn,2,2
FIXTURE:ufo:mtch:1vh-2c6,2,2
FIXTURE:ufo:mtch:1vh-2e1,2,2
FIXTURE:ufo:mtch:1vh-2e6,2,2
FIXTURE:ufo:mtch:1vh-2e9,2,2
FIXTURE:ufo:mtch:1vh-2eb,2,2
FIXTURE:ufo:mtch:1vh-2f5,2,2
FIXTURE:ufo:mtch:1vh-2fp,2,2
FIXTURE:ufo:mtch:1vh-2fu,2,2
FIXTURE:ufo:mtch:1vh-2ip,2,2
FIXTURE:ufo:mtch:1vh-2j5,2,2
FIXTURE:ufo:mtch:1vh-2lb,2,2
FIXTURE:ufo:mtch:1vh-2mo,2,2
FIXTURE:ufo:mtch:1vh-2ni,2,2
FIXTURE:ufo:mtch:1vh-2nl,2,2
FIXTURE:ufo:mtch:1vh-2oj,2,2
FIXTURE:ufo:mtch:1vh-2p0,2,2
FIXTURE:ufo:mtch:1vh-2pk,2,2
FIXTURE:ufo:mtch:1vh-2qf,2,2
FIXTURE:ufo:mtch:1vh-2so,2,2
FIXTURE:ufo:mtch:1vh-2sr,2,2
FIXTURE:ufo:mtch:1vh-2vb,2,2
FIXTURE:ufo:mtch:1vh-2vc,2,2
FIXTURE:ufo:mtch:1vh-2vf,2,2
FIXTURE:ufo:mtch:1vh-2zk,2,2
FIXTURE:ufo:mtch:1vh-2zp,2,2
FIXTURE:ufo:mtch:1vh-303,2,2
FIXTURE:ufo:mtch:1vh-30s,2,2
FIXTURE:ufo:mtch:1vh-33t,2,2
FIXTURE:ufo:mtch:1vh-33v,2,2
FIXTURE:ufo:mtch:1vh-33w,2,2
FIXTURE:ufo:mtch:1vh-34g,2,2
FIXTURE:ufo:mtch:1vh-35y,2,2
FIXTURE:ufo:mtch:1vi-00b,2,2
FIXTURE:ufo:mtch:1vi-00o,2,2
FIXTURE:ufo:mtch:1vi-00q,2,2
FIXTURE:ufo:mtch:1vi-00r,2,2
FIXTURE:ufo:mtch:1vi-016,2,2
FIXTURE:ufo:mtch:1vi-017,2,2
FIXTURE:ufo:mtch:1vi-01k,2,2
FIXTURE:ufo:mtch:1vi-01n,2,2
FIXTURE:ufo:mtch:1vi-028,2,2
FIXTURE:ufo:mtch:1vi-02k,2,2
FIXTURE:ufo:mtch:1vi-02p,2,2
FIXTURE:ufo:mtch:1vi-045,2,2
FIXTURE:ufo:mtch:1vi-04t,2,2
FIXTURE:ufo:mtch:1vi-056,2,2
FIXTURE:ufo:mtch:1vi-06d,2,2
FIXTURE:ufo:mtch:1vi-06p,2,2
FIXTURE:ufo:mtch:1vi-06s,2,2
FIXTURE:ufo:mtch:1vi-08q,2,2
FIXTURE:ufo:mtch:1vi-08r,2,2
FIXTURE:ufo:mtch:1vi-08y,2,2
FIXTURE:ufo:mtch:1vi-09g,2,2
FIXTURE:ufo:mtch:1vi-09r,2,2
FIXTURE:ufo:mtch:1vi-09w,2,2
FIXTURE:ufo:mtch:1vi-0d6,2,2
FIXTURE:ufo:mtch:1vi-0dk,2,2
FIXTURE:ufo:mtch:1vi-0ev,2,2
FIXTURE:ufo:mtch:1vi-0f3,2,2
FIXTURE:ufo:mtch:1vi-0jk,2,2
FIXTURE:ufo:mtch:1vi-0jm,2,2
FIXTURE:ufo:mtch:1vi-0jt,2,2
FIXTURE:ufo:mtch:1vi-0ju,2,2
FIXTURE:ufo:mtch:1vi-0qe,2,2
FIXTURE:ufo:mtch:1vi-0vu,2,2
FIXTURE:ufo:mtch:1vi-0zv,2,2
FIXTURE:ufo:mtch:1vi-10j,2,2
FIXTURE:ufo:mtch:1vi-10x,2,2
FIXTURE:ufo:mtch:1vi-10y,2,2
FIXTURE:ufo:mtch:1vi-117,2,2
FIXTURE:ufo:mtch:1vi-123,2,2
FIXTURE:ufo:mtch:1vi-134,2,2
FIXTURE:ufo:mtch:1vi-140,2,2
FIXTURE:ufo:mtch:1vi-155,2,2
FIXTURE:ufo:mtch:1vi-16e,2,2
FIXTURE:ufo:mtch:1vi-16g,2,2
FIXTURE:ufo:mtch:1vi-16l,2,2
FIXTURE:ufo:mtch:1vi-16m,2,2
FIXTURE:ufo:mtch:1vi-16n,2,2
FIXTURE:ufo:mtch:1vi-16t,2,2
FIXTURE:ufo:mtch:1vi-17e,2,2
FIXTURE:ufo:mtch:1vi-17f,2,2
FIXTURE:ufo:mtch:1vi-17n,2,2
FIXTURE:ufo:mtch:1vi-17q,2,2
FIXTURE:ufo:mtch:1vi-17y,2,2
FIXTURE:ufo:mtch:1vi-183,2,2
FIXTURE:ufo:mtch:1vi-188,2,2
FIXTURE:ufo:mtch:1vi-18k,2,2
FIXTURE:ufo:mtch:1vi-18x,2,2
FIXTURE:ufo:mtch:1vi-192,2,2
FIXTURE:ufo:mtch:1vi-193,2,2
FIXTURE:ufo:mtch:1vi-196,2,2
FIXTURE:ufo:mtch:1vi-19u,2,2
FIXTURE:ufo:mtch:1vi-19y,2,2
FIXTURE:ufo:mtch:1vi-1ao,2,2
FIXTURE:ufo:mtch:1vi-1dz,2,2
FIXTURE:ufo:mtch:1vi-1fq,2,2
FIXTURE:ufo:mtch:1vi-1j4,2,2
FIXTURE:ufo:mtch:1vi-1ji,2,2
FIXTURE:ufo:mtch:1vi-1jj,2,2
FIXTURE:ufo:mtch:1vi-1jl,2,2
FIXTURE:ufo:mtch:1vi-1jw,2,2
FIXTURE:ufo:mtch:1vi-1kb,2,2
FIXTURE:ufo:mtch:1vi-1kf,2,2
FIXTURE:ufo:mtch:1vi-1kj,2,2
FIXTURE:ufo:mtch:1vi-1kq,2,2
FIXTURE:ufo:mtch:1vi-1ku,2,2
FIXTURE:ufo:mtch:1vi-1ky,2,2
FIXTURE:ufo:mtch:1vi-1l1,2,2
FIXTURE:ufo:mtch:1vi-1la,2,2
FIXTURE:ufo:mtch:1vi-1le,2,2
FIXTURE:ufo:mtch:1vi-1ll,2,2
FIXTURE:ufo:mtch:1vi-1ln,2,2
FIXTURE:ufo:mtch:1vi-1my,2,2
FIXTURE:ufo:mtch:1vi-1n2,2,2
FIXTURE:ufo:mtch:1vi-1ns,2,2
FIXTURE:ufo:mtch:1vi-1nw,2,2
FIXTURE:ufo:mtch:1vi-1ny,2,2
FIXTURE:ufo:mtch:1vi-1o1,2,2
FIXTURE:ufo:mtch:1vi-1o3,2,2
FIXTURE:ufo:mtch:1vi-1ol,2,2
FIXTURE:ufo:mtch:1vi-1pg,2,2
FIXTURE:ufo:mtch:1vi-1po,2,2
FIXTURE:ufo:mtch:1vi-1pu,2,2
FIXTURE:ufo:mtch:1vi-1q5,2,2
FIXTURE:ufo:mtch:1vi-1q8,2,2
FIXTURE:ufo:mtch:1vi-1rv,2,2
FIXTURE:ufo:mtch:1vi-1s4,2,2
FIXTURE:ufo:mtch:1vi-1sg,2,2
FIXTURE:ufo:mtch:1vi-1sh,2,2
FIXTURE:ufo:mtch:1vi-1so,2,2
FIXTURE:ufo:mtch:1vi-1ta,2,2
FIXTURE:ufo:mtch:1vi-1xb,2,2
FIXTURE:ufo:mtch:1vi-1xp,2,2
FIXTURE:ufo:mtch:1vi-1zb,2,2
FIXTURE:ufo:mtch:1vi-20x,2,2
FIXTURE:ufo:mtch:1vi-22s,2,2
FIXTURE:ufo:mtch:1vi-231,2,2
FIXTURE:ufo:mtch:1vi-239,2,2
FIXTURE:ufo:mtch:1vi-23e,2,2
FIXTURE:ufo:mtch:1vi-23m,2,2
FIXTURE:ufo:mtch:1vi-23w,2,2
FIXTURE:ufo:mtch:1vi-256,2,2
FIXTURE:ufo:mtch:1vi-25q,2,2
FIXTURE:ufo:mtch:1vi-26a,2,2
FIXTURE:ufo:mtch:1vi-26u,2,2
FIXTURE:ufo:mtch:1vi-26v,2,2
FIXTURE:ufo:mtch:1vi-275,2,2
FIXTURE:ufo:mtch:1vi-298,2,2
FIXTURE:ufo:mtch:1vi-2cx,2,2
FIXTURE:ufo:mtch:1vi-2dc,2,2
FIXTURE:ufo:mtch:1vi-2dn,2,2
FIXTURE:ufo:mtch:1vi-2dv,2,2
FIXTURE:ufo:mtch:1vi-2f8,2,2
FIXTURE:ufo:mtch:1vi-2fc,2,2
FIXTURE:ufo:mtch:1vi-2fe,2,2
FIXTURE:ufo:mtch:1vi-2gu,2,2
FIXTURE:ufo:mtch:1vi-2he,2,2
FIXTURE:ufo:mtch:1vi-2qh,2,2
FIXTURE:ufo:mtch:1vi-2qk,2,2
FIXTURE:ufo:mtch:1vi-2ql,2,2
FIXTURE:ufo:mtch:1vi-2qu,2,2
FIXTURE:ufo:mtch:1vi-2u7,2,2
FIXTURE:ufo:mtch:1vi-2vx,2,2
FIXTURE:ufo:mtch:1vj-006,2,2
FIXTURE:ufo:mtch:1vj-00h,2,2
FIXTURE:ufo:mtch:1vj-00m,2,2
FIXTURE:ufo:mtch:1vj-00n,2,2
FIXTURE:ufo:mtch:1vj-00o,2,2
FIXTURE:ufo:mtch:1vj-00q,2,2
FIXTURE:ufo:mtch:1vj-011,2,2
FIXTURE:ufo:mtch:1vj-016,2,2
FIXTURE:ufo:mtch:1vj-01c,2,2
FIXTURE:ufo:mtch:1vj-01e,2,2
FIXTURE:ufo:mtch:1vj-01i,2,2
FIXTURE:ufo:mtch:1vj-01u,2,2
FIXTURE:ufo:mtch:1vj-01v,2,2
FIXTURE:ufo:mtch:1vj-02d,2,2
FIXTURE:ufo:mtch:1vj-02p,2,2
FIXTURE:ufo:mtch:1vj-02y,2,2
FIXTURE:ufo:mtch:1vj-03e,2,2
FIXTURE:ufo:mtch:1vj-03q,2,2
FIXTURE:ufo:mtch:1vj-04p,2,2
FIXTURE:ufo:mtch:1vj-04s,2,2
FIXTURE:ufo:mtch:1vj-04x,2,2
FIXTURE:ufo:mtch:1vj-05f,2,2
FIXTURE:ufo:mtch:1vj-05g,2,2
FIXTURE:ufo:mtch:1vj-061,2,2
FIXTURE:ufo:mtch:1vj-064,2,2
FIXTURE:ufo:mtch:1vj-068,2,2
FIXTURE:ufo:mtch:1vj-06c,2,2
FIXTURE:ufo:mtch:1vj-06e,2,2
FIXTURE:ufo:mtch:1vj-06q,2,2
FIXTURE:ufo:mtch:1vj-06t,2,2
FIXTURE:ufo:mtch:1vj-071,2,2
FIXTURE:ufo:mtch:1vj-077,2,2
FIXTURE:ufo:mtch:1vj-07h,2,2
FIXTURE:ufo:mtch:1vj-07l,2,2
FIXTURE:ufo:mtch:1vj-080,2,2
FIXTURE:ufo:mtch:1vj-081,2,2
FIXTURE:ufo:mtch:1vj-082,2,2
FIXTURE:ufo:mtch:1vj-08f,2,2
FIXTURE:ufo:mtch:1vj-08m,2,2
FIXTURE:ufo:mtch:1vj-08x,2,2
FIXTURE:ufo:mtch:1vj-09d,2,2
FIXTURE:ufo:mtch:1vj-09q,2,2
FIXTURE:ufo:mtch:1vj-09w,2,2
FIXTURE:ufo:mtch:1vj-09z,2,2
FIXTURE:ufo:mtch:1vj-0a2,2,2
FIXTURE:ufo:mtch:1vj-0a3,2,2
FIXTURE:ufo:mtch:1vj-0a9,2,2
FIXTURE:ufo:mtch:1vj-0ai,2,2
FIXTURE:ufo:mtch:1vj-0ao,2,2
FIXTURE:ufo:mtch:1vj-0ba,2,2
FIXTURE:ufo:mtch:1vj-0ca,2,2
FIXTURE:ufo:mtch:1vj-0cq,2,2
FIXTURE:ufo:mtch:1vj-0d4,2,2
FIXTURE:ufo:mtch:1vj-0e6,2,2
FIXTURE:ufo:mtch:1vj-0e9,2,2
FIXTURE:ufo:mtch:1vj-0eb,2,2
FIXTURE:ufo:mtch:1vj-0eu,2,2
FIXTURE:ufo:mtch:1vj-0fk,2,2
FIXTURE:ufo:mtch:1vj-0fx,2,2
FIXTURE:ufo:mtch:1vj-0gp,2,2
FIXTURE:ufo:mtch:1vj-0io,2,2
FIXTURE:ufo:mtch:1vj-0j1,2,2
FIXTURE:ufo:mtch:1vj-0jy,2,2
FIXTURE:ufo:mtch:1vj-0kw,2,2
FIXTURE:ufo:mtch:1vj-0l2,2,2
FIXTURE:ufo:mtch:1vj-0mi,2,2
FIXTURE:ufo:mtch:1vj-0n9,2,2
FIXTURE:ufo:mtch:1vj-0na,2,2
FIXTURE:ufo:mtch:1vj-0oq,2,2
FIXTURE:ufo:mtch:1vj-0ys,2,2
FIXTURE:ufo:mtch:1vj-0z3,2,2
FIXTURE:ufo:mtch:1vj-0zd,2,2
FIXTURE:ufo:mtch:1vj-0zm,2,2
FIXTURE:ufo:mtch:1vj-0zn,2,2
FIXTURE:ufo:mtch:1vj-0zp,2,2
FIXTURE:ufo:mtch:1vj-102,2,2
FIXTURE:ufo:mtch:1vj-10b,2,2
FIXTURE:ufo:mtch:1vj-10d,2,2
FIXTURE:ufo:mtch:1vj-146,2,2
FIXTURE:ufo:mtch:1vj-14i,2,2
FIXTURE:ufo:mtch:1vj-14j,2,2
FIXTURE:ufo:mtch:1vj-14m,2,2
FIXTURE:ufo:mtch:1vj-14n,2,2
FIXTURE:ufo:mtch:1vj-17r,2,2
FIXTURE:ufo:mtch:1vj-190,2,2
FIXTURE:ufo:mtch:1vj-195,2,2
FIXTURE:ufo:mtch:1vj-19m,2,2
FIXTURE:ufo:mtch:1vj-1a3,2,2
FIXTURE:ufo:mtch:1vj-1a5,2,2
FIXTURE:ufo:mtch:1vj-1ad,2,2
FIXTURE:ufo:mtch:1vj-1c2,2,2
FIXTURE:ufo:mtch:1vj-1ch,2,2
FIXTURE:ufo:mtch:1vj-1dm,2,2
FIXTURE:ufo:mtch:1vj-1dw,2,2
FIXTURE:ufo:mtch:1vj-1ep,2,2
FIXTURE:ufo:mtch:1vj-1eu,2,2
FIXTURE:ufo:mtch:1vj-1f6,2,2
FIXTURE:ufo:mtch:1vj-1f8,2,2
FIXTURE:ufo:mtch:1vj-1f9,2,2
FIXTURE:ufo:mtch:1vj-1fl,2,2
FIXTURE:ufo:mtch:1vj-1gi,2,2
FIXTURE:ufo:mtch:1vj-1gs,2,2
FIXTURE:ufo:mtch:1vj-1hh,2,2
FIXTURE:ufo:mtch:1vj-1hm,2,2
FIXTURE:ufo:mtch:1vj-1ho,2,2
FIXTURE:ufo:mtch:1vj-1hq,2,2
FIXTURE:ufo:mtch:1vj-1i9,2,2
FIXTURE:ufo:mtch:1vj-1is,2,2
FIXTURE:ufo:mtch:1vj-1jx,2,2
FIXTURE:ufo:mtch:1vj-1kq,2,2
FIXTURE:ufo:mtch:1vj-1kr,2,2
FIXTURE:ufo:mtch:1vj-1kw,2,2
FIXTURE:ufo:mtch:1vj-1lu,2,2
FIXTURE:ufo:mtch:1vj-1m8,2,2
FIXTURE:ufo:mtch:1vj-1me,2,2
FIXTURE:ufo:mtch:1vj-1mk,2,2
FIXTURE:ufo:mtch:1vj-1mz,2,2
FIXTURE:ufo:mtch:1vj-1o2,2,2
FIXTURE:ufo:mtch:1vj-1o6,2,2
FIXTURE:ufo:mtch:1vj-1pq,2,2
FIXTURE:ufo:mtch:1vj-1pt,2,2
FIXTURE:ufo:mtch:1vj-1px,2,2
FIXTURE:ufo:mtch:1vj-1q3,2,2
FIXTURE:ufo:mtch:1vj-1s6,2,2
FIXTURE:ufo:mtch:1vj-1sj,2,2
FIXTURE:ufo:mtch:1vj-1ss,2,2
FIXTURE:ufo:mtch:1vj-1t7,2,2
FIXTURE:ufo:mtch:1vj-1th,2,2
FIXTURE:ufo:mtch:1vj-1tj,2,2
FIXTURE:ufo:mtch:1vj-1ty,2,2
FIXTURE:ufo:mtch:1vj-1ub,2,2
FIXTURE:ufo:mtch:1vj-1uf,2,2
FIXTURE:ufo:mtch:1vj-1v1,2,2
FIXTURE:ufo:mtch:1vj-1v4,2,2
FIXTURE:ufo:mtch:1vj-1v6,2,2
FIXTURE:ufo:mtch:1vj-1v7,2,2
FIXTURE:ufo:mtch:1vj-1v8,2,2
FIXTURE:ufo:mtch:1vj-1v9,2,2
FIXTURE:ufo:mtch:1vj-1wu,2,2
FIXTURE:ufo:mtch:1vj-1ww,2,2
FIXTURE:ufo:mtch:1vj-1x8,2,2
FIXTURE:ufo:mtch:1vj-1xb,2,2
FIXTURE:ufo:mtch:1vj-253,2,2
FIXTURE:ufo:mtch:1vj-28n,2,2
FIXTURE:ufo:mtch:1vj-295,2,2
FIXTURE:ufo:mtch:1vj-29q,2,2
FIXTURE:ufo:mtch:1vj-29t,2,2
FIXTURE:ufo:mtch:1vj-2a0,2,2
FIXTURE:ufo:mtch:1vj-2dr,2,2
FIXTURE:ufo:mtch:1vj-2du,2,2
FIXTURE:ufo:mtch:1vj-2e0,2,2
FIXTURE:ufo:mtch:1vj-2eh,2,2
FIXTURE:ufo:mtch:1vj-2es,2,2
FIXTURE:ufo:mtch:1vj-2eu,2,2
FIXTURE:ufo:mtch:1vj-2gp,2,2
FIXTURE:ufo:mtch:1vj-2hf,2,2
FIXTURE:ufo:mtch:1vj-2i8,2,2
FIXTURE:ufo:mtch:1vj-2ij,2,2
FIXTURE:ufo:mtch:1vj-2ix,2,2
FIXTURE:ufo:mtch:1vj-2j7,2,2
FIXTURE:ufo:mtch:1vj-2j9,2,2
FIXTURE:ufo:mtch:1vj-2je,2,2
FIXTURE:ufo:mtch:1vj-2js,2,2
FIXTURE:ufo:mtch:1vj-2jz,2,2
FIXTURE:ufo:mtch:1vj-2kb,2,2
FIXTURE:ufo:mtch:1vj-2kd,2,2
FIXTURE:ufo:mtch:1vj-2mp,2,2
FIXTURE:ufo:mtch:1vj-2na,2,2
FIXTURE:ufo:mtch:1vj-2ui,2,2
FIXTURE:ufo:mtch:1vj-2uo,2,2
FIXTURE:ufo:mtch:1vj-2wa,2,2
FIXTURE:ufo:mtch:1vk-00c,2,2
FIXTURE:ufo:mtch:1vk-00d,2,2
FIXTURE:ufo:mtch:1vk-00g,2,2
FIXTURE:ufo:mtch:1vk-00h,2,2
FIXTURE:ufo:mtch:1vk-00i,2,2
FIXTURE:ufo:mtch:1vk-00m,2,2
FIXTURE:ufo:mtch:1vk-017,2,2
FIXTURE:ufo:mtch:1vk-01b,2,2
FIXTURE:ufo:mtch:1vk-01h,2,2
FIXTURE:ufo:mtch:1vk-021,2,2
FIXTURE:ufo:mtch:1vk-02g,2,2
FIXTURE:ufo:mtch:1vk-02s,2,2
FIXTURE:ufo:mtch:1vk-02v,2,2
FIXTURE:ufo:mtch:1vk-02z,2,2
FIXTURE:ufo:mtch:1vk-030,2,2
FIXTURE:ufo:mtch:1vk-036,2,2
FIXTURE:ufo:mtch:1vk-03o,2,2
FIXTURE:ufo:mtch:1vk-03v,2,2
FIXTURE:ufo:mtch:1vk-03z,2,2
FIXTURE:ufo:mtch:1vk-059,2,2
FIXTURE:ufo:mtch:1vk-05n,2,2
FIXTURE:ufo:mtch:1vk-05q,2,2
FIXTURE:ufo:mtch:1vk-05z,2,2
FIXTURE:ufo:mtch:1vk-06j,2,2
FIXTURE:ufo:mtch:1vk-07h,2,2
FIXTURE:ufo:mtch:1vk-07i,2,2
FIXTURE:ufo:mtch:1vk-07z,2,2
FIXTURE:ufo:mtch:1vk-080,2,2
FIXTURE:ufo:mtch:1vk-084,2,2
FIXTURE:ufo:mtch:1vk-08b,2,2
FIXTURE:ufo:mtch:1vk-08k,2,2
FIXTURE:ufo:mtch:1vk-08v,2,2
FIXTURE:ufo:mtch:1vk-08y,2,2
FIXTURE:ufo:mtch:1vk-097,2,2
FIXTURE:ufo:mtch:1vk-09e,2,2
FIXTURE:ufo:mtch:1vk-09i,2,2
FIXTURE:ufo:mtch:1vk-09x,2,2
FIXTURE:ufo:mtch:1vk-0a1,2,2
FIXTURE:ufo:mtch:1vk-0a6,2,2
FIXTURE:ufo:mtch:1vk-0aa,2,2
FIXTURE:ufo:mtch:1vk-0ac,2,2
FIXTURE:ufo:mtch:1vk-0ai,2,2
FIXTURE:ufo:mtch:1vk-0ak,2,2
FIXTURE:ufo:mtch:1vk-0ao,2,2
FIXTURE:ufo:mtch:1vk-0aq,2,2
FIXTURE:ufo:mtch:1vk-0as,2,2
FIXTURE:ufo:mtch:1vk-0ay,2,2
FIXTURE:ufo:mtch:1vk-0br,2,2
FIXTURE:ufo:mtch:1vk-0bw,2,2
FIXTURE:ufo:mtch:1vk-0cq,2,2
FIXTURE:ufo:mtch:1vk-0d1,2,2
FIXTURE:ufo:mtch:1vk-0dd,2,2
FIXTURE:ufo:mtch:1vk-0dv,2,2
FIXTURE:ufo:mtch:1vk-0ec,2,2
FIXTURE:ufo:mtch:1vk-0em,2,2
FIXTURE:ufo:mtch:1vk-0eo,2,2
FIXTURE:ufo:mtch:1vk-0ep,2,2
FIXTURE:ufo:mtch:1vk-0eq,2,2
FIXTURE:ufo:mtch:1vk-0fb,2,2
FIXTURE:ufo:mtch:1vk-0fd,2,2
FIXTURE:ufo:mtch:1vk-0gc,2,2
FIXTURE:ufo:mtch:1vk-0gu,2,2
FIXTURE:ufo:mtch:1vk-0h8,2,2
FIXTURE:ufo:mtch:1vk-0hp,2,2
FIXTURE:ufo:mtch:1vk-0i0,2,2
FIXTURE:ufo:mtch:1vk-0i5,2,2
FIXTURE:ufo:mtch:1vk-0i8,2,2
FIXTURE:ufo:mtch:1vk-0jk,2,2
FIXTURE:ufo:mtch:1vk-0k9,2,2
FIXTURE:ufo:mtch:1vk-0kc,2,2
FIXTURE:ufo:mtch:1vk-0ke,2,2
FIXTURE:ufo:mtch:1vk-0ks,2,2
FIXTURE:ufo:mtch:1vk-0kt,2,2
FIXTURE:ufo:mtch:1vk-0ku,2,2
FIXTURE:ufo:mtch:1vk-0kw,2,2
FIXTURE:ufo:mtch:1vk-0ky,2,2
FIXTURE:ufo:mtch:1vk-0l1,2,2
FIXTURE:ufo:mtch:1vk-0l6,2,2
FIXTURE:ufo:mtch:1vk-0l7,2,2
FIXTURE:ufo:mtch:1vk-0lf,2,2
FIXTURE:ufo:mtch:1vk-0m4,2,2
FIXTURE:ufo:mtch:1vk-0m8,2,2
FIXTURE:ufo:mtch:1vk-0mc,2,2
FIXTURE:ufo:mtch:1vk-0mf,2,2
FIXTURE:ufo:mtch:1vk-0mg,2,2
FIXTURE:ufo:mtch:1vk-0mw,2,2
FIXTURE:ufo:mtch:1vk-0o3,2,2
FIXTURE:ufo:mtch:1vk-0pr,2,2
FIXTURE:ufo:mtch:1vk-0t4,2,2
FIXTURE:ufo:mtch:1vk-0t9,2,2
FIXTURE:ufo:mtch:1vk-0u8,2,2
FIXTURE:ufo:mtch:1vk-0ue,2,2
FIXTURE:ufo:mtch:1vk-0uo,2,2
FIXTURE:ufo:mtch:1vk-0ux,2,2
FIXTURE:ufo:mtch:1vk-0uy,2,2
FIXTURE:ufo:mtch:1vk-0vj,2,2
FIXTURE:ufo:mtch:1vk-0vy,2,2
FIXTURE:ufo:mtch:1vk-0w3,2,2
FIXTURE:ufo:mtch:1vk-0wa,2,2
FIXTURE:ufo:mtch:1vk-0xu,2,2
FIXTURE:ufo:mtch:1vk-0y4,2,2
FIXTURE:ufo:mtch:1vk-0zx,2,2
FIXTURE:ufo:mtch:1vk-10y,2,2
FIXTURE:ufo:mtch:1vk-110,2,2
FIXTURE:ufo:mtch:1vk-12h,2,2
FIXTURE:ufo:mtch:1vk-16m,2,2
FIXTURE:ufo:mtch:1vk-17c,2,2
FIXTURE:ufo:mtch:1vk-17d,2,2
FIXTURE:ufo:mtch:1vk-17w,2,2
FIXTURE:ufo:mtch:1vk-17x,2,2
FIXTURE:ufo:mtch:1vk-183,2,2
FIXTURE:ufo:mtch:1vk-186,2,2
FIXTURE:ufo:mtch:1vk-1dk,2,2
FIXTURE:ufo:mtch:1vk-1gu,2,2
FIXTURE:ufo:mtch:1vk-1nd,2,2
FIXTURE:ufo:mtch:1vk-1o4,2,2
FIXTURE:ufo:mtch:1vk-1o6,2,2
FIXTURE:ufo:mtch:1vk-1r8,2,2
FIXTURE:ufo:mtch:1vk-1rs,2,2
FIXTURE:ufo:mtch:1vk-1s5,2,2
FIXTURE:ufo:mtch:1vk-1s8,2,2
FIXTURE:ufo:mtch:1vk-1s9,2,2
FIXTURE:ufo:mtch:1vk-1tc,2,2
FIXTURE:ufo:mtch:1vk-1tk,2,2
FIXTURE:ufo:mtch:1vk-1tl,2,2
FIXTURE:ufo:mtch:1vk-1uj,2,2
FIXTURE:ufo:mtch:1vk-1vh,2,2
FIXTURE:ufo:mtch:1vk-1vr,2,2
FIXTURE:ufo:mtch:1vk-1w6,2,2
FIXTURE:ufo:mtch:1vk-1w8,2,2
FIXTURE:ufo:mtch:1vk-1w9,2,2
FIXTURE:ufo:mtch:1vk-1wd,2,2
FIXTURE:ufo:mtch:1vk-1wi,2,2
FIXTURE:ufo:mtch:1vk-1wm,2,2
FIXTURE:ufo:mtch:1vk-1wr,2,2
FIXTURE:ufo:mtch:1vk-1ya,2,2
FIXTURE:ufo:mtch:1vk-1yj,2,2
FIXTURE:ufo:mtch:1vk-1z1,2,2
FIXTURE:ufo:mtch:1vk-1za,2,2
FIXTURE:ufo:mtch:1vk-1zl,2,2
FIXTURE:ufo:mtch:1vk-1zq,2,2
FIXTURE:ufo:mtch:1vk-1zu,2,2
FIXTURE:ufo:mtch:1vk-201,2,2
FIXTURE:ufo:mtch:1vk-20n,2,2
FIXTURE:ufo:mtch:1vk-20v,2,2
FIXTURE:ufo:mtch:1vk-211,2,2
FIXTURE:ufo:mtch:1vk-214,2,2
FIXTURE:ufo:mtch:1vk-218,2,2
FIXTURE:ufo:mtch:1vk-21b,2,2
FIXTURE:ufo:mtch:1vk-27w,2,2
FIXTURE:ufo:mtch:1vk-27x,2,2
FIXTURE:ufo:mtch:1vk-280,2,2
FIXTURE:ufo:mtch:1vk-284,2,2
FIXTURE:ufo:mtch:1vk-287,2,2
FIXTURE:ufo:mtch:1vk-288,2,2
FIXTURE:ufo:mtch:1vk-289,2,2
FIXTURE:ufo:mtch:1vk-28p,2,2
FIXTURE:ufo:mtch:1vk-28v,2,2
FIXTURE:ufo:mtch:1vk-28w,2,2
FIXTURE:ufo:mtch:1vk-28y,2,2
FIXTURE:ufo:mtch:1vk-28z,2,2
FIXTURE:ufo:mtch:1vk-294,2,2
FIXTURE:ufo:mtch:1vk-295,2,2
FIXTURE:ufo:mtch:1vk-296,2,2
FIXTURE:ufo:mtch:1vk-29g,2,2
FIXTURE:ufo:mtch:1vk-29h,2,2
FIXTURE:ufo:mtch:1vk-29j,2,2
FIXTURE:ufo:mtch:1vk-2f2,2,2
FIXTURE:ufo:mtch:1vk-2f3,2,2
FIXTURE:ufo:mtch:1vk-2gs,2,2
FIXTURE:ufo:mtch:1vk-2gy,2,2
FIXTURE:ufo:mtch:1vk-2h7,2,2
FIXTURE:ufo:mtch:1vk-2hf,2,2
FIXTURE:ufo:mtch:1vk-2hi,2,2
FIXTURE:ufo:mtch:1vk-2ib,2,2
FIXTURE:ufo:mtch:1vk-2ic,2,2
FIXTURE:ufo:mtch:1vk-2ir,2,2
FIXTURE:ufo:mtch:1vk-2jd,2,2
FIXTURE:ufo:mtch:1vk-2jf,2,2
FIXTURE:ufo:mtch:1vk-2kd,2,2
FIXTURE:ufo:mtch:1vk-2ve,2,2
FIXTURE:ufo:mtch:1vk-2vj,2,2
FIXTURE:ufo:mtch:1vk-2vk,2,2
FIXTURE:ufo:mtch:1vk-2w2,2,2
FIXTURE:ufo:mtch:1vk-2wa,2,2
FIXTURE:ufo:mtch:1vk-2wj,2,2
FIXTURE:ufo:mtch:1vk-2wl,2,2
FIXTURE:ufo:mtch:1vk-2x5,2,2
FIXTURE:ufo:mtch:1vk-2xs,2,2
FIXTURE:ufo:mtch:1vk-2ye,2,2
FIXTURE:ufo:mtch:1vk-35s,2,2
FIXTURE:ufo:mtch:1vk-364,2,2
FIXTURE:ufo:mtch:1vk-381,2,2
FIXTURE:ufo:mtch:1vk-398,2,2
FIXTURE:ufo:mtch:1vk-3gh,2,2
FIXTURE:ufo:mtch:1vk-3gp,2,2
FIXTURE:ufo:mtch:1vk-3i6,2,2
FIXTURE:ufo:mtch:1vk-3j1,2,2
FIXTURE:ufo:mtch:1vk-3j2,2,2
FIXTURE:ufo:mtch:1vl-002,2,2
FIXTURE:ufo:mtch:1vl-003,2,2
FIXTURE:ufo:mtch:1vl-00b,2,2
FIXTURE:ufo:mtch:1vl-00y,2,2
FIXTURE:ufo:mtch:1vl-014,2,2
FIXTURE:ufo:mtch:1vl-016,2,2
FIXTURE:ufo:mtch:1vl-02a,2,2
FIXTURE:ufo:mtch:1vl-02d,2,2
FIXTURE:ufo:mtch:1vl-02e,2,2
FIXTURE:ufo:mtch:1vl-02f,2,2
FIXTURE:ufo:mtch:1vl-02i,2,2
FIXTURE:ufo:mtch:1vl-02r,2,2
FIXTURE:ufo:mtch:1vl-037,2,2
FIXTURE:ufo:mtch:1vl-04f,2,2
FIXTURE:ufo:mtch:1vl-04g,2,2
FIXTURE:ufo:mtch:1vl-04h,2,2
FIXTURE:ufo:mtch:1vl-04m,2,2
FIXTURE:ufo:mtch:1vl-04q,2,2
FIXTURE:ufo:mtch:1vl-04r,2,2
FIXTURE:ufo:mtch:1vl-04t,2,2
FIXTURE:ufo:mtch:1vl-04u,2,2
FIXTURE:ufo:mtch:1vl-051,2,2
FIXTURE:ufo:mtch:1vl-05c,2,2
FIXTURE:ufo:mtch:1vl-05n,2,2
FIXTURE:ufo:mtch:1vl-05o,2,2
FIXTURE:ufo:mtch:1vl-06k,2,2
FIXTURE:ufo:mtch:1vl-06x,2,2
FIXTURE:ufo:mtch:1vl-06z,2,2
FIXTURE:ufo:mtch:1vl-073,2,2
FIXTURE:ufo:mtch:1vl-078,2,2
FIXTURE:ufo:mtch:1vl-079,2,2
FIXTURE:ufo:mtch:1vl-07f,2,2
FIXTURE:ufo:mtch:1vl-07i,2,2
FIXTURE:ufo:mtch:1vl-07w,2,2
FIXTURE:ufo:mtch:1vl-082,2,2
FIXTURE:ufo:mtch:1vl-08e,2,2
FIXTURE:ufo:mtch:1vl-08i,2,2
FIXTURE:ufo:mtch:1vl-08x,2,2
FIXTURE:ufo:mtch:1vl-08y,2,2
FIXTURE:ufo:mtch:1vl-093,2,2
FIXTURE:ufo:mtch:1vl-094,2,2
FIXTURE:ufo:mtch:1vl-095,2,2
FIXTURE:ufo:mtch:1vl-096,2,2
FIXTURE:ufo:mtch:1vl-09a,2,2
FIXTURE:ufo:mtch:1vl-09b,2,2
FIXTURE:ufo:mtch:1vl-09c,2,2
FIXTURE:ufo:mtch:1vl-09k,2,2
FIXTURE:ufo:mtch:1vl-0a6,2,2
FIXTURE:ufo:mtch:1vl-0da,2,2
FIXTURE:ufo:mtch:1vl-0df,2,2
FIXTURE:ufo:mtch:1vl-0dl,2,2
FIXTURE:ufo:mtch:1vl-0dm,2,2
FIXTURE:ufo:mtch:1vl-0et,2,2
FIXTURE:ufo:mtch:1vl-0fq,2,2
FIXTURE:ufo:mtch:1vl-0fv,2,2
FIXTURE:ufo:mtch:1vl-0fy,2,2
FIXTURE:ufo:mtch:1vl-0fz,2,2
FIXTURE:ufo:mtch:1vl-0g1,2,2
FIXTURE:ufo:mtch:1vl-0g8,2,2
FIXTURE:ufo:mtch:1vl-0gn,2,2
FIXTURE:ufo:mtch:1vl-0gt,2,2
FIXTURE:ufo:mtch:1vl-0h1,2,2
FIXTURE:ufo:mtch:1vl-0i4,2,2
FIXTURE:ufo:mtch:1vl-0il,2,2
FIXTURE:ufo:mtch:1vl-0in,2,2
FIXTURE:ufo:mtch:1vl-0ip,2,2
FIXTURE:ufo:mtch:1vl-0iw,2,2
FIXTURE:ufo:mtch:1vl-0iz,2,2
FIXTURE:ufo:mtch:1vl-0jb,2,2
FIXTURE:ufo:mtch:1vl-0jk,2,2
FIXTURE:ufo:mtch:1vl-0jr,2,2
FIXTURE:ufo:mtch:1vl-0k2,2,2
FIXTURE:ufo:mtch:1vl-0ki,2,2
FIXTURE:ufo:mtch:1vl-0lu,2,2
FIXTURE:ufo:mtch:1vl-0ml,2,2
FIXTURE:ufo:mtch:1vl-0mp,2,2
FIXTURE:ufo:mtch:1vl-0nn,2,2
FIXTURE:ufo:mtch:1vl-0nt,2,2
FIXTURE:ufo:mtch:1vl-0ou,2,2
FIXTURE:ufo:mtch:1vl-0pa,2,2
FIXTURE:ufo:mtch:1vl-0r6,2,2
FIXTURE:ufo:mtch:1vl-0su,2,2
FIXTURE:ufo:mtch:1vl-0sz,2,2
FIXTURE:ufo:mtch:1vl-0t5,2,2
FIXTURE:ufo:mtch:1vl-0u0,2,2
FIXTURE:ufo:mtch:1vl-0v3,2,2
FIXTURE:ufo:mtch:1vl-0vk,2,2
FIXTURE:ufo:mtch:1vl-0vr,2,2
FIXTURE:ufo:mtch:1vl-0vv,2,2
FIXTURE:ufo:mtch:1vl-0xs,2,2
FIXTURE:ufo:mtch:1vl-0yl,2,2
FIXTURE:ufo:mtch:1vl-0zy,2,2
FIXTURE:ufo:mtch:1vl-10z,2,2
FIXTURE:ufo:mtch:1vl-110,2,2
FIXTURE:ufo:mtch:1vl-111,2,2
FIXTURE:ufo:mtch:1vl-11a,2,2
FIXTURE:ufo:mtch:1vl-11o,2,2
FIXTURE:ufo:mtch:1vl-120,2,2
FIXTURE:ufo:mtch:1vl-13g,2,2
FIXTURE:ufo:mtch:1vl-15b,2,2
FIXTURE:ufo:mtch:1vl-15k,2,2
FIXTURE:ufo:mtch:1vl-185,2,2
FIXTURE:ufo:mtch:1vl-187,2,2
FIXTURE:ufo:mtch:1vl-18h,2,2
FIXTURE:ufo:mtch:1vl-18m,2,2
FIXTURE:ufo:mtch:1vl-18o,2,2
FIXTURE:ufo:mtch:1vl-1n1,2,2
FIXTURE:ufo:mtch:1vl-1nx,2,2
FIXTURE:ufo:mtch:1vl-1o0,2,2
FIXTURE:ufo:mtch:1vl-1og,2,2
FIXTURE:ufo:mtch:1vl-1ov,2,2
FIXTURE:ufo:mtch:1vl-1p0,2,2
FIXTURE:ufo:mtch:1vl-1pd,2,2
FIXTURE:ufo:mtch:1vl-1r9,2,2
FIXTURE:ufo:mtch:1vl-1s2,2,2
FIXTURE:ufo:mtch:1vl-1sg,2,2
FIXTURE:ufo:mtch:1vl-1yu,2,2
FIXTURE:ufo:mtch:1vl-1z4,2,2
FIXTURE:ufo:mtch:1vl-206,2,2
FIXTURE:ufo:mtch:1vl-21c,2,2
FIXTURE:ufo:mtch:1vl-221,2,2
FIXTURE:ufo:mtch:1vl-22a,2,2
FIXTURE:ufo:mtch:1vl-23d,2,2
FIXTURE:ufo:mtch:1vl-29b,2,2
FIXTURE:ufo:mtch:1vl-2by,2,2
FIXTURE:ufo:mtch:1vl-2c9,2,2
FIXTURE:ufo:mtch:1vl-2cx,2,2
FIXTURE:ufo:mtch:1vl-2d1,2,2
FIXTURE:ufo:mtch:1vl-2d4,2,2
FIXTURE:ufo:mtch:1vl-2d7,2,2
FIXTURE:ufo:mtch:1vl-2es,2,2
FIXTURE:ufo:mtch:1vl-2f0,2,2
FIXTURE:ufo:mtch:1vl-2g3,2,2
FIXTURE:ufo:mtch:1vl-2k8,2,2
FIXTURE:ufo:mtch:1vl-2kn,2,2
FIXTURE:ufo:mtch:1vl-2l4,2,2
FIXTURE:ufo:mtch:1vl-2my,2,2
FIXTURE:ufo:mtch:1vl-2n6,2,2
FIXTURE:ufo:mtch:1vl-2oa,2,2
FIXTURE:ufo:mtch:1vl-2oc,2,2
FIXTURE:ufo:mtch:1vl-2of,2,2
FIXTURE:ufo:mtch:1vl-2og,2,2
FIXTURE:ufo:mtch:1vl-2oj,2,2
FIXTURE:ufo:mtch:1vl-2ok,2,2
FIXTURE:ufo:mtch:1vl-2ol,2,2
FIXTURE:ufo:mtch:1vl-2pl,2,2
FIXTURE:ufo:mtch:1vl-2pr,2,2
FIXTURE:ufo:mtch:1vl-2rt,2,2
FIXTURE:ufo:mtch:1vl-2x2,2,2
FIXTURE:ufo:mtch:1vl-31c,2,2
FIXTURE:ufo:mtch:1vl-31m,2,2
FIXTURE:ufo:mtch:1vl-34m,2,2
FIXTURE:ufo:mtch:1vl-3eo,2,2
FIXTURE:ufo:mtch:1vl-3er,2,2
FIXTURE:ufo:mtch:1vl-3h3,2,2
FIXTURE:ufo:mtch:1vl-3hj,2,2
FIXTURE:ufo:mtch:1vl-3hp,2,2
FIXTURE:ufo:mtch:1vl-3ic,2,2
FIXTURE:ufo:mtch:1vl-3im,2,2
FIXTURE:ufo:mtch:1vm-005,2,2
FIXTURE:ufo:mtch:1vm-00k,2,2
FIXTURE:ufo:mtch:1vm-02g,2,2
FIXTURE:ufo:mtch:1vm-02h,2,2
FIXTURE:ufo:mtch:1vm-03d,2,2
FIXTURE:ufo:mtch:1vm-03j,2,2
FIXTURE:ufo:mtch:1vm-04m,2,2
FIXTURE:ufo:mtch:1vm-04x,2,2
FIXTURE:ufo:mtch:1vm-056,2,2
FIXTURE:ufo:mtch:1vm-059,2,2
FIXTURE:ufo:mtch:1vm-05i,2,2
FIXTURE:ufo:mtch:1vm-05s,2,2
FIXTURE:ufo:mtch:1vm-05z,2,2
FIXTURE:ufo:mtch:1vm-064,2,2
FIXTURE:ufo:mtch:1vm-072,2,2
FIXTURE:ufo:mtch:1vm-0cj,2,2
FIXTURE:ufo:mtch:1vm-0ct,2,2
FIXTURE:ufo:mtch:1vm-0cv,2,2
FIXTURE:ufo:mtch:1vm-0d1,2,2
FIXTURE:ufo:mtch:1vm-0jb,2,2
FIXTURE:ufo:mtch:1vm-0jo,2,2
FIXTURE:ufo:mtch:1vm-0l4,2,2
FIXTURE:ufo:mtch:1vm-0l7,2,2
FIXTURE:ufo:mtch:1vm-0md,2,2
FIXTURE:ufo:mtch:1vm-0o4,2,2
FIXTURE:ufo:mtch:1vm-0oe,2,2
FIXTURE:ufo:mtch:1vm-0wo,2,2
FIXTURE:ufo:mtch:1vm-0z9,2,2
FIXTURE:ufo:mtch:1vm-114,2,2
FIXTURE:ufo:mtch:1vm-12t,2,2
FIXTURE:ufo:mtch:1vm-19w,2,2
FIXTURE:ufo:mtch:1vm-1a8,2,2
FIXTURE:ufo:mtch:1vm-1ah,2,2
FIXTURE:ufo:mtch:1vm-1bj,2,2
FIXTURE:ufo:mtch:1vm-1bq,2,2
FIXTURE:ufo:mtch:1vm-1br,2,2
FIXTURE:ufo:mtch:1vm-1c8,2,2
FIXTURE:ufo:mtch:1vm-1cl,2,2
FIXTURE:ufo:mtch:1vm-1d5,2,2
FIXTURE:ufo:mtch:1vm-1dd,2,2
FIXTURE:ufo:mtch:1vm-1dq,2,2
FIXTURE:ufo:mtch:1vm-1dt,2,2
FIXTURE:ufo:mtch:1vm-1en,2,2
FIXTURE:ufo:mtch:1vm-1f7,2,2
FIXTURE:ufo:mtch:1vm-1ff,2,2
FIXTURE:ufo:mtch:1vm-1fm,2,2
FIXTURE:ufo:mtch:1vm-1gb,2,2
FIXTURE:ufo:mtch:1vm-1j6,2,2
FIXTURE:ufo:mtch:1vm-1op,2,2
FIXTURE:ufo:mtch:1vm-1oz,2,2
FIXTURE:ufo:mtch:1vm-1p4,2,2
FIXTURE:ufo:mtch:1vm-1pb,2,2
FIXTURE:ufo:mtch:1vm-1qz,2,2
FIXTURE:ufo:mtch:1vm-1so,2,2
FIXTURE:ufo:mtch:1vm-1st,2,2
FIXTURE:ufo:mtch:1vm-1t5,2,2
FIXTURE:ufo:mtch:1vm-1t6,2,2
FIXTURE:ufo:mtch:1vm-1t7,2,2
FIXTURE:ufo:mtch:1vm-1un,2,2
FIXTURE:ufo:mtch:1vm-21w,2,2
FIXTURE:ufo:mtch:1vm-23k,2,2
FIXTURE:ufo:mtch:1vm-23r,2,2
FIXTURE:ufo:mtch:1vm-26s,2,2
FIXTURE:ufo:mtch:1vm-26x,2,2
FIXTURE:ufo:mtch:1vm-27d,2,2
FIXTURE:ufo:mtch:1vm-28l,2,2
FIXTURE:ufo:mtch:1vm-28t,2,2
FIXTURE:ufo:mtch:1vm-2k9,2,2
FIXTURE:ufo:mtch:1vm-2ku,2,2
FIXTURE:ufo:mtch:1vm-2l7,2,2
FIXTURE:ufo:mtch:1vm-2ld,2,2
FIXTURE:ufo:mtch:1vm-2r4,2,2
FIXTURE:ufo:mtch:1vm-2r8,2,2
FIXTURE:ufo:mtch:1vm-2si,2,2
FIXTURE:ufo:mtch:1vn-00g,2,2
FIXTURE:ufo:mtch:1vn-00i,2,2
FIXTURE:ufo:mtch:1vn-019,2,2
FIXTURE:ufo:mtch:1vn-07b,2,2
FIXTURE:ufo:mtch:1vo-01z,2,2
FIXTURE:ufo:mtch:1vo-07e,2,2
FIXTURE:ufo:mtch:1vs-01a,2,2
FIXTURE:ufo:mtch:1vy-02h,2,2
FIXTURE:ufo:mtch:1wa-00q,2,2
FIXTURE:ufo:mtch:1wa-00w,2,2
FIXTURE:ufo:otrt:1uy-03n,2,2
FIXTURE:ufo:otrt:1v7-001,2,2
FIXTURE:ufo:otrt:1vd-012,2,2
FIXTURE:ufo:otrt:1vj-000,2,2
FIXTURE:ufo:otrt:1x0-000,2,2
FIXTURE:ufo:race:1v1-0i0,2,2
FIXTURE:ufo:race:1v1-0zx,2,2
FIXTURE:ufo:race:1v1-1vj,2,2
FIXTURE:ufo:race:1v4-2gk,2,2
FIXTURE:ufo:race:1v4-2gu,2,2
FIXTURE:ufo:race:1v7-32d,2,2
FIXTURE:ufo:mtch:1ur-00j,1,1
FIXTURE:ufo:mtch:1ur-064,1,1
FIXTURE:ufo:mtch:1us-03t,1,1
FIXTURE:ufo:mtch:1us-056,1,1
FIXTURE:ufo:mtch:1us-06k,1,1
FIXTURE:ufo:mtch:1us-07u,1,1
FIXTURE:ufo:mtch:1us-08v,1,1
FIXTURE:ufo:mtch:1us-0at,1,1
FIXTURE:ufo:mtch:1us-0c9,1,1
FIXTURE:ufo:mtch:1us-0cz,1,1
FIXTURE:ufo:mtch:1us-0df,1,1
FIXTURE:ufo:mtch:1us-0dh,1,1
FIXTURE:ufo:mtch:1us-0dp,1,1
FIXTURE:ufo:mtch:1us-0dq,1,1
FIXTURE:ufo:mtch:1us-0ew,1,1
FIXTURE:ufo:mtch:1us-0g2,1,1
FIXTURE:ufo:mtch:1us-0gi,1,1
FIXTURE:ufo:mtch:1us-0kq,1,1
FIXTURE:ufo:mtch:1us-0pi,1,1
FIXTURE:ufo:mtch:1us-0re,1,1
FIXTURE:ufo:mtch:1us-0ro,1,1
FIXTURE:ufo:mtch:1us-0rs,1,1
FIXTURE:ufo:mtch:1us-0te,1,1
FIXTURE:ufo:mtch:1us-0tx,1,1
FIXTURE:ufo:mtch:1us-0tz,1,1
FIXTURE:ufo:mtch:1us-0xh,1,1
FIXTURE:ufo:mtch:1us-0xl,1,1
FIXTURE:ufo:mtch:1us-0za,1,1
FIXTURE:ufo:mtch:1us-12u,1,1
FIXTURE:ufo:mtch:1us-142,1,1
FIXTURE:ufo:mtch:1us-147,1,1
FIXTURE:ufo:mtch:1us-15e,1,1
FIXTURE:ufo:mtch:1us-1j6,1,1
FIXTURE:ufo:mtch:1us-1jz,1,1
FIXTURE:ufo:mtch:1us-1li,1,1
FIXTURE:ufo:mtch:1us-1lp,1,1
FIXTURE:ufo:mtch:1us-1ls,1,1
FIXTURE:ufo:mtch:1us-1mj,1,1
FIXTURE:ufo:mtch:1us-1mw,1,1
FIXTURE:ufo:mtch:1us-1ra,1,1
FIXTURE:ufo:mtch:1us-1uq,1,1
FIXTURE:ufo:mtch:1us-2cm,1,1
FIXTURE:ufo:mtch:1us-2fl,1,1
FIXTURE:ufo:mtch:1us-2g4,1,1
FIXTURE:ufo:mtch:1us-2k8,1,1
FIXTURE:ufo:mtch:1us-2o5,1,1
FIXTURE:ufo:mtch:1us-2r1,1,1
FIXTURE:ufo:mtch:1us-2ra,1,1
FIXTURE:ufo:mtch:1us-2rn,1,1
FIXTURE:ufo:mtch:1us-2va,1,1
FIXTURE:ufo:mtch:1us-2w0,1,1
FIXTURE:ufo:mtch:1us-2wh,1,1
FIXTURE:ufo:mtch:1us-2wo,1,1
FIXTURE:ufo:mtch:1us-2x7,1,1
FIXTURE:ufo:mtch:1us-2xz,1,1
FIXTURE:ufo:mtch:1us-2yb,1,1
FIXTURE:ufo:mtch:1us-2yt,1,1
FIXTURE:ufo:mtch:1us-30c,1,1
FIXTURE:ufo:mtch:1us-350,1,1
FIXTURE:ufo:mtch:1ut-02n,1,1
FIXTURE:ufo:mtch:1ut-06u,1,1
FIXTURE:ufo:mtch:1ut-072,1,1
FIXTURE:ufo:mtch:1ut-08o,1,1
FIXTURE:ufo:mtch:1ut-0cw,1,1
FIXTURE:ufo:mtch:1ut-0ec,1,1
FIXTURE:ufo:mtch:1ut-0ev,1,1
FIXTURE:ufo:mtch:1ut-0g4,1,1
FIXTURE:ufo:mtch:1ut-0h0,1,1
FIXTURE:ufo:mtch:1ut-0jk,1,1
FIXTURE:ufo:mtch:1ut-0kk,1,1
FIXTURE:ufo:mtch:1ut-0o8,1,1
FIXTURE:ufo:mtch:1ut-0ol,1,1
FIXTURE:ufo:mtch:1ut-0th,1,1
FIXTURE:ufo:mtch:1ut-0u2,1,1
FIXTURE:ufo:mtch:1ut-0w8,1,1
FIXTURE:ufo:mtch:1ut-0wh,1,1
FIXTURE:ufo:mtch:1ut-1df,1,1
FIXTURE:ufo:mtch:1ut-1f9,1,1
FIXTURE:ufo:mtch:1ut-1h3,1,1
FIXTURE:ufo:mtch:1ut-1hl,1,1
FIXTURE:ufo:mtch:1ut-1i2,1,1
FIXTURE:ufo:mtch:1ut-1ig,1,1
FIXTURE:ufo:mtch:1ut-1iy,1,1
FIXTURE:ufo:mtch:1ut-1ji,1,1
FIXTURE:ufo:mtch:1ut-1k3,1,1
FIXTURE:ufo:mtch:1ut-1kp,1,1
FIXTURE:ufo:mtch:1ut-1ms,1,1
FIXTURE:ufo:mtch:1ut-1tr,1,1
FIXTURE:ufo:mtch:1ut-1tx,1,1
FIXTURE:ufo:mtch:1ut-1v1,1,1
FIXTURE:ufo:mtch:1ut-1vs,1,1
FIXTURE:ufo:mtch:1ut-1vz,1,1
FIXTURE:ufo:mtch:1ut-1xg,1,1
FIXTURE:ufo:mtch:1ut-1ym,1,1
FIXTURE:ufo:mtch:1ut-1zi,1,1
FIXTURE:ufo:mtch:1ut-27v,1,1
FIXTURE:ufo:mtch:1ut-29z,1,1
FIXTURE:ufo:mtch:1ut-2bt,1,1
FIXTURE:ufo:mtch:1ut-2bu,1,1
FIXTURE:ufo:mtch:1ut-2cn,1,1
FIXTURE:ufo:mtch:1ut-2cr,1,1
FIXTURE:ufo:mtch:1ut-2du,1,1
FIXTURE:ufo:mtch:1ut-2dv,1,1
FIXTURE:ufo:mtch:1ut-2dw,1,1
FIXTURE:ufo:mtch:1ut-2eg,1,1
FIXTURE:ufo:mtch:1ut-2hu,1,1
FIXTURE:ufo:mtch:1ut-2l8,1,1
FIXTURE:ufo:mtch:1ut-2lx,1,1
FIXTURE:ufo:mtch:1ut-2n8,1,1
FIXTURE:ufo:mtch:1ut-2ow,1,1
FIXTURE:ufo:mtch:1ut-2px,1,1
FIXTURE:ufo:mtch:1ut-2qu,1,1
FIXTURE:ufo:mtch:1ut-2wo,1,1
FIXTURE:ufo:mtch:1uu-01i,1,1
FIXTURE:ufo:mtch:1uu-02k,1,1
FIXTURE:ufo:mtch:1uu-034,1,1
FIXTURE:ufo:mtch:1uu-03g,1,1
FIXTURE:ufo:mtch:1uu-03o,1,1
FIXTURE:ufo:mtch:1uu-05f,1,1
FIXTURE:ufo:mtch:1uu-05h,1,1
FIXTURE:ufo:mtch:1uu-0ao,1,1
FIXTURE:ufo:mtch:1uu-0ar,1,1
FIXTURE:ufo:mtch:1uu-0bl,1,1
FIXTURE:ufo:mtch:1uu-0db,1,1
FIXTURE:ufo:mtch:1uu-0u5,1,1
FIXTURE:ufo:mtch:1uu-0u9,1,1
FIXTURE:ufo:mtch:1uu-0x8,1,1
FIXTURE:ufo:mtch:1uu-0xp,1,1
FIXTURE:ufo:mtch:1uu-0xw,1,1
FIXTURE:ufo:mtch:1uu-11z,1,1
FIXTURE:ufo:mtch:1uu-140,1,1
FIXTURE:ufo:mtch:1uu-145,1,1
FIXTURE:ufo:mtch:1uu-14i,1,1
FIXTURE:ufo:mtch:1uu-152,1,1
FIXTURE:ufo:mtch:1uu-18t,1,1
FIXTURE:ufo:mtch:1uu-19d,1,1
FIXTURE:ufo:mtch:1uu-19v,1,1
FIXTURE:ufo:mtch:1uu-19y,1,1
FIXTURE:ufo:mtch:1uu-1bq,1,1
FIXTURE:ufo:mtch:1uu-1cr,1,1
FIXTURE:ufo:mtch:1uu-1d2,1,1
FIXTURE:ufo:mtch:1uu-1e9,1,1
FIXTURE:ufo:mtch:1uu-1ed,1,1
FIXTURE:ufo:mtch:1uu-1f6,1,1
FIXTURE:ufo:mtch:1uu-1fn,1,1
FIXTURE:ufo:mtch:1uu-1ft,1,1
FIXTURE:ufo:mtch:1uu-1h5,1,1
FIXTURE:ufo:mtch:1uu-1hp,1,1
FIXTURE:ufo:mtch:1uu-1ih,1,1
FIXTURE:ufo:mtch:1uu-1ll,1,1
FIXTURE:ufo:mtch:1uu-1m1,1,1
FIXTURE:ufo:mtch:1uu-1n1,1,1
FIXTURE:ufo:mtch:1uu-1s1,1,1
FIXTURE:ufo:mtch:1uu-20c,1,1
FIXTURE:ufo:mtch:1uu-21e,1,1
FIXTURE:ufo:mtch:1uu-21z,1,1
FIXTURE:ufo:mtch:1uu-223,1,1
FIXTURE:ufo:mtch:1uu-23r,1,1
FIXTURE:ufo:mtch:1uu-24c,1,1
FIXTURE:ufo:mtch:1uu-24h,1,1
FIXTURE:ufo:mtch:1uu-26m,1,1
FIXTURE:ufo:mtch:1uu-26x,1,1
FIXTURE:ufo:mtch:1uu-282,1,1
FIXTURE:ufo:mtch:1uu-290,1,1
FIXTURE:ufo:mtch:1uu-2b5,1,1
FIXTURE:ufo:mtch:1uu-2dr,1,1
FIXTURE:ufo:mtch:1uu-2eg,1,1
FIXTURE:ufo:mtch:1uu-2eq,1,1
FIXTURE:ufo:mtch:1uv-003,1,1
FIXTURE:ufo:mtch:1uv-03t,1,1
FIXTURE:ufo:mtch:1uv-059,1,1
FIXTURE:ufo:mtch:1uv-07v,1,1
FIXTURE:ufo:mtch:1uv-09v,1,1
FIXTURE:ufo:mtch:1uv-0am,1,1
FIXTURE:ufo:mtch:1uv-0an,1,1
FIXTURE:ufo:mtch:1uv-0ef,1,1
FIXTURE:ufo:mtch:1uv-0gq,1,1
FIXTURE:ufo:mtch:1uv-0io,1,1
FIXTURE:ufo:mtch:1uv-0sh,1,1
FIXTURE:ufo:mtch:1uv-0sw,1,1
FIXTURE:ufo:mtch:1uv-0xl,1,1
FIXTURE:ufo:mtch:1uv-123,1,1
FIXTURE:ufo:mtch:1uv-12c,1,1
FIXTURE:ufo:mtch:1uv-13m,1,1
FIXTURE:ufo:mtch:1uv-14m,1,1
FIXTURE:ufo:mtch:1uv-158,1,1
FIXTURE:ufo:mtch:1uv-159,1,1
FIXTURE:ufo:mtch:1uv-15h,1,1
FIXTURE:ufo:mtch:1uv-15z,1,1
FIXTURE:ufo:mtch:1uv-162,1,1
FIXTURE:ufo:mtch:1uv-1ax,1,1
FIXTURE:ufo:mtch:1uv-1ci,1,1
FIXTURE:ufo:mtch:1uv-1eg,1,1
FIXTURE:ufo:mtch:1uv-1gb,1,1
FIXTURE:ufo:mtch:1uv-1id,1,1
FIXTURE:ufo:mtch:1uv-1jr,1,1
FIXTURE:ufo:mtch:1uv-1mz,1,1
FIXTURE:ufo:mtch:1uv-1p7,1,1
FIXTURE:ufo:mtch:1uv-1pd,1,1
FIXTURE:ufo:mtch:1uv-24g,1,1
FIXTURE:ufo:mtch:1uv-25c,1,1
FIXTURE:ufo:mtch:1uv-25d,1,1
FIXTURE:ufo:mtch:1uv-25e,1,1
FIXTURE:ufo:mtch:1uv-25w,1,1
FIXTURE:ufo:mtch:1uv-2a2,1,1
FIXTURE:ufo:mtch:1uv-2as,1,1
FIXTURE:ufo:mtch:1uv-2g2,1,1
FIXTURE:ufo:mtch:1uv-2ig,1,1
FIXTURE:ufo:mtch:1uv-2ns,1,1
FIXTURE:ufo:mtch:1uv-2ob,1,1
FIXTURE:ufo:mtch:1uw-00q,1,1
FIXTURE:ufo:mtch:1uw-01p,1,1
FIXTURE:ufo:mtch:1uw-03h,1,1
FIXTURE:ufo:mtch:1uw-0a2,1,1
FIXTURE:ufo:mtch:1uw-0am,1,1
FIXTURE:ufo:mtch:1uw-0b6,1,1
FIXTURE:ufo:mtch:1uw-127,1,1
FIXTURE:ufo:mtch:1uw-17k,1,1
FIXTURE:ufo:mtch:1uw-17n,1,1
FIXTURE:ufo:mtch:1uw-1b0,1,1
FIXTURE:ufo:mtch:1uw-1bv,1,1
FIXTURE:ufo:mtch:1uw-1ix,1,1
FIXTURE:ufo:mtch:1uw-1je,1,1
FIXTURE:ufo:mtch:1uw-1l8,1,1
FIXTURE:ufo:mtch:1uw-1ma,1,1
FIXTURE:ufo:mtch:1uw-1r0,1,1
FIXTURE:ufo:mtch:1uw-1tr,1,1
FIXTURE:ufo:mtch:1uw-27i,1,1
FIXTURE:ufo:mtch:1uw-28a,1,1
FIXTURE:ufo:mtch:1uw-29t,1,1
FIXTURE:ufo:mtch:1uw-2em,1,1
FIXTURE:ufo:mtch:1uw-2fe,1,1
FIXTURE:ufo:mtch:1uw-2fm,1,1
FIXTURE:ufo:mtch:1uw-2vo,1,1
FIXTURE:ufo:mtch:1ux-017,1,1
FIXTURE:ufo:mtch:1ux-01m,1,1
FIXTURE:ufo:mtch:1ux-022,1,1
FIXTURE:ufo:mtch:1ux-08w,1,1
FIXTURE:ufo:mtch:1ux-0cl,1,1
FIXTURE:ufo:mtch:1ux-0cm,1,1
FIXTURE:ufo:mtch:1ux-0sf,1,1
FIXTURE:ufo:mtch:1ux-0u3,1,1
FIXTURE:ufo:mtch:1ux-0ys,1,1
FIXTURE:ufo:mtch:1ux-111,1,1
FIXTURE:ufo:mtch:1ux-17s,1,1
FIXTURE:ufo:mtch:1ux-1fb,1,1
FIXTURE:ufo:mtch:1ux-1fr,1,1
FIXTURE:ufo:mtch:1ux-1fw,1,1
FIXTURE:ufo:mtch:1ux-1hm,1,1
FIXTURE:ufo:mtch:1ux-1j7,1,1
FIXTURE:ufo:mtch:1ux-1l4,1,1
FIXTURE:ufo:mtch:1ux-1lm,1,1
FIXTURE:ufo:mtch:1ux-1nq,1,1
FIXTURE:ufo:mtch:1ux-1nr,1,1
FIXTURE:ufo:mtch:1ux-1nu,1,1
FIXTURE:ufo:mtch:1ux-1oz,1,1
FIXTURE:ufo:mtch:1ux-1p4,1,1
FIXTURE:ufo:mtch:1ux-1r4,1,1
FIXTURE:ufo:mtch:1ux-1s0,1,1
FIXTURE:ufo:mtch:1ux-25t,1,1
FIXTURE:ufo:mtch:1ux-267,1,1
FIXTURE:ufo:mtch:1ux-28o,1,1
FIXTURE:ufo:mtch:1ux-29g,1,1
FIXTURE:ufo:mtch:1ux-2bx,1,1
FIXTURE:ufo:mtch:1ux-2cq,1,1
FIXTURE:ufo:mtch:1ux-2ct,1,1
FIXTURE:ufo:mtch:1ux-2ds,1,1
FIXTURE:ufo:mtch:1ux-2dw,1,1
FIXTURE:ufo:mtch:1ux-2ee,1,1
FIXTURE:ufo:mtch:1ux-2ey,1,1
FIXTURE:ufo:mtch:1ux-2f1,1,1
FIXTURE:ufo:mtch:1ux-2f8,1,1
FIXTURE:ufo:mtch:1ux-2g2,1,1
FIXTURE:ufo:mtch:1ux-2gn,1,1
FIXTURE:ufo:mtch:1ux-2ij,1,1
FIXTURE:ufo:mtch:1ux-2iq,1,1
FIXTURE:ufo:mtch:1ux-2jh,1,1
FIXTURE:ufo:mtch:1ux-2jq,1,1
FIXTURE:ufo:mtch:1ux-2kn,1,1
FIXTURE:ufo:mtch:1ux-2lj,1,1
FIXTURE:ufo:mtch:1ux-2ql,1,1
FIXTURE:ufo:mtch:1ux-2uh,1,1
FIXTURE:ufo:mtch:1uy-00t,1,1
FIXTURE:ufo:mtch:1uy-00y,1,1
FIXTURE:ufo:mtch:1uy-03v,1,1
FIXTURE:ufo:mtch:1uy-04f,1,1
FIXTURE:ufo:mtch:1uy-05d,1,1
FIXTURE:ufo:mtch:1uy-09m,1,1
FIXTURE:ufo:mtch:1uy-0cp,1,1
FIXTURE:ufo:mtch:1uy-0gl,1,1
FIXTURE:ufo:mtch:1uy-0sk,1,1
FIXTURE:ufo:mtch:1uy-0ut,1,1
FIXTURE:ufo:mtch:1uy-0wu,1,1
FIXTURE:ufo:mtch:1uy-0xu,1,1
FIXTURE:ufo:mtch:1uy-1cy,1,1
FIXTURE:ufo:mtch:1uy-1hp,1,1
FIXTURE:ufo:mtch:1uy-1ko,1,1
FIXTURE:ufo:mtch:1uy-1lb,1,1
FIXTURE:ufo:mtch:1uy-1lq,1,1
FIXTURE:ufo:mtch:1uy-1m6,1,1
FIXTURE:ufo:mtch:1uy-1m7,1,1
FIXTURE:ufo:mtch:1uy-1on,1,1
FIXTURE:ufo:mtch:1uy-1re,1,1
FIXTURE:ufo:mtch:1uy-1td,1,1
FIXTURE:ufo:mtch:1uy-1tq,1,1
FIXTURE:ufo:mtch:1uy-26s,1,1
FIXTURE:ufo:mtch:1uy-27e,1,1
FIXTURE:ufo:mtch:1uy-2av,1,1
FIXTURE:ufo:mtch:1uy-2ey,1,1
FIXTURE:ufo:mtch:1uy-2l5,1,1
FIXTURE:ufo:mtch:1uy-2wi,1,1
FIXTURE:ufo:mtch:1uz-013,1,1
FIXTURE:ufo:mtch:1uz-023,1,1
FIXTURE:ufo:mtch:1uz-040,1,1
FIXTURE:ufo:mtch:1uz-04m,1,1
FIXTURE:ufo:mtch:1uz-04q,1,1
FIXTURE:ufo:mtch:1uz-04r,1,1
FIXTURE:ufo:mtch:1uz-05x,1,1
FIXTURE:ufo:mtch:1uz-06u,1,1
FIXTURE:ufo:mtch:1uz-08f,1,1
FIXTURE:ufo:mtch:1uz-09q,1,1
FIXTURE:ufo:mtch:1uz-09r,1,1
FIXTURE:ufo:mtch:1uz-09w,1,1
FIXTURE:ufo:mtch:1uz-0a6,1,1
FIXTURE:ufo:mtch:1uz-0br,1,1
FIXTURE:ufo:mtch:1uz-0c3,1,1
FIXTURE:ufo:mtch:1uz-0em,1,1
FIXTURE:ufo:mtch:1uz-0ft,1,1
FIXTURE:ufo:mtch:1uz-0gw,1,1
FIXTURE:ufo:mtch:1uz-0gy,1,1
FIXTURE:ufo:mtch:1uz-0k8,1,1
FIXTURE:ufo:mtch:1uz-0nh,1,1
FIXTURE:ufo:mtch:1uz-0t4,1,1
FIXTURE:ufo:mtch:1uz-0vp,1,1
FIXTURE:ufo:mtch:1uz-0w3,1,1
FIXTURE:ufo:mtch:1uz-0xv,1,1
FIXTURE:ufo:mtch:1uz-105,1,1
FIXTURE:ufo:mtch:1uz-11o,1,1
FIXTURE:ufo:mtch:1uz-122,1,1
FIXTURE:ufo:mtch:1uz-1v6,1,1
FIXTURE:ufo:mtch:1uz-1wu,1,1
FIXTURE:ufo:mtch:1uz-1y8,1,1
FIXTURE:ufo:mtch:1uz-1z4,1,1
FIXTURE:ufo:mtch:1uz-217,1,1
FIXTURE:ufo:mtch:1uz-29x,1,1
FIXTURE:ufo:mtch:1uz-2bf,1,1
FIXTURE:ufo:mtch:1uz-2cq,1,1
FIXTURE:ufo:mtch:1uz-2e6,1,1
FIXTURE:ufo:mtch:1uz-2fq,1,1
FIXTURE:ufo:mtch:1uz-2gs,1,1
FIXTURE:ufo:mtch:1uz-2gw,1,1
FIXTURE:ufo:mtch:1uz-2ht,1,1
FIXTURE:ufo:mtch:1uz-2nt,1,1
FIXTURE:ufo:mtch:1uz-2x5,1,1
FIXTURE:ufo:mtch:1uz-2xc,1,1
FIXTURE:ufo:mtch:1uz-2yd,1,1
FIXTURE:ufo:mtch:1uz-2yy,1,1
FIXTURE:ufo:mtch:1uz-2zm,1,1
FIXTURE:ufo:mtch:1uz-32k,1,1
FIXTURE:ufo:mtch:1uz-33s,1,1
FIXTURE:ufo:mtch:1uz-34x,1,1
FIXTURE:ufo:mtch:1uz-36a,1,1
FIXTURE:ufo:mtch:1uz-38x,1,1
FIXTURE:ufo:mtch:1uz-39k,1,1
FIXTURE:ufo:mtch:1uz-3gq,1,1
FIXTURE:ufo:mtch:1uz-3hf,1,1
FIXTURE:ufo:mtch:1uz-3ht,1,1
FIXTURE:ufo:mtch:1uz-3kd,1,1
FIXTURE:ufo:mtch:1uz-3lk,1,1
FIXTURE:ufo:mtch:1uz-3n9,1,1
FIXTURE:ufo:mtch:1v0-026,1,1
FIXTURE:ufo:mtch:1v0-02u,1,1
FIXTURE:ufo:mtch:1v0-03s,1,1
FIXTURE:ufo:mtch:1v0-03y,1,1
FIXTURE:ufo:mtch:1v0-043,1,1
FIXTURE:ufo:mtch:1v0-044,1,1
FIXTURE:ufo:mtch:1v0-069,1,1
FIXTURE:ufo:mtch:1v0-06w,1,1
FIXTURE:ufo:mtch:1v0-0af,1,1
FIXTURE:ufo:mtch:1v0-0fk,1,1
FIXTURE:ufo:mtch:1v0-0hx,1,1
FIXTURE:ufo:mtch:1v0-0jy,1,1
FIXTURE:ufo:mtch:1v0-0rb,1,1
FIXTURE:ufo:mtch:1v0-17k,1,1
FIXTURE:ufo:mtch:1v0-17m,1,1
FIXTURE:ufo:mtch:1v0-1b1,1,1
FIXTURE:ufo:mtch:1v0-1bj,1,1
FIXTURE:ufo:mtch:1v0-1c9,1,1
FIXTURE:ufo:mtch:1v0-1gv,1,1
FIXTURE:ufo:mtch:1v0-1m2,1,1
FIXTURE:ufo:mtch:1v0-1m4,1,1
FIXTURE:ufo:mtch:1v0-1mc,1,1
FIXTURE:ufo:mtch:1v0-1mk,1,1
FIXTURE:ufo:mtch:1v0-1mn,1,1
FIXTURE:ufo:mtch:1v0-1nv,1,1
FIXTURE:ufo:mtch:1v0-1oy,1,1
FIXTURE:ufo:mtch:1v0-1xc,1,1
FIXTURE:ufo:mtch:1v0-21f,1,1
FIXTURE:ufo:mtch:1v0-268,1,1
FIXTURE:ufo:mtch:1v0-27e,1,1
FIXTURE:ufo:mtch:1v0-2f9,1,1
FIXTURE:ufo:mtch:1v0-2i6,1,1
FIXTURE:ufo:mtch:1v0-2s4,1,1
FIXTURE:ufo:mtch:1v1-07d,1,1
FIXTURE:ufo:mtch:1v1-0go,1,1
FIXTURE:ufo:mtch:1v1-0ta,1,1
FIXTURE:ufo:mtch:1v1-10c,1,1
FIXTURE:ufo:mtch:1v1-10q,1,1
FIXTURE:ufo:mtch:1v1-198,1,1
FIXTURE:ufo:mtch:1v1-1b8,1,1
FIXTURE:ufo:mtch:1v1-1dz,1,1
FIXTURE:ufo:mtch:1v1-1hz,1,1
FIXTURE:ufo:mtch:1v1-1ja,1,1
FIXTURE:ufo:mtch:1v1-1ka,1,1
FIXTURE:ufo:mtch:1v1-1lj,1,1
FIXTURE:ufo:mtch:1v1-1mc,1,1
FIXTURE:ufo:mtch:1v1-1vw,1,1
FIXTURE:ufo:mtch:1v1-1x2,1,1
FIXTURE:ufo:mtch:1v1-21q,1,1
FIXTURE:ufo:mtch:1v1-22m,1,1
FIXTURE:ufo:mtch:1v1-22u,1,1
FIXTURE:ufo:mtch:1v1-289,1,1
FIXTURE:ufo:mtch:1v1-28f,1,1
FIXTURE:ufo:mtch:1v1-2dy,1,1
FIXTURE:ufo:mtch:1v1-2ir,1,1
FIXTURE:ufo:mtch:1v2-047,1,1
FIXTURE:ufo:mtch:1v2-06e,1,1
FIXTURE:ufo:mtch:1v2-089,1,1
FIXTURE:ufo:mtch:1v2-08w,1,1
FIXTURE:ufo:mtch:1v2-0bi,1,1
FIXTURE:ufo:mtch:1v2-0bo,1,1
FIXTURE:ufo:mtch:1v2-0i3,1,1
FIXTURE:ufo:mtch:1v2-0if,1,1
FIXTURE:ufo:mtch:1v2-0la,1,1
FIXTURE:ufo:mtch:1v2-0qz,1,1
FIXTURE:ufo:mtch:1v2-0r7,1,1
FIXTURE:ufo:mtch:1v2-0w8,1,1
FIXTURE:ufo:mtch:1v2-0xg,1,1
FIXTURE:ufo:mtch:1v2-129,1,1
FIXTURE:ufo:mtch:1v2-13r,1,1
FIXTURE:ufo:mtch:1v2-144,1,1
FIXTURE:ufo:mtch:1v2-14j,1,1
FIXTURE:ufo:mtch:1v2-14o,1,1
FIXTURE:ufo:mtch:1v2-15o,1,1
FIXTURE:ufo:mtch:1v2-15t,1,1
FIXTURE:ufo:mtch:1v2-172,1,1
FIXTURE:ufo:mtch:1v2-1b5,1,1
FIXTURE:ufo:mtch:1v2-1ce,1,1
FIXTURE:ufo:mtch:1v2-1dh,1,1
FIXTURE:ufo:mtch:1v2-1ez,1,1
FIXTURE:ufo:mtch:1v2-1ks,1,1
FIXTURE:ufo:mtch:1v2-1p4,1,1
FIXTURE:ufo:mtch:1v2-1q3,1,1
FIXTURE:ufo:mtch:1v2-1qh,1,1
FIXTURE:ufo:mtch:1v2-1w4,1,1
FIXTURE:ufo:mtch:1v2-25o,1,1
FIXTURE:ufo:mtch:1v2-25s,1,1
FIXTURE:ufo:mtch:1v2-260,1,1
FIXTURE:ufo:mtch:1v2-26y,1,1
FIXTURE:ufo:mtch:1v2-280,1,1
FIXTURE:ufo:mtch:1v2-28c,1,1
FIXTURE:ufo:mtch:1v2-28t,1,1
FIXTURE:ufo:mtch:1v2-2ci,1,1
FIXTURE:ufo:mtch:1v2-2d2,1,1
FIXTURE:ufo:mtch:1v2-2d5,1,1
FIXTURE:ufo:mtch:1v2-2g4,1,1
FIXTURE:ufo:mtch:1v2-2hm,1,1
FIXTURE:ufo:mtch:1v2-2hn,1,1
FIXTURE:ufo:mtch:1v2-2hy,1,1
FIXTURE:ufo:mtch:1v2-2sq,1,1
FIXTURE:ufo:mtch:1v3-00l,1,1
FIXTURE:ufo:mtch:1v3-03y,1,1
FIXTURE:ufo:mtch:1v3-05p,1,1
FIXTURE:ufo:mtch:1v3-06i,1,1
FIXTURE:ufo:mtch:1v3-09k,1,1
FIXTURE:ufo:mtch:1v3-09m,1,1
FIXTURE:ufo:mtch:1v3-0aw,1,1
FIXTURE:ufo:mtch:1v3-0o3,1,1
FIXTURE:ufo:mtch:1v3-0u2,1,1
FIXTURE:ufo:mtch:1v3-0u8,1,1
FIXTURE:ufo:mtch:1v3-1cs,1,1
FIXTURE:ufo:mtch:1v3-1cu,1,1
FIXTURE:ufo:mtch:1v3-1i9,1,1
FIXTURE:ufo:mtch:1v3-1m8,1,1
FIXTURE:ufo:mtch:1v3-1md,1,1
FIXTURE:ufo:mtch:1v3-1mm,1,1
FIXTURE:ufo:mtch:1v3-1n5,1,1
FIXTURE:ufo:mtch:1v3-1np,1,1
FIXTURE:ufo:mtch:1v3-1nu,1,1
FIXTURE:ufo:mtch:1v3-1pa,1,1
FIXTURE:ufo:mtch:1v3-1pk,1,1
FIXTURE:ufo:mtch:1v3-1su,1,1
FIXTURE:ufo:mtch:1v3-1tq,1,1
FIXTURE:ufo:mtch:1v3-1uw,1,1
FIXTURE:ufo:mtch:1v3-1yw,1,1
FIXTURE:ufo:mtch:1v3-1zi,1,1
FIXTURE:ufo:mtch:1v3-272,1,1
FIXTURE:ufo:mtch:1v3-277,1,1
FIXTURE:ufo:mtch:1v3-289,1,1
FIXTURE:ufo:mtch:1v3-28h,1,1
FIXTURE:ufo:mtch:1v3-28x,1,1
FIXTURE:ufo:mtch:1v3-29h,1,1
FIXTURE:ufo:mtch:1v3-2ax,1,1
FIXTURE:ufo:mtch:1v3-2is,1,1
FIXTURE:ufo:mtch:1v3-2jf,1,1
FIXTURE:ufo:mtch:1v3-2kn,1,1
FIXTURE:ufo:mtch:1v3-2n3,1,1
FIXTURE:ufo:mtch:1v3-2qm,1,1
FIXTURE:ufo:mtch:1v3-2s8,1,1
FIXTURE:ufo:mtch:1v3-2u6,1,1
FIXTURE:ufo:mtch:1v3-2w3,1,1
FIXTURE:ufo:mtch:1v4-006,1,1
FIXTURE:ufo:mtch:1v4-009,1,1
FIXTURE:ufo:mtch:1v4-00m,1,1
FIXTURE:ufo:mtch:1v4-01v,1,1
FIXTURE:ufo:mtch:1v4-07v,1,1
FIXTURE:ufo:mtch:1v4-08y,1,1
FIXTURE:ufo:mtch:1v4-0b7,1,1
FIXTURE:ufo:mtch:1v4-0bp,1,1
FIXTURE:ufo:mtch:1v4-0od,1,1
FIXTURE:ufo:mtch:1v4-0ui,1,1
FIXTURE:ufo:mtch:1v4-0z2,1,1
FIXTURE:ufo:mtch:1v4-0ze,1,1
FIXTURE:ufo:mtch:1v4-102,1,1
FIXTURE:ufo:mtch:1v4-11f,1,1
FIXTURE:ufo:mtch:1v4-11m,1,1
FIXTURE:ufo:mtch:1v4-15o,1,1
FIXTURE:ufo:mtch:1v4-1ag,1,1
FIXTURE:ufo:mtch:1v4-1bb,1,1
FIXTURE:ufo:mtch:1v4-1cl,1,1
FIXTURE:ufo:mtch:1v4-1f2,1,1
FIXTURE:ufo:mtch:1v4-1ms,1,1
FIXTURE:ufo:mtch:1v4-1pg,1,1
FIXTURE:ufo:mtch:1v4-1rd,1,1
FIXTURE:ufo:mtch:1v4-1uf,1,1
FIXTURE:ufo:mtch:1v4-1uu,1,1
FIXTURE:ufo:mtch:1v4-1vy,1,1
FIXTURE:ufo:mtch:1v4-1wf,1,1
FIXTURE:ufo:mtch:1v4-20p,1,1
FIXTURE:ufo:mtch:1v4-215,1,1
FIXTURE:ufo:mtch:1v4-219,1,1
FIXTURE:ufo:mtch:1v4-22i,1,1
FIXTURE:ufo:mtch:1v4-234,1,1
FIXTURE:ufo:mtch:1v4-27b,1,1
FIXTURE:ufo:mtch:1v4-2cf,1,1
FIXTURE:ufo:mtch:1v4-2mf,1,1
FIXTURE:ufo:mtch:1v4-2oi,1,1
FIXTURE:ufo:mtch:1v5-01s,1,1
FIXTURE:ufo:mtch:1v5-023,1,1
FIXTURE:ufo:mtch:1v5-05y,1,1
FIXTURE:ufo:mtch:1v5-063,1,1
FIXTURE:ufo:mtch:1v5-071,1,1
FIXTURE:ufo:mtch:1v5-08h,1,1
FIXTURE:ufo:mtch:1v5-09t,1,1
FIXTURE:ufo:mtch:1v5-0a4,1,1
FIXTURE:ufo:mtch:1v5-0au,1,1
FIXTURE:ufo:mtch:1v5-0f1,1,1
FIXTURE:ufo:mtch:1v5-0fo,1,1
FIXTURE:ufo:mtch:1v5-0qe,1,1
FIXTURE:ufo:mtch:1v5-0xn,1,1
FIXTURE:ufo:mtch:1v5-0ye,1,1
FIXTURE:ufo:mtch:1v5-0zy,1,1
FIXTURE:ufo:mtch:1v5-10j,1,1
FIXTURE:ufo:mtch:1v5-116,1,1
FIXTURE:ufo:mtch:1v5-181,1,1
FIXTURE:ufo:mtch:1v5-1dr,1,1
FIXTURE:ufo:mtch:1v5-1iq,1,1
FIXTURE:ufo:mtch:1v5-1ol,1,1
FIXTURE:ufo:mtch:1v5-1oo,1,1
FIXTURE:ufo:mtch:1v5-1tn,1,1
FIXTURE:ufo:mtch:1v5-1u7,1,1
FIXTURE:ufo:mtch:1v5-1ud,1,1
FIXTURE:ufo:mtch:1v5-1uf,1,1
FIXTURE:ufo:mtch:1v5-1uu,1,1
FIXTURE:ufo:mtch:1v5-1yd,1,1
FIXTURE:ufo:mtch:1v5-21t,1,1
FIXTURE:ufo:mtch:1v5-22y,1,1
FIXTURE:ufo:mtch:1v5-24s,1,1
FIXTURE:ufo:mtch:1v5-255,1,1
FIXTURE:ufo:mtch:1v5-256,1,1
FIXTURE:ufo:mtch:1v5-257,1,1
FIXTURE:ufo:mtch:1v5-25b,1,1
FIXTURE:ufo:mtch:1v5-28d,1,1
FIXTURE:ufo:mtch:1v5-29g,1,1
FIXTURE:ufo:mtch:1v5-2cl,1,1
FIXTURE:ufo:mtch:1v5-2fq,1,1
FIXTURE:ufo:mtch:1v5-2ly,1,1
FIXTURE:ufo:mtch:1v5-2m0,1,1
FIXTURE:ufo:mtch:1v5-2m6,1,1
FIXTURE:ufo:mtch:1v5-2r9,1,1
FIXTURE:ufo:mtch:1v6-01t,1,1
FIXTURE:ufo:mtch:1v6-03i,1,1
FIXTURE:ufo:mtch:1v6-03y,1,1
FIXTURE:ufo:mtch:1v6-041,1,1
FIXTURE:ufo:mtch:1v6-047,1,1
FIXTURE:ufo:mtch:1v6-074,1,1
FIXTURE:ufo:mtch:1v6-08h,1,1
FIXTURE:ufo:mtch:1v6-090,1,1
FIXTURE:ufo:mtch:1v6-0an,1,1
FIXTURE:ufo:mtch:1v6-0dc,1,1
FIXTURE:ufo:mtch:1v6-0gz,1,1
FIXTURE:ufo:mtch:1v6-0hh,1,1
FIXTURE:ufo:mtch:1v6-0hu,1,1
FIXTURE:ufo:mtch:1v6-0ib,1,1
FIXTURE:ufo:mtch:1v6-0id,1,1
FIXTURE:ufo:mtch:1v6-0lz,1,1
FIXTURE:ufo:mtch:1v6-0mj,1,1
FIXTURE:ufo:mtch:1v6-0p1,1,1
FIXTURE:ufo:mtch:1v6-0q9,1,1
FIXTURE:ufo:mtch:1v6-0qx,1,1
FIXTURE:ufo:mtch:1v6-0sx,1,1
FIXTURE:ufo:mtch:1v6-0ug,1,1
FIXTURE:ufo:mtch:1v6-153,1,1
FIXTURE:ufo:mtch:1v6-155,1,1
FIXTURE:ufo:mtch:1v6-158,1,1
FIXTURE:ufo:mtch:1v6-1c0,1,1
FIXTURE:ufo:mtch:1v6-1c1,1,1
FIXTURE:ufo:mtch:1v6-1dp,1,1
FIXTURE:ufo:mtch:1v6-1e9,1,1
FIXTURE:ufo:mtch:1v6-1jj,1,1
FIXTURE:ufo:mtch:1v6-1kf,1,1
FIXTURE:ufo:mtch:1v6-1ks,1,1
FIXTURE:ufo:mtch:1v6-1l2,1,1
FIXTURE:ufo:mtch:1v6-1l9,1,1
FIXTURE:ufo:mtch:1v6-1lg,1,1
FIXTURE:ufo:mtch:1v6-1m3,1,1
FIXTURE:ufo:mtch:1v6-1m4,1,1
FIXTURE:ufo:mtch:1v6-1m5,1,1
FIXTURE:ufo:mtch:1v6-1mf,1,1
FIXTURE:ufo:mtch:1v6-1nj,1,1
FIXTURE:ufo:mtch:1v6-1nq,1,1
FIXTURE:ufo:mtch:1v6-1oa,1,1
FIXTURE:ufo:mtch:1v6-1yq,1,1
FIXTURE:ufo:mtch:1v6-1zi,1,1
FIXTURE:ufo:mtch:1v6-23y,1,1
FIXTURE:ufo:mtch:1v6-263,1,1
FIXTURE:ufo:mtch:1v6-2at,1,1
FIXTURE:ufo:mtch:1v6-2ba,1,1
FIXTURE:ufo:mtch:1v6-2ca,1,1
FIXTURE:ufo:mtch:1v6-2d0,1,1
FIXTURE:ufo:mtch:1v6-2dj,1,1
FIXTURE:ufo:mtch:1v6-2ek,1,1
FIXTURE:ufo:mtch:1v6-2fc,1,1
FIXTURE:ufo:mtch:1v6-2gn,1,1
FIXTURE:ufo:mtch:1v6-2h0,1,1
FIXTURE:ufo:mtch:1v6-2ha,1,1
FIXTURE:ufo:mtch:1v6-2i4,1,1
FIXTURE:ufo:mtch:1v6-2ie,1,1
FIXTURE:ufo:mtch:1v6-2ui,1,1
FIXTURE:ufo:mtch:1v6-2uj,1,1
FIXTURE:ufo:mtch:1v6-2vt,1,1
FIXTURE:ufo:mtch:1v6-2vx,1,1
FIXTURE:ufo:mtch:1v6-2wm,1,1
FIXTURE:ufo:mtch:1v6-2y1,1,1
FIXTURE:ufo:mtch:1v6-32x,1,1
FIXTURE:ufo:mtch:1v6-33d,1,1
FIXTURE:ufo:mtch:1v6-33h,1,1
FIXTURE:ufo:mtch:1v6-33q,1,1
FIXTURE:ufo:mtch:1v6-33s,1,1
FIXTURE:ufo:mtch:1v6-349,1,1
FIXTURE:ufo:mtch:1v6-34t,1,1
FIXTURE:ufo:mtch:1v6-36q,1,1
FIXTURE:ufo:mtch:1v6-3fu,1,1
FIXTURE:ufo:mtch:1v7-00f,1,1
FIXTURE:ufo:mtch:1v7-03w,1,1
FIXTURE:ufo:mtch:1v7-03z,1,1
FIXTURE:ufo:mtch:1v7-04c,1,1
FIXTURE:ufo:mtch:1v7-068,1,1
FIXTURE:ufo:mtch:1v7-06p,1,1
FIXTURE:ufo:mtch:1v7-06x,1,1
FIXTURE:ufo:mtch:1v7-09v,1,1
FIXTURE:ufo:mtch:1v7-0a2,1,1
FIXTURE:ufo:mtch:1v7-0au,1,1
FIXTURE:ufo:mtch:1v7-0ce,1,1
FIXTURE:ufo:mtch:1v7-0cn,1,1
FIXTURE:ufo:mtch:1v7-0co,1,1
FIXTURE:ufo:mtch:1v7-0dd,1,1
FIXTURE:ufo:mtch:1v7-0dh,1,1
FIXTURE:ufo:mtch:1v7-0ef,1,1
FIXTURE:ufo:mtch:1v7-0en,1,1
FIXTURE:ufo:mtch:1v7-0fp,1,1
FIXTURE:ufo:mtch:1v7-0fv,1,1
FIXTURE:ufo:mtch:1v7-0ge,1,1
FIXTURE:ufo:mtch:1v7-0h0,1,1
FIXTURE:ufo:mtch:1v7-0hv,1,1
FIXTURE:ufo:mtch:1v7-0kh,1,1
FIXTURE:ufo:mtch:1v7-0ld,1,1
FIXTURE:ufo:mtch:1v7-0mw,1,1
FIXTURE:ufo:mtch:1v7-0r5,1,1
FIXTURE:ufo:mtch:1v7-0t5,1,1
FIXTURE:ufo:mtch:1v7-0tz,1,1
FIXTURE:ufo:mtch:1v7-0ui,1,1
FIXTURE:ufo:mtch:1v7-0v0,1,1
FIXTURE:ufo:mtch:1v7-0xe,1,1
FIXTURE:ufo:mtch:1v7-0y1,1,1
FIXTURE:ufo:mtch:1v7-0z1,1,1
FIXTURE:ufo:mtch:1v7-0zi,1,1
FIXTURE:ufo:mtch:1v7-18l,1,1
FIXTURE:ufo:mtch:1v7-1ar,1,1
FIXTURE:ufo:mtch:1v7-1ay,1,1
FIXTURE:ufo:mtch:1v7-1bc,1,1
FIXTURE:ufo:mtch:1v7-1h1,1,1
FIXTURE:ufo:mtch:1v7-1h5,1,1
FIXTURE:ufo:mtch:1v7-1hp,1,1
FIXTURE:ufo:mtch:1v7-1jm,1,1
FIXTURE:ufo:mtch:1v7-1rj,1,1
FIXTURE:ufo:mtch:1v7-1rp,1,1
FIXTURE:ufo:mtch:1v7-1tv,1,1
FIXTURE:ufo:mtch:1v7-1vl,1,1
FIXTURE:ufo:mtch:1v7-1vw,1,1
FIXTURE:ufo:mtch:1v7-1w0,1,1
FIXTURE:ufo:mtch:1v7-1w4,1,1
FIXTURE:ufo:mtch:1v7-1wm,1,1
FIXTURE:ufo:mtch:1v7-1zs,1,1
FIXTURE:ufo:mtch:1v7-27e,1,1
FIXTURE:ufo:mtch:1v7-2h9,1,1
FIXTURE:ufo:mtch:1v7-2pi,1,1
FIXTURE:ufo:mtch:1v7-2v5,1,1
FIXTURE:ufo:mtch:1v7-2xz,1,1
FIXTURE:ufo:mtch:1v8-00s,1,1
FIXTURE:ufo:mtch:1v8-04k,1,1
FIXTURE:ufo:mtch:1v8-05s,1,1
FIXTURE:ufo:mtch:1v8-0ga,1,1
FIXTURE:ufo:mtch:1v8-0nb,1,1
FIXTURE:ufo:mtch:1v8-0np,1,1
FIXTURE:ufo:mtch:1v8-0nr,1,1
FIXTURE:ufo:mtch:1v8-0vg,1,1
FIXTURE:ufo:mtch:1v8-0vm,1,1
FIXTURE:ufo:mtch:1v8-0wm,1,1
FIXTURE:ufo:mtch:1v8-0yc,1,1
FIXTURE:ufo:mtch:1v8-0z0,1,1
FIXTURE:ufo:mtch:1v8-0z3,1,1
FIXTURE:ufo:mtch:1v8-0z5,1,1
FIXTURE:ufo:mtch:1v8-0zm,1,1
FIXTURE:ufo:mtch:1v8-10j,1,1
FIXTURE:ufo:mtch:1v8-11e,1,1
FIXTURE:ufo:mtch:1v8-132,1,1
FIXTURE:ufo:mtch:1v8-14j,1,1
FIXTURE:ufo:mtch:1v8-14w,1,1
FIXTURE:ufo:mtch:1v8-158,1,1
FIXTURE:ufo:mtch:1v8-15a,1,1
FIXTURE:ufo:mtch:1v8-1bk,1,1
FIXTURE:ufo:mtch:1v8-1bv,1,1
FIXTURE:ufo:mtch:1v8-1c0,1,1
FIXTURE:ufo:mtch:1v8-1c1,1,1
FIXTURE:ufo:mtch:1v8-1cb,1,1
FIXTURE:ufo:mtch:1v8-1d5,1,1
FIXTURE:ufo:mtch:1v8-1db,1,1
FIXTURE:ufo:mtch:1v8-1de,1,1
FIXTURE:ufo:mtch:1v8-1dh,1,1
FIXTURE:ufo:mtch:1v8-1gj,1,1
FIXTURE:ufo:mtch:1v8-1h8,1,1
FIXTURE:ufo:mtch:1v8-1hg,1,1
FIXTURE:ufo:mtch:1v8-1je,1,1
FIXTURE:ufo:mtch:1v8-1ke,1,1
FIXTURE:ufo:mtch:1v8-1lg,1,1
FIXTURE:ufo:mtch:1v8-1lh,1,1
FIXTURE:ufo:mtch:1v8-1lx,1,1
FIXTURE:ufo:mtch:1v8-24r,1,1
FIXTURE:ufo:mtch:1v8-25x,1,1
FIXTURE:ufo:mtch:1v8-26b,1,1
FIXTURE:ufo:mtch:1v8-28e,1,1
FIXTURE:ufo:mtch:1v8-28r,1,1
FIXTURE:ufo:mtch:1v8-29b,1,1
FIXTURE:ufo:mtch:1v8-29q,1,1
FIXTURE:ufo:mtch:1v8-2b4,1,1
FIXTURE:ufo:mtch:1v8-2b6,1,1
FIXTURE:ufo:mtch:1v8-2f5,1,1
FIXTURE:ufo:mtch:1v9-00x,1,1
FIXTURE:ufo:mtch:1v9-01t,1,1
FIXTURE:ufo:mtch:1v9-02b,1,1
FIXTURE:ufo:mtch:1v9-02o,1,1
FIXTURE:ufo:mtch:1v9-04n,1,1
FIXTURE:ufo:mtch:1v9-04o,1,1
FIXTURE:ufo:mtch:1v9-065,1,1
FIXTURE:ufo:mtch:1v9-06v,1,1
FIXTURE:ufo:mtch:1v9-076,1,1
FIXTURE:ufo:mtch:1v9-07c,1,1
FIXTURE:ufo:mtch:1v9-07j,1,1
FIXTURE:ufo:mtch:1v9-0am,1,1
FIXTURE:ufo:mtch:1v9-0ap,1,1
FIXTURE:ufo:mtch:1v9-0di,1,1
FIXTURE:ufo:mtch:1v9-0gj,1,1
FIXTURE:ufo:mtch:1v9-0gl,1,1
FIXTURE:ufo:mtch:1v9-0im,1,1
FIXTURE:ufo:mtch:1v9-0je,1,1
FIXTURE:ufo:mtch:1v9-0kd,1,1
FIXTURE:ufo:mtch:1v9-0kr,1,1
FIXTURE:ufo:mtch:1v9-0lk,1,1
FIXTURE:ufo:mtch:1v9-0m7,1,1
FIXTURE:ufo:mtch:1v9-0tv,1,1
FIXTURE:ufo:mtch:1v9-0uc,1,1
FIXTURE:ufo:mtch:1v9-0vb,1,1
FIXTURE:ufo:mtch:1v9-0xe,1,1
FIXTURE:ufo:mtch:1v9-127,1,1
FIXTURE:ufo:mtch:1v9-13o,1,1
FIXTURE:ufo:mtch:1v9-145,1,1
FIXTURE:ufo:mtch:1v9-146,1,1
FIXTURE:ufo:mtch:1v9-168,1,1
FIXTURE:ufo:mtch:1v9-1dz,1,1
FIXTURE:ufo:mtch:1v9-1gk,1,1
FIXTURE:ufo:mtch:1v9-1lg,1,1
FIXTURE:ufo:mtch:1v9-1mr,1,1
FIXTURE:ufo:mtch:1v9-1n2,1,1
FIXTURE:ufo:mtch:1v9-1ok,1,1
FIXTURE:ufo:mtch:1v9-1pf,1,1
FIXTURE:ufo:mtch:1v9-1ry,1,1
FIXTURE:ufo:mtch:1v9-1s0,1,1
FIXTURE:ufo:mtch:1v9-1um,1,1
FIXTURE:ufo:mtch:1v9-1yk,1,1
FIXTURE:ufo:mtch:1v9-1yw,1,1
FIXTURE:ufo:mtch:1v9-1yy,1,1
FIXTURE:ufo:mtch:1v9-215,1,1
FIXTURE:ufo:mtch:1v9-292,1,1
FIXTURE:ufo:mtch:1v9-2c4,1,1
FIXTURE:ufo:mtch:1v9-2f6,1,1
FIXTURE:ufo:mtch:1v9-2fa,1,1
FIXTURE:ufo:mtch:1v9-2ig,1,1
FIXTURE:ufo:mtch:1v9-2kq,1,1
FIXTURE:ufo:mtch:1v9-2l5,1,1
FIXTURE:ufo:mtch:1va-012,1,1
FIXTURE:ufo:mtch:1va-04i,1,1
FIXTURE:ufo:mtch:1va-07q,1,1
FIXTURE:ufo:mtch:1va-081,1,1
FIXTURE:ufo:mtch:1va-08i,1,1
FIXTURE:ufo:mtch:1va-09q,1,1
FIXTURE:ufo:mtch:1va-0ap,1,1
FIXTURE:ufo:mtch:1va-0hv,1,1
FIXTURE:ufo:mtch:1va-0tx,1,1
FIXTURE:ufo:mtch:1va-0yi,1,1
FIXTURE:ufo:mtch:1va-11t,1,1
FIXTURE:ufo:mtch:1va-12b,1,1
FIXTURE:ufo:mtch:1va-13r,1,1
FIXTURE:ufo:mtch:1va-14q,1,1
FIXTURE:ufo:mtch:1va-14s,1,1
FIXTURE:ufo:mtch:1va-1cs,1,1
FIXTURE:ufo:mtch:1va-1ej,1,1
FIXTURE:ufo:mtch:1va-1f4,1,1
FIXTURE:ufo:mtch:1va-1fj,1,1
FIXTURE:ufo:mtch:1va-1fy,1,1
FIXTURE:ufo:mtch:1va-1ga,1,1
FIXTURE:ufo:mtch:1va-1hp,1,1
FIXTURE:ufo:mtch:1va-1ri,1,1
FIXTURE:ufo:mtch:1va-1t1,1,1
FIXTURE:ufo:mtch:1va-1uk,1,1
FIXTURE:ufo:mtch:1va-1we,1,1
FIXTURE:ufo:mtch:1va-1xf,1,1
FIXTURE:ufo:mtch:1va-27i,1,1
FIXTURE:ufo:mtch:1va-2bf,1,1
FIXTURE:ufo:mtch:1va-2bi,1,1
FIXTURE:ufo:mtch:1va-2ea,1,1
FIXTURE:ufo:mtch:1va-2hu,1,1
FIXTURE:ufo:mtch:1va-2i7,1,1
FIXTURE:ufo:mtch:1va-2v0,1,1
FIXTURE:ufo:mtch:1va-30t,1,1
FIXTURE:ufo:mtch:1vb-01x,1,1
FIXTURE:ufo:mtch:1vb-02f,1,1
FIXTURE:ufo:mtch:1vb-06t,1,1
FIXTURE:ufo:mtch:1vb-06w,1,1
FIXTURE:ufo:mtch:1vb-07k,1,1
FIXTURE:ufo:mtch:1vb-07y,1,1
FIXTURE:ufo:mtch:1vb-07z,1,1
FIXTURE:ufo:mtch:1vb-0jv,1,1
FIXTURE:ufo:mtch:1vb-0k1,1,1
FIXTURE:ufo:mtch:1vb-0u6,1,1
FIXTURE:ufo:mtch:1vb-13f,1,1
FIXTURE:ufo:mtch:1vb-18a,1,1
FIXTURE:ufo:mtch:1vb-18w,1,1
FIXTURE:ufo:mtch:1vb-19a,1,1
FIXTURE:ufo:mtch:1vb-19l,1,1
FIXTURE:ufo:mtch:1vb-1al,1,1
FIXTURE:ufo:mtch:1vb-1k4,1,1
FIXTURE:ufo:mtch:1vb-1ky,1,1
FIXTURE:ufo:mtch:1vb-1mv,1,1
FIXTURE:ufo:mtch:1vb-1n3,1,1
FIXTURE:ufo:mtch:1vb-1nl,1,1
FIXTURE:ufo:mtch:1vb-1nu,1,1
FIXTURE:ufo:mtch:1vb-1od,1,1
FIXTURE:ufo:mtch:1vb-1q7,1,1
FIXTURE:ufo:mtch:1vb-1tw,1,1
FIXTURE:ufo:mtch:1vb-1vk,1,1
FIXTURE:ufo:mtch:1vb-1vo,1,1
FIXTURE:ufo:mtch:1vb-1wk,1,1
FIXTURE:ufo:mtch:1vb-1xr,1,1
FIXTURE:ufo:mtch:1vb-1zq,1,1
FIXTURE:ufo:mtch:1vb-20a,1,1
FIXTURE:ufo:mtch:1vb-2c1,1,1
FIXTURE:ufo:mtch:1vb-2c3,1,1
FIXTURE:ufo:mtch:1vb-2cs,1,1
FIXTURE:ufo:mtch:1vb-2gf,1,1
FIXTURE:ufo:mtch:1vb-2gg,1,1
FIXTURE:ufo:mtch:1vb-2ld,1,1
FIXTURE:ufo:mtch:1vb-2o6,1,1
FIXTURE:ufo:mtch:1vb-2p4,1,1
FIXTURE:ufo:mtch:1vb-2p8,1,1
FIXTURE:ufo:mtch:1vc-025,1,1
FIXTURE:ufo:mtch:1vc-02w,1,1
FIXTURE:ufo:mtch:1vc-03c,1,1
FIXTURE:ufo:mtch:1vc-04w,1,1
FIXTURE:ufo:mtch:1vc-052,1,1
FIXTURE:ufo:mtch:1vc-053,1,1
FIXTURE:ufo:mtch:1vc-05l,1,1
FIXTURE:ufo:mtch:1vc-07t,1,1
FIXTURE:ufo:mtch:1vc-09e,1,1
FIXTURE:ufo:mtch:1vc-0ac,1,1
FIXTURE:ufo:mtch:1vc-0b0,1,1
FIXTURE:ufo:mtch:1vc-0bj,1,1
FIXTURE:ufo:mtch:1vc-0dv,1,1
FIXTURE:ufo:mtch:1vc-0jo,1,1
FIXTURE:ufo:mtch:1vc-0no,1,1
FIXTURE:ufo:mtch:1vc-1e4,1,1
FIXTURE:ufo:mtch:1vc-1ff,1,1
FIXTURE:ufo:mtch:1vc-1gw,1,1
FIXTURE:ufo:mtch:1vc-1lm,1,1
FIXTURE:ufo:mtch:1vc-1x4,1,1
FIXTURE:ufo:mtch:1vc-1y0,1,1
FIXTURE:ufo:mtch:1vc-26p,1,1
FIXTURE:ufo:mtch:1vc-26x,1,1
FIXTURE:ufo:mtch:1vc-29s,1,1
FIXTURE:ufo:mtch:1vc-2aq,1,1
FIXTURE:ufo:mtch:1vc-2po,1,1
FIXTURE:ufo:mtch:1vc-2r2,1,1
FIXTURE:ufo:mtch:1vc-2t6,1,1
FIXTURE:ufo:mtch:1vd-03j,1,1
FIXTURE:ufo:mtch:1vd-04i,1,1
FIXTURE:ufo:mtch:1vd-099,1,1
FIXTURE:ufo:mtch:1vd-0ae,1,1
FIXTURE:ufo:mtch:1vd-0ay,1,1
FIXTURE:ufo:mtch:1vd-0dk,1,1
FIXTURE:ufo:mtch:1vd-0fi,1,1
FIXTURE:ufo:mtch:1vd-0kd,1,1
FIXTURE:ufo:mtch:1vd-0ks,1,1
FIXTURE:ufo:mtch:1vd-0o2,1,1
FIXTURE:ufo:mtch:1vd-0p5,1,1
FIXTURE:ufo:mtch:1vd-0q1,1,1
FIXTURE:ufo:mtch:1vd-0sq,1,1
FIXTURE:ufo:mtch:1vd-0ua,1,1
FIXTURE:ufo:mtch:1vd-0ww,1,1
FIXTURE:ufo:mtch:1vd-0x9,1,1
FIXTURE:ufo:mtch:1vd-0xs,1,1
FIXTURE:ufo:mtch:1vd-0zk,1,1
FIXTURE:ufo:mtch:1vd-10d,1,1
FIXTURE:ufo:mtch:1vd-115,1,1
FIXTURE:ufo:mtch:1vd-11x,1,1
FIXTURE:ufo:mtch:1vd-12n,1,1
FIXTURE:ufo:mtch:1vd-132,1,1
FIXTURE:ufo:mtch:1vd-15x,1,1
FIXTURE:ufo:mtch:1vd-1gh,1,1
FIXTURE:ufo:mtch:1vd-1p0,1,1
FIXTURE:ufo:mtch:1vd-1p1,1,1
FIXTURE:ufo:mtch:1vd-1pb,1,1
FIXTURE:ufo:mtch:1vd-245,1,1
FIXTURE:ufo:mtch:1vd-24z,1,1
FIXTURE:ufo:mtch:1vd-25g,1,1
FIXTURE:ufo:mtch:1vd-269,1,1
FIXTURE:ufo:mtch:1vd-2e2,1,1
FIXTURE:ufo:mtch:1vd-2fj,1,1
FIXTURE:ufo:mtch:1vd-2fu,1,1
FIXTURE:ufo:mtch:1vd-2h8,1,1
FIXTURE:ufo:mtch:1vd-2im,1,1
FIXTURE:ufo:mtch:1vd-2lg,1,1
FIXTURE:ufo:mtch:1vd-2lt,1,1
FIXTURE:ufo:mtch:1vd-2oa,1,1
FIXTURE:ufo:mtch:1vd-31d,1,1
FIXTURE:ufo:mtch:1vd-3br,1,1
FIXTURE:ufo:mtch:1vd-3fh,1,1
FIXTURE:ufo:mtch:1vd-3fi,1,1
FIXTURE:ufo:mtch:1vd-3he,1,1
FIXTURE:ufo:mtch:1vd-3k0,1,1
FIXTURE:ufo:mtch:1vd-3k3,1,1
FIXTURE:ufo:mtch:1vd-3lg,1,1
FIXTURE:ufo:mtch:1vd-3lx,1,1
FIXTURE:ufo:mtch:1ve-018,1,1
FIXTURE:ufo:mtch:1ve-030,1,1
FIXTURE:ufo:mtch:1ve-03t,1,1
FIXTURE:ufo:mtch:1ve-04f,1,1
FIXTURE:ufo:mtch:1ve-04l,1,1
FIXTURE:ufo:mtch:1ve-068,1,1
FIXTURE:ufo:mtch:1ve-06s,1,1
FIXTURE:ufo:mtch:1ve-07w,1,1
FIXTURE:ufo:mtch:1ve-08d,1,1
FIXTURE:ufo:mtch:1ve-0br,1,1
FIXTURE:ufo:mtch:1ve-0g5,1,1
FIXTURE:ufo:mtch:1ve-0g7,1,1
FIXTURE:ufo:mtch:1ve-0ik,1,1
FIXTURE:ufo:mtch:1ve-0it,1,1
FIXTURE:ufo:mtch:1ve-0lq,1,1
FIXTURE:ufo:mtch:1ve-0n8,1,1
FIXTURE:ufo:mtch:1ve-0nb,1,1
FIXTURE:ufo:mtch:1ve-13d,1,1
FIXTURE:ufo:mtch:1ve-13v,1,1
FIXTURE:ufo:mtch:1ve-14f,1,1
FIXTURE:ufo:mtch:1ve-14g,1,1
FIXTURE:ufo:mtch:1ve-186,1,1
FIXTURE:ufo:mtch:1ve-198,1,1
FIXTURE:ufo:mtch:1ve-1a5,1,1
FIXTURE:ufo:mtch:1ve-1b6,1,1
FIXTURE:ufo:mtch:1ve-1b7,1,1
FIXTURE:ufo:mtch:1ve-1cn,1,1
FIXTURE:ufo:mtch:1ve-1q8,1,1
FIXTURE:ufo:mtch:1ve-252,1,1
FIXTURE:ufo:mtch:1ve-25j,1,1
FIXTURE:ufo:mtch:1ve-26d,1,1
FIXTURE:ufo:mtch:1ve-26f,1,1
FIXTURE:ufo:mtch:1ve-26l,1,1
FIXTURE:ufo:mtch:1ve-2b1,1,1
FIXTURE:ufo:mtch:1ve-2bd,1,1
FIXTURE:ufo:mtch:1ve-2ec,1,1
FIXTURE:ufo:mtch:1ve-2gg,1,1
FIXTURE:ufo:mtch:1ve-2u8,1,1
FIXTURE:ufo:mtch:1ve-2xg,1,1
FIXTURE:ufo:mtch:1ve-2za,1,1
FIXTURE:ufo:mtch:1ve-2zn,1,1
FIXTURE:ufo:mtch:1ve-33s,1,1
FIXTURE:ufo:mtch:1ve-37i,1,1
FIXTURE:ufo:mtch:1vf-004,1,1
FIXTURE:ufo:mtch:1vf-00x,1,1
FIXTURE:ufo:mtch:1vf-012,1,1
FIXTURE:ufo:mtch:1vf-03b,1,1
FIXTURE:ufo:mtch:1vf-03f,1,1
FIXTURE:ufo:mtch:1vf-03r,1,1
FIXTURE:ufo:mtch:1vf-043,1,1
FIXTURE:ufo:mtch:1vf-048,1,1
FIXTURE:ufo:mtch:1vf-04b,1,1
FIXTURE:ufo:mtch:1vf-04t,1,1
FIXTURE:ufo:mtch:1vf-06u,1,1
FIXTURE:ufo:mtch:1vf-0as,1,1
FIXTURE:ufo:mtch:1vf-0es,1,1
FIXTURE:ufo:mtch:1vf-0fp,1,1
FIXTURE:ufo:mtch:1vf-0m0,1,1
FIXTURE:ufo:mtch:1vf-10d,1,1
FIXTURE:ufo:mtch:1vf-19j,1,1
FIXTURE:ufo:mtch:1vf-1ac,1,1
FIXTURE:ufo:mtch:1vf-1ak,1,1
FIXTURE:ufo:mtch:1vf-1by,1,1
FIXTURE:ufo:mtch:1vf-1ev,1,1
FIXTURE:ufo:mtch:1vf-1jd,1,1
FIXTURE:ufo:mtch:1vf-1mw,1,1
FIXTURE:ufo:mtch:1vf-1ok,1,1
FIXTURE:ufo:mtch:1vf-1v1,1,1
FIXTURE:ufo:mtch:1vf-200,1,1
FIXTURE:ufo:mtch:1vf-205,1,1
FIXTURE:ufo:mtch:1vf-209,1,1
FIXTURE:ufo:mtch:1vf-20c,1,1
FIXTURE:ufo:mtch:1vf-20k,1,1
FIXTURE:ufo:mtch:1vf-216,1,1
FIXTURE:ufo:mtch:1vf-2kp,1,1
FIXTURE:ufo:mtch:1vf-2l1,1,1
FIXTURE:ufo:mtch:1vf-2n3,1,1
FIXTURE:ufo:mtch:1vf-2nv,1,1
FIXTURE:ufo:mtch:1vf-2nx,1,1
FIXTURE:ufo:mtch:1vf-2oj,1,1
FIXTURE:ufo:mtch:1vg-007,1,1
FIXTURE:ufo:mtch:1vg-00n,1,1
FIXTURE:ufo:mtch:1vg-011,1,1
FIXTURE:ufo:mtch:1vg-02d,1,1
FIXTURE:ufo:mtch:1vg-03i,1,1
FIXTURE:ufo:mtch:1vg-03y,1,1
FIXTURE:ufo:mtch:1vg-06x,1,1
FIXTURE:ufo:mtch:1vg-08m,1,1
FIXTURE:ufo:mtch:1vg-08o,1,1
FIXTURE:ufo:mtch:1vg-0a0,1,1
FIXTURE:ufo:mtch:1vg-0ba,1,1
FIXTURE:ufo:mtch:1vg-0bb,1,1
FIXTURE:ufo:mtch:1vg-0bh,1,1
FIXTURE:ufo:mtch:1vg-0bx,1,1
FIXTURE:ufo:mtch:1vg-0f9,1,1
FIXTURE:ufo:mtch:1vg-0nj,1,1
FIXTURE:ufo:mtch:1vg-0sv,1,1
FIXTURE:ufo:mtch:1vg-0t8,1,1
FIXTURE:ufo:mtch:1vg-0tq,1,1
FIXTURE:ufo:mtch:1vg-0tx,1,1
FIXTURE:ufo:mtch:1vg-0vg,1,1
FIXTURE:ufo:mtch:1vg-0zg,1,1
FIXTURE:ufo:mtch:1vg-11c,1,1
FIXTURE:ufo:mtch:1vg-12s,1,1
FIXTURE:ufo:mtch:1vg-17y,1,1
FIXTURE:ufo:mtch:1vg-19v,1,1
FIXTURE:ufo:mtch:1vg-1a7,1,1
FIXTURE:ufo:mtch:1vg-1af,1,1
FIXTURE:ufo:mtch:1vg-1gj,1,1
FIXTURE:ufo:mtch:1vg-1ol,1,1
FIXTURE:ufo:mtch:1vg-1uv,1,1
FIXTURE:ufo:mtch:1vg-1y5,1,1
FIXTURE:ufo:mtch:1vg-20l,1,1
FIXTURE:ufo:mtch:1vg-21n,1,1
FIXTURE:ufo:mtch:1vg-2a7,1,1
FIXTURE:ufo:mtch:1vg-2aa,1,1
FIXTURE:ufo:mtch:1vg-2bn,1,1
FIXTURE:ufo:mtch:1vg-2dx,1,1
FIXTURE:ufo:mtch:1vg-2dz,1,1
FIXTURE:ufo:mtch:1vg-2e0,1,1
FIXTURE:ufo:mtch:1vg-2e1,1,1
FIXTURE:ufo:mtch:1vg-2ei,1,1
FIXTURE:ufo:mtch:1vg-2n1,1,1
FIXTURE:ufo:mtch:1vg-2ws,1,1
FIXTURE:ufo:mtch:1vg-2wt,1,1
FIXTURE:ufo:mtch:1vh-016,1,1
FIXTURE:ufo:mtch:1vh-032,1,1
FIXTURE:ufo:mtch:1vh-03d,1,1
FIXTURE:ufo:mtch:1vh-06n,1,1
FIXTURE:ufo:mtch:1vh-06x,1,1
FIXTURE:ufo:mtch:1vh-07e,1,1
FIXTURE:ufo:mtch:1vh-086,1,1
FIXTURE:ufo:mtch:1vh-09f,1,1
FIXTURE:ufo:mtch:1vh-0aa,1,1
FIXTURE:ufo:mtch:1vh-0al,1,1
FIXTURE:ufo:mtch:1vh-0aq,1,1
FIXTURE:ufo:mtch:1vh-0ce,1,1
FIXTURE:ufo:mtch:1vh-0ed,1,1
FIXTURE:ufo:mtch:1vh-0go,1,1
FIXTURE:ufo:mtch:1vh-0jg,1,1
FIXTURE:ufo:mtch:1vh-0lp,1,1
FIXTURE:ufo:mtch:1vh-0q6,1,1
FIXTURE:ufo:mtch:1vh-0qa,1,1
FIXTURE:ufo:mtch:1vh-0rt,1,1
FIXTURE:ufo:mtch:1vh-14n,1,1
FIXTURE:ufo:mtch:1vh-19c,1,1
FIXTURE:ufo:mtch:1vh-1b0,1,1
FIXTURE:ufo:mtch:1vh-1hn,1,1
FIXTURE:ufo:mtch:1vh-1k2,1,1
FIXTURE:ufo:mtch:1vh-1kc,1,1
FIXTURE:ufo:mtch:1vh-1kj,1,1
FIXTURE:ufo:mtch:1vh-1mx,1,1
FIXTURE:ufo:mtch:1vh-1t0,1,1
FIXTURE:ufo:mtch:1vh-1t4,1,1
FIXTURE:ufo:mtch:1vh-1td,1,1
FIXTURE:ufo:mtch:1vh-1v6,1,1
FIXTURE:ufo:mtch:1vh-1wc,1,1
FIXTURE:ufo:mtch:1vh-1yl,1,1
FIXTURE:ufo:mtch:1vh-2b2,1,1
FIXTURE:ufo:mtch:1vh-2e7,1,1
FIXTURE:ufo:mtch:1vh-2f3,1,1
FIXTURE:ufo:mtch:1vh-2gi,1,1
FIXTURE:ufo:mtch:1vh-2i6,1,1
FIXTURE:ufo:mtch:1vh-2ks,1,1
FIXTURE:ufo:mtch:1vh-2op,1,1
FIXTURE:ufo:mtch:1vh-2q1,1,1
FIXTURE:ufo:mtch:1vh-2sa,1,1
FIXTURE:ufo:mtch:1vh-2v1,1,1
FIXTURE:ufo:mtch:1vh-2yf,1,1
FIXTURE:ufo:mtch:1vh-33l,1,1
FIXTURE:ufo:mtch:1vi-010,1,1
FIXTURE:ufo:mtch:1vi-02a,1,1
FIXTURE:ufo:mtch:1vi-049,1,1
FIXTURE:ufo:mtch:1vi-08p,1,1
FIXTURE:ufo:mtch:1vi-08x,1,1
FIXTURE:ufo:mtch:1vi-09l,1,1
FIXTURE:ufo:mtch:1vi-09p,1,1
FIXTURE:ufo:mtch:1vi-0j8,1,1
FIXTURE:ufo:mtch:1vi-0pw,1,1
FIXTURE:ufo:mtch:1vi-0z9,1,1
FIXTURE:ufo:mtch:1vi-124,1,1
FIXTURE:ufo:mtch:1vi-12i,1,1
FIXTURE:ufo:mtch:1vi-176,1,1
FIXTURE:ufo:mtch:1vi-17b,1,1
FIXTURE:ufo:mtch:1vi-180,1,1
FIXTURE:ufo:mtch:1vi-18j,1,1
FIXTURE:ufo:mtch:1vi-1a1,1,1
FIXTURE:ufo:mtch:1vi-1a9,1,1
FIXTURE:ufo:mtch:1vi-1eu,1,1
FIXTURE:ufo:mtch:1vi-1j7,1,1
FIXTURE:ufo:mtch:1vi-1k2,1,1
FIXTURE:ufo:mtch:1vi-1k3,1,1
FIXTURE:ufo:mtch:1vi-1kt,1,1
FIXTURE:ufo:mtch:1vi-1l2,1,1
FIXTURE:ufo:mtch:1vi-1pe,1,1
FIXTURE:ufo:mtch:1vi-1pn,1,1
FIXTURE:ufo:mtch:1vi-1sv,1,1
FIXTURE:ufo:mtch:1vi-23b,1,1
FIXTURE:ufo:mtch:1vi-23c,1,1
FIXTURE:ufo:mtch:1vi-259,1,1
FIXTURE:ufo:mtch:1vi-26s,1,1
FIXTURE:ufo:mtch:1vi-2ct,1,1
FIXTURE:ufo:mtch:1vi-2dr,1,1
FIXTURE:ufo:mtch:1vi-2es,1,1
FIXTURE:ufo:mtch:1vi-2ga,1,1
FIXTURE:ufo:mtch:1vi-2pc,1,1
FIXTURE:ufo:mtch:1vj-001,1,1
FIXTURE:ufo:mtch:1vj-002,1,1
FIXTURE:ufo:mtch:1vj-00r,1,1
FIXTURE:ufo:mtch:1vj-01z,1,1
FIXTURE:ufo:mtch:1vj-03c,1,1
FIXTURE:ufo:mtch:1vj-076,1,1
FIXTURE:ufo:mtch:1vj-07d,1,1
FIXTURE:ufo:mtch:1vj-07v,1,1
FIXTURE:ufo:mtch:1vj-0b9,1,1
FIXTURE:ufo:mtch:1vj-0bp,1,1
FIXTURE:ufo:mtch:1vj-0bw,1,1
FIXTURE:ufo:mtch:1vj-0cf,1,1
FIXTURE:ufo:mtch:1vj-0ci,1,1
FIXTURE:ufo:mtch:1vj-0f1,1,1
FIXTURE:ufo:mtch:1vj-0ua,1,1
FIXTURE:ufo:mtch:1vj-0zh,1,1
FIXTURE:ufo:mtch:1vj-142,1,1
FIXTURE:ufo:mtch:1vj-1b6,1,1
FIXTURE:ufo:mtch:1vj-1c9,1,1
FIXTURE:ufo:mtch:1vj-1e9,1,1
FIXTURE:ufo:mtch:1vj-1ht,1,1
FIXTURE:ufo:mtch:1vj-1ix,1,1
FIXTURE:ufo:mtch:1vj-1jd,1,1
FIXTURE:ufo:mtch:1vj-1nb,1,1
FIXTURE:ufo:mtch:1vj-1ns,1,1
FIXTURE:ufo:mtch:1vj-1o5,1,1
FIXTURE:ufo:mtch:1vj-1od,1,1
FIXTURE:ufo:mtch:1vj-1ol,1,1
FIXTURE:ufo:mtch:1vj-1oy,1,1
FIXTURE:ufo:mtch:1vj-1q5,1,1
FIXTURE:ufo:mtch:1vj-1st,1,1
FIXTURE:ufo:mtch:1vj-1vt,1,1
FIXTURE:ufo:mtch:1vj-1wi,1,1
FIXTURE:ufo:mtch:1vj-1xg,1,1
FIXTURE:ufo:mtch:1vj-2hw,1,1
FIXTURE:ufo:mtch:1vj-2ir,1,1
FIXTURE:ufo:mtch:1vj-2jh,1,1
FIXTURE:ufo:mtch:1vj-2l8,1,1
FIXTURE:ufo:mtch:1vj-2md,1,1
FIXTURE:ufo:mtch:1vj-2mz,1,1
FIXTURE:ufo:mtch:1vj-2si,1,1
FIXTURE:ufo:mtch:1vj-2um,1,1
FIXTURE:ufo:mtch:1vk-015,1,1
FIXTURE:ufo:mtch:1vk-016,1,1
FIXTURE:ufo:mtch:1vk-01d,1,1
FIXTURE:ufo:mtch:1vk-04a,1,1
FIXTURE:ufo:mtch:1vk-058,1,1
FIXTURE:ufo:mtch:1vk-06o,1,1
FIXTURE:ufo:mtch:1vk-06w,1,1
FIXTURE:ufo:mtch:1vk-08r,1,1
FIXTURE:ufo:mtch:1vk-08w,1,1
FIXTURE:ufo:mtch:1vk-09z,1,1
FIXTURE:ufo:mtch:1vk-0af,1,1
FIXTURE:ufo:mtch:1vk-0dj,1,1
FIXTURE:ufo:mtch:1vk-0fo,1,1
FIXTURE:ufo:mtch:1vk-0gw,1,1
FIXTURE:ufo:mtch:1vk-0j1,1,1
FIXTURE:ufo:mtch:1vk-0j6,1,1
FIXTURE:ufo:mtch:1vk-0ju,1,1
FIXTURE:ufo:mtch:1vk-0m7,1,1
FIXTURE:ufo:mtch:1vk-0mr,1,1
FIXTURE:ufo:mtch:1vk-0nm,1,1
FIXTURE:ufo:mtch:1vk-0o2,1,1
FIXTURE:ufo:mtch:1vk-0on,1,1
FIXTURE:ufo:mtch:1vk-0ox,1,1
FIXTURE:ufo:mtch:1vk-0q6,1,1
FIXTURE:ufo:mtch:1vk-0u2,1,1
FIXTURE:ufo:mtch:1vk-0wm,1,1
FIXTURE:ufo:mtch:1vk-0wz,1,1
FIXTURE:ufo:mtch:1vk-16u,1,1
FIXTURE:ufo:mtch:1vk-1ah,1,1
FIXTURE:ufo:mtch:1vk-1ax,1,1
FIXTURE:ufo:mtch:1vk-1cy,1,1
FIXTURE:ufo:mtch:1vk-1dl,1,1
FIXTURE:ufo:mtch:1vk-1e0,1,1
FIXTURE:ufo:mtch:1vk-1te,1,1
FIXTURE:ufo:mtch:1vk-1tf,1,1
FIXTURE:ufo:mtch:1vk-1u3,1,1
FIXTURE:ufo:mtch:1vk-1vx,1,1
FIXTURE:ufo:mtch:1vk-1w2,1,1
FIXTURE:ufo:mtch:1vk-1wl,1,1
FIXTURE:ufo:mtch:1vk-20b,1,1
FIXTURE:ufo:mtch:1vk-20u,1,1
FIXTURE:ufo:mtch:1vk-281,1,1
FIXTURE:ufo:mtch:1vk-28b,1,1
FIXTURE:ufo:mtch:1vk-29c,1,1
FIXTURE:ufo:mtch:1vk-2bu,1,1
FIXTURE:ufo:mtch:1vk-2c2,1,1
FIXTURE:ufo:mtch:1vk-2c5,1,1
FIXTURE:ufo:mtch:1vk-2gv,1,1
FIXTURE:ufo:mtch:1vk-2j3,1,1
FIXTURE:ufo:mtch:1vk-2m2,1,1
FIXTURE:ufo:mtch:1vk-2m4,1,1
FIXTURE:ufo:mtch:1vk-2y2,1,1
FIXTURE:ufo:mtch:1vk-30k,1,1
FIXTURE:ufo:mtch:1vk-324,1,1
FIXTURE:ufo:mtch:1vk-32c,1,1
FIXTURE:ufo:mtch:1vk-363,1,1
FIXTURE:ufo:mtch:1vk-36j,1,1
FIXTURE:ufo:mtch:1vk-39f,1,1
FIXTURE:ufo:mtch:1vk-39p,1,1
FIXTURE:ufo:mtch:1vk-3fj,1,1
FIXTURE:ufo:mtch:1vl-00o,1,1
FIXTURE:ufo:mtch:1vl-00p,1,1
FIXTURE:ufo:mtch:1vl-00r,1,1
FIXTURE:ufo:mtch:1vl-00s,1,1
FIXTURE:ufo:mtch:1vl-00t,1,1
FIXTURE:ufo:mtch:1vl-00z,1,1
FIXTURE:ufo:mtch:1vl-02m,1,1
FIXTURE:ufo:mtch:1vl-039,1,1
FIXTURE:ufo:mtch:1vl-04x,1,1
FIXTURE:ufo:mtch:1vl-05x,1,1
FIXTURE:ufo:mtch:1vl-064,1,1
FIXTURE:ufo:mtch:1vl-07l,1,1
FIXTURE:ufo:mtch:1vl-08z,1,1
FIXTURE:ufo:mtch:1vl-090,1,1
FIXTURE:ufo:mtch:1vl-09r,1,1
FIXTURE:ufo:mtch:1vl-09t,1,1
FIXTURE:ufo:mtch:1vl-0bm,1,1
FIXTURE:ufo:mtch:1vl-0cu,1,1
FIXTURE:ufo:mtch:1vl-0fw,1,1
FIXTURE:ufo:mtch:1vl-0gk,1,1
FIXTURE:ufo:mtch:1vl-0gs,1,1
FIXTURE:ufo:mtch:1vl-0ib,1,1
FIXTURE:ufo:mtch:1vl-0ih,1,1
FIXTURE:ufo:mtch:1vl-0m8,1,1
FIXTURE:ufo:mtch:1vl-0mu,1,1
FIXTURE:ufo:mtch:1vl-0mz,1,1
FIXTURE:ufo:mtch:1vl-0n6,1,1
FIXTURE:ufo:mtch:1vl-0qz,1,1
FIXTURE:ufo:mtch:1vl-0rz,1,1
FIXTURE:ufo:mtch:1vl-0sl,1,1
FIXTURE:ufo:mtch:1vl-0u3,1,1
FIXTURE:ufo:mtch:1vl-0u4,1,1
FIXTURE:ufo:mtch:1vl-0xf,1,1
FIXTURE:ufo:mtch:1vl-0xj,1,1
FIXTURE:ufo:mtch:1vl-10n,1,1
FIXTURE:ufo:mtch:1vl-10o,1,1
FIXTURE:ufo:mtch:1vl-10x,1,1
FIXTURE:ufo:mtch:1vl-16o,1,1
FIXTURE:ufo:mtch:1vl-1nl,1,1
FIXTURE:ufo:mtch:1vl-1o3,1,1
FIXTURE:ufo:mtch:1vl-1wv,1,1
FIXTURE:ufo:mtch:1vl-1z9,1,1
FIXTURE:ufo:mtch:1vl-2cv,1,1
FIXTURE:ufo:mtch:1vl-2d5,1,1
FIXTURE:ufo:mtch:1vl-2de,1,1
FIXTURE:ufo:mtch:1vl-2m7,1,1
FIXTURE:ufo:mtch:1vl-2oe,1,1
FIXTURE:ufo:mtch:1vl-2rk,1,1
FIXTURE:ufo:mtch:1vl-2u9,1,1
FIXTURE:ufo:mtch:1vl-2wk,1,1
FIXTURE:ufo:mtch:1vl-32k,1,1
FIXTURE:ufo:mtch:1vl-32p,1,1
FIXTURE:ufo:mtch:1vl-33a,1,1
FIXTURE:ufo:mtch:1vl-3hl,1,1
FIXTURE:ufo:mtch:1vl-3jg,1,1
FIXTURE:ufo:mtch:1vm-00q,1,1
FIXTURE:ufo:mtch:1vm-01d,1,1
FIXTURE:ufo:mtch:1vm-01e,1,1
FIXTURE:ufo:mtch:1vm-01s,1,1
FIXTURE:ufo:mtch:1vm-01w,1,1
FIXTURE:ufo:mtch:1vm-02p,1,1
FIXTURE:ufo:mtch:1vm-03f,1,1
FIXTURE:ufo:mtch:1vm-03h,1,1
FIXTURE:ufo:mtch:1vm-04a,1,1
FIXTURE:ufo:mtch:1vm-04w,1,1
FIXTURE:ufo:mtch:1vm-05q,1,1
FIXTURE:ufo:mtch:1vm-07c,1,1
FIXTURE:ufo:mtch:1vm-07d,1,1
FIXTURE:ufo:mtch:1vm-0aj,1,1
FIXTURE:ufo:mtch:1vm-0ef,1,1
FIXTURE:ufo:mtch:1vm-0jk,1,1
FIXTURE:ufo:mtch:1vm-0jn,1,1
FIXTURE:ufo:mtch:1vm-0kx,1,1
FIXTURE:ufo:mtch:1vm-0my,1,1
FIXTURE:ufo:mtch:1vm-0o6,1,1
FIXTURE:ufo:mtch:1vm-11i,1,1
FIXTURE:ufo:mtch:1vm-1cf,1,1
FIXTURE:ufo:mtch:1vm-1f3,1,1
FIXTURE:ufo:mtch:1vm-1fv,1,1
FIXTURE:ufo:mtch:1vm-1gq,1,1
FIXTURE:ufo:mtch:1vm-1ha,1,1
FIXTURE:ufo:mtch:1vm-1q9,1,1
FIXTURE:ufo:mtch:1vm-1sx,1,1
FIXTURE:ufo:mtch:1vm-21z,1,1
FIXTURE:ufo:mtch:1vm-2ax,1,1
FIXTURE:ufo:mtch:1vm-2kz,1,1
FIXTURE:ufo:mtch:1vm-2l5,1,1
FIXTURE:ufo:mtch:1vm-2pe,1,1
FIXTURE:ufo:mtch:1vn-00q,1,1
FIXTURE:ufo:mtch:1vn-018,1,1
FIXTURE:ufo:mtch:1vn-01a,1,1
FIXTURE:ufo:mtch:1vn-01c,1,1
FIXTURE:ufo:mtch:1vn-02u,1,1
FIXTURE:ufo:mtch:1vn-035,1,1
FIXTURE:ufo:mtch:1vn-03h,1,1
FIXTURE:ufo:mtch:1vn-03j,1,1
FIXTURE:ufo:mtch:1vn-03k,1,1
FIXTURE:ufo:mtch:1vn-03v,1,1
FIXTURE:ufo:mtch:1vn-03w,1,1
FIXTURE:ufo:mtch:1vn-076,1,1
FIXTURE:ufo:mtch:1vn-077,1,1
FIXTURE:ufo:mtch:1vn-0br,1,1
FIXTURE:ufo:mtch:1vn-0i2,1,1
FIXTURE:ufo:mtch:1vo-032,1,1
FIXTURE:ufo:mtch:1vo-058,1,1
FIXTURE:ufo:mtch:1vq-00w,1,1
FIXTURE:ufo:mtch:1vr-0fa,1,1
FIXTURE:ufo:mtch:1vv-013,1,1
FIXTURE:ufo:mtch:1vy-01s,1,1
FIXTURE:ufo:mtch:1w2-008,1,1
FIXTURE:ufo:mtch:1wa-00r,1,1
FIXTURE:ufo:otrt:1um-00s,1,1
FIXTURE:ufo:otrt:1ur-00f,1,1
FIXTURE:ufo:otrt:1us-026,1,1
FIXTURE:ufo:otrt:1vc-00h,1,1
FIXTURE:ufo:otrt:2dm-000,1,1
FIXTURE:ufo:race:1v1-2gl,1,1
FIXTURE:ufo:race:1v3-1b6,1,1
